id,img,label,text,split,text_idx,pseudo_text_idx,pseudo_img_idx,gold_pc,gold_attack,pc,attack,disability_gold_pc,nationality_gold_pc,pc_empty_gold_pc,race_gold_pc,religion_gold_pc,sex_gold_pc,attack_empty_gold_attack,contempt_gold_attack,dehumanizing_gold_attack,exclusion_gold_attack,inciting_violence_gold_attack,inferiority_gold_attack,mocking_gold_attack,slurs_gold_attack,disability_pc,nationality_pc,pc_empty_pc,race_pc,religion_pc,sex_pc,attack_empty_attack,contempt_attack,dehumanizing_attack,exclusion_attack,inciting_violence_attack,inferiority_attack,mocking_attack,slurs_attack
2973,img/02973.png,0.0,how long can i run? till the chain tightens,train,8,2,3364,['pc_empty'],['attack_empty'],['pc_empty'],['attack_empty'],0.0,0.0,1.0,0.0,0.0,0.0,1.0,0.0,0.0,0.0,0.0,0.0,0.0,0.0,0.0,0.0,1.0,0.0,0.0,0.0,1.0,0.0,0.0,0.0,0.0,0.0,0.0,0.0
2146,img/02146.png,0.0,from the bottom of my heart i would like to sincerely apologize..... for being white,train,20,3056,2958,['pc_empty'],['attack_empty'],['pc_empty'],['attack_empty'],0.0,0.0,1.0,0.0,0.0,0.0,1.0,0.0,0.0,0.0,0.0,0.0,0.0,0.0,0.0,0.0,1.0,0.0,0.0,0.0,1.0,0.0,0.0,0.0,0.0,0.0,0.0,0.0
1569,img/01569.png,0.0,when you can't decide to pre heat the oven or just throw the meal in right away,train,38,11,3825,['pc_empty'],['attack_empty'],['pc_empty'],['attack_empty'],0.0,0.0,1.0,0.0,0.0,0.0,1.0,0.0,0.0,0.0,0.0,0.0,0.0,0.0,0.0,0.0,1.0,0.0,0.0,0.0,1.0,0.0,0.0,0.0,0.0,0.0,0.0,0.0
6418,img/06418.png,0.0,1 bomb every minute,train,40,12,4914,['pc_empty'],['attack_empty'],['pc_empty'],['attack_empty'],0.0,0.0,1.0,0.0,0.0,0.0,1.0,0.0,0.0,0.0,0.0,0.0,0.0,0.0,0.0,0.0,1.0,0.0,0.0,0.0,1.0,0.0,0.0,0.0,0.0,0.0,0.0,0.0
4876,img/04876.png,0.0,goin,train,45,5592,21,['pc_empty'],['attack_empty'],['pc_empty'],['attack_empty'],0.0,0.0,1.0,0.0,0.0,0.0,1.0,0.0,0.0,0.0,0.0,0.0,0.0,0.0,0.0,0.0,1.0,0.0,0.0,0.0,1.0,0.0,0.0,0.0,0.0,0.0,0.0,0.0
2497,img/02497.png,0.0,you're a wizard motherfucker,train,59,3010,2909,['pc_empty'],['attack_empty'],['pc_empty'],['attack_empty'],0.0,0.0,1.0,0.0,0.0,0.0,1.0,0.0,0.0,0.0,0.0,0.0,0.0,0.0,0.0,0.0,1.0,0.0,0.0,0.0,1.0,0.0,0.0,0.0,0.0,0.0,0.0,0.0
2476,img/02476.png,0.0,im never doing a garden again!,train,75,7275,27,['pc_empty'],['attack_empty'],['pc_empty'],['attack_empty'],0.0,0.0,1.0,0.0,0.0,0.0,1.0,0.0,0.0,0.0,0.0,0.0,0.0,0.0,0.0,0.0,1.0,0.0,0.0,0.0,1.0,0.0,0.0,0.0,0.0,0.0,0.0,0.0
6937,img/06937.png,0.0,"coming soon to your neighborhood 300,000 islamic heathens demanding the usa change to suit thier sick religion",train,76,4964,4916,['religion'],['dehumanizing'],['religion'],"['dehumanizing', 'contempt']",0.0,0.0,0.0,0.0,1.0,0.0,0.0,0.0,1.0,0.0,0.0,0.0,0.0,0.0,0.0,0.0,0.0,0.0,1.0,0.0,0.0,1.0,1.0,0.0,0.0,0.0,0.0,0.0
5762,img/05762.png,0.0,"listen bitch, before you start fucking with me you should know my team is bigger",train,77,6092,6026,['pc_empty'],['attack_empty'],['pc_empty'],['attack_empty'],0.0,0.0,1.0,0.0,0.0,0.0,1.0,0.0,0.0,0.0,0.0,0.0,0.0,0.0,0.0,0.0,1.0,0.0,0.0,0.0,1.0,0.0,0.0,0.0,0.0,0.0,0.0,0.0
5384,img/05384.png,0.0,spending quality time with dad,train,100,32,2219,['pc_empty'],['attack_empty'],['pc_empty'],['attack_empty'],0.0,0.0,1.0,0.0,0.0,0.0,1.0,0.0,0.0,0.0,0.0,0.0,0.0,0.0,0.0,0.0,1.0,0.0,0.0,0.0,1.0,0.0,0.0,0.0,0.0,0.0,0.0,0.0
1845,img/01845.png,0.0,when you consume too much trans fat,train,101,33,4549,['pc_empty'],['attack_empty'],['pc_empty'],['attack_empty'],0.0,0.0,1.0,0.0,0.0,0.0,1.0,0.0,0.0,0.0,0.0,0.0,0.0,0.0,0.0,0.0,1.0,0.0,0.0,0.0,1.0,0.0,0.0,0.0,0.0,0.0,0.0,0.0
5249,img/05249.png,0.0,i am still so confused about the strategies in this game,train,113,2361,2250,['pc_empty'],['attack_empty'],['pc_empty'],['attack_empty'],0.0,0.0,1.0,0.0,0.0,0.0,1.0,0.0,0.0,0.0,0.0,0.0,0.0,0.0,0.0,0.0,1.0,0.0,0.0,0.0,1.0,0.0,0.0,0.0,0.0,0.0,0.0,0.0
3271,img/03271.png,0.0,when your wife and girlfriend dont get along,train,124,2335,46,['pc_empty'],['attack_empty'],['pc_empty'],['attack_empty'],0.0,0.0,1.0,0.0,0.0,0.0,1.0,0.0,0.0,0.0,0.0,0.0,0.0,0.0,0.0,0.0,1.0,0.0,0.0,0.0,1.0,0.0,0.0,0.0,0.0,0.0,0.0,0.0
3258,img/03258.png,1.0,"i heard we can get free steroids in australia please help feed and house this poor, defenceless refugee. don't be racist and let me in!",train,155,2461,2352,['nationality'],['exclusion'],"['nationality', 'race']",['exclusion'],0.0,1.0,0.0,0.0,0.0,0.0,0.0,0.0,0.0,1.0,0.0,0.0,0.0,0.0,0.0,1.0,0.0,1.0,0.0,0.0,0.0,0.0,0.0,1.0,0.0,0.0,0.0,0.0
6431,img/06431.png,0.0,when the employee asks what bra size you wear,train,158,6386,59,['pc_empty'],['attack_empty'],['pc_empty'],['attack_empty'],0.0,0.0,1.0,0.0,0.0,0.0,1.0,0.0,0.0,0.0,0.0,0.0,0.0,0.0,0.0,0.0,1.0,0.0,0.0,0.0,1.0,0.0,0.0,0.0,0.0,0.0,0.0,0.0
5172,img/05172.png,0.0,islam is the religion of peace! if you don't agree i kill you!,train,162,57,60,['religion'],['dehumanizing'],['religion'],"['dehumanizing', 'inciting_violence']",0.0,0.0,0.0,0.0,1.0,0.0,0.0,0.0,1.0,0.0,0.0,0.0,0.0,0.0,0.0,0.0,0.0,0.0,1.0,0.0,0.0,0.0,1.0,0.0,1.0,0.0,0.0,0.0
6873,img/06873.png,1.0,just got a bootleg copy of muslim porn deep goat,train,172,63,1757,['religion'],['dehumanizing'],['religion'],['dehumanizing'],0.0,0.0,0.0,0.0,1.0,0.0,0.0,0.0,1.0,0.0,0.0,0.0,0.0,0.0,0.0,0.0,0.0,0.0,1.0,0.0,0.0,0.0,1.0,0.0,0.0,0.0,0.0,0.0
6359,img/06359.png,0.0,what women think they'll do when the economy collapses vs what they'll actually do,train,174,64,2293,['pc_empty'],['attack_empty'],['pc_empty'],['attack_empty'],0.0,0.0,1.0,0.0,0.0,0.0,1.0,0.0,0.0,0.0,0.0,0.0,0.0,0.0,0.0,0.0,1.0,0.0,0.0,0.0,1.0,0.0,0.0,0.0,0.0,0.0,0.0,0.0
5712,img/05712.png,0.0,god will forgive you no matter what you've done sweet,train,183,68,4430,['pc_empty'],['attack_empty'],['pc_empty'],['attack_empty'],0.0,0.0,1.0,0.0,0.0,0.0,1.0,0.0,0.0,0.0,0.0,0.0,0.0,0.0,0.0,0.0,1.0,0.0,0.0,0.0,1.0,0.0,0.0,0.0,0.0,0.0,0.0,0.0
4823,img/04823.png,0.0,definitely a new cultural era!,train,202,4153,4067,['pc_empty'],['attack_empty'],['pc_empty'],['attack_empty'],0.0,0.0,1.0,0.0,0.0,0.0,1.0,0.0,0.0,0.0,0.0,0.0,0.0,0.0,0.0,0.0,1.0,0.0,0.0,0.0,1.0,0.0,0.0,0.0,0.0,0.0,0.0,0.0
2691,img/02691.png,0.0,teaching them how to hunt young,train,214,3375,83,['pc_empty'],['attack_empty'],['pc_empty'],['attack_empty'],0.0,0.0,1.0,0.0,0.0,0.0,1.0,0.0,0.0,0.0,0.0,0.0,0.0,0.0,0.0,0.0,1.0,0.0,0.0,0.0,1.0,0.0,0.0,0.0,0.0,0.0,0.0,0.0
4683,img/04683.png,0.0,"when you make a meme using a different language that everyone can still understand: no es mucho, pero es trabajo honesto",train,222,5113,5047,['pc_empty'],['attack_empty'],['pc_empty'],['attack_empty'],0.0,0.0,1.0,0.0,0.0,0.0,1.0,0.0,0.0,0.0,0.0,0.0,0.0,0.0,0.0,0.0,1.0,0.0,0.0,0.0,1.0,0.0,0.0,0.0,0.0,0.0,0.0,0.0
2485,img/02485.png,0.0,real friendship is sending them a link to something terrible so you can both be traumatised at the same time i torture all my friends. it's how i show love,train,236,4954,4899,['pc_empty'],['attack_empty'],['pc_empty'],['attack_empty'],0.0,0.0,1.0,0.0,0.0,0.0,1.0,0.0,0.0,0.0,0.0,0.0,0.0,0.0,0.0,0.0,1.0,0.0,0.0,0.0,1.0,0.0,0.0,0.0,0.0,0.0,0.0,0.0
5269,img/05269.png,0.0,been talking shit about trump since day one. now crying like bitches after getting called out,train,255,88,93,['pc_empty'],['attack_empty'],['pc_empty'],['attack_empty'],0.0,0.0,1.0,0.0,0.0,0.0,1.0,0.0,0.0,0.0,0.0,0.0,0.0,0.0,0.0,0.0,1.0,0.0,0.0,0.0,1.0,0.0,0.0,0.0,0.0,0.0,0.0,0.0
6458,img/06458.png,0.0,"oh, you're tired of my anti-trump posts? why don't you pray for me to stop?",train,259,89,4237,['pc_empty'],['attack_empty'],['pc_empty'],['attack_empty'],0.0,0.0,1.0,0.0,0.0,0.0,1.0,0.0,0.0,0.0,0.0,0.0,0.0,0.0,0.0,0.0,1.0,0.0,0.0,0.0,1.0,0.0,0.0,0.0,0.0,0.0,0.0,0.0
4175,img/04175.png,1.0,im not racist because racism is a crime and crime is for black people,train,292,5332,5261,['race'],['dehumanizing'],['race'],['dehumanizing'],0.0,0.0,0.0,1.0,0.0,0.0,0.0,0.0,1.0,0.0,0.0,0.0,0.0,0.0,0.0,0.0,0.0,1.0,0.0,0.0,0.0,0.0,1.0,0.0,0.0,0.0,0.0,0.0
3241,img/03241.png,1.0,when black people make white jokes when white people make black jokes,train,305,104,3257,['pc_empty'],['attack_empty'],['pc_empty'],['attack_empty'],0.0,0.0,1.0,0.0,0.0,0.0,1.0,0.0,0.0,0.0,0.0,0.0,0.0,0.0,0.0,0.0,1.0,0.0,0.0,0.0,1.0,0.0,0.0,0.0,0.0,0.0,0.0,0.0
2139,img/02139.png,0.0,no less beautiful,train,317,2329,117,['pc_empty'],['attack_empty'],['pc_empty'],['attack_empty'],0.0,0.0,1.0,0.0,0.0,0.0,1.0,0.0,0.0,0.0,0.0,0.0,0.0,0.0,0.0,0.0,1.0,0.0,0.0,0.0,1.0,0.0,0.0,0.0,0.0,0.0,0.0,0.0
6832,img/06832.png,1.0,government shills hate him!!! <<< this aussie shitposter removes 50 muslims with this one weird trick and basically you are fucking accelerated!,train,319,1949,1850,"['religion', 'nationality']",['exclusion'],"['nationality', 'religion']","['inferiority', 'contempt', 'exclusion']",0.0,1.0,0.0,0.0,1.0,0.0,0.0,0.0,0.0,1.0,0.0,0.0,0.0,0.0,0.0,1.0,0.0,0.0,1.0,0.0,0.0,1.0,0.0,1.0,0.0,1.0,0.0,0.0
4278,img/04278.png,0.0,never let someone who has done nothing tell you how to do anything,train,322,5627,118,['pc_empty'],['attack_empty'],['pc_empty'],['attack_empty'],0.0,0.0,1.0,0.0,0.0,0.0,1.0,0.0,0.0,0.0,0.0,0.0,0.0,0.0,0.0,0.0,1.0,0.0,0.0,0.0,1.0,0.0,0.0,0.0,0.0,0.0,0.0,0.0
3246,img/03246.png,0.0,mobile nun,train,332,2179,120,['pc_empty'],['attack_empty'],['pc_empty'],['attack_empty'],0.0,0.0,1.0,0.0,0.0,0.0,1.0,0.0,0.0,0.0,0.0,0.0,0.0,0.0,0.0,0.0,1.0,0.0,0.0,0.0,1.0,0.0,0.0,0.0,0.0,0.0,0.0,0.0
1389,img/01389.png,0.0,confession-every sunday around brunch time i take my cat to the mall and make people take pictures of us,train,347,5787,5726,['pc_empty'],['attack_empty'],['pc_empty'],['attack_empty'],0.0,0.0,1.0,0.0,0.0,0.0,1.0,0.0,0.0,0.0,0.0,0.0,0.0,0.0,0.0,0.0,1.0,0.0,0.0,0.0,1.0,0.0,0.0,0.0,0.0,0.0,0.0,0.0
6471,img/06471.png,1.0,"colin kaepernick and his evil white oppressors oh wait, those are his parents!",train,357,3856,3767,['race'],['inferiority'],['race'],['inferiority'],0.0,0.0,0.0,1.0,0.0,0.0,0.0,0.0,0.0,0.0,0.0,1.0,0.0,0.0,0.0,0.0,0.0,1.0,0.0,0.0,0.0,0.0,0.0,0.0,0.0,1.0,0.0,0.0
7698,img/07698.png,0.0,"go ahead, call the cops see who cums first",train,358,6439,6347,['pc_empty'],['attack_empty'],['pc_empty'],['attack_empty'],0.0,0.0,1.0,0.0,0.0,0.0,1.0,0.0,0.0,0.0,0.0,0.0,0.0,0.0,0.0,0.0,1.0,0.0,0.0,0.0,1.0,0.0,0.0,0.0,0.0,0.0,0.0,0.0
1896,img/01896.png,0.0,terrorism is just part and parcel of living in a big city. sadiq khan london mayor tokyo: over 13 million people no islamic terrorism,train,359,7039,6923,['pc_empty'],['attack_empty'],['pc_empty'],['attack_empty'],0.0,0.0,1.0,0.0,0.0,0.0,1.0,0.0,0.0,0.0,0.0,0.0,0.0,0.0,0.0,0.0,1.0,0.0,0.0,0.0,1.0,0.0,0.0,0.0,0.0,0.0,0.0,0.0
4263,img/04263.png,1.0,holocaust jokes are offensive ann frankly aren't funny,train,366,3790,132,['religion'],['mocking'],['religion'],['mocking'],0.0,0.0,0.0,0.0,1.0,0.0,0.0,0.0,0.0,0.0,0.0,0.0,1.0,0.0,0.0,0.0,0.0,0.0,1.0,0.0,0.0,0.0,0.0,0.0,0.0,0.0,1.0,0.0
6218,img/06218.png,0.0,thats a little savage,train,379,132,5368,['pc_empty'],['attack_empty'],['pc_empty'],['attack_empty'],0.0,0.0,1.0,0.0,0.0,0.0,1.0,0.0,0.0,0.0,0.0,0.0,0.0,0.0,0.0,0.0,1.0,0.0,0.0,0.0,1.0,0.0,0.0,0.0,0.0,0.0,0.0,0.0
2849,img/02849.png,1.0,abba ree i can fryyy,train,380,5547,5502,['race'],['inferiority'],['race'],['inferiority'],0.0,0.0,0.0,1.0,0.0,0.0,0.0,0.0,0.0,0.0,0.0,1.0,0.0,0.0,0.0,0.0,0.0,1.0,0.0,0.0,0.0,0.0,0.0,0.0,0.0,1.0,0.0,0.0
5183,img/05183.png,0.0,when you run out of bras and have to hold the girls up on your own,train,404,5698,5631,['pc_empty'],['attack_empty'],['pc_empty'],['attack_empty'],0.0,0.0,1.0,0.0,0.0,0.0,1.0,0.0,0.0,0.0,0.0,0.0,0.0,0.0,0.0,0.0,1.0,0.0,0.0,0.0,1.0,0.0,0.0,0.0,0.0,0.0,0.0,0.0
3251,img/03251.png,0.0,it is disgusting to laugh at gender dysphoria,train,425,144,153,['pc_empty'],['attack_empty'],['pc_empty'],['attack_empty'],0.0,0.0,1.0,0.0,0.0,0.0,1.0,0.0,0.0,0.0,0.0,0.0,0.0,0.0,0.0,0.0,1.0,0.0,0.0,0.0,1.0,0.0,0.0,0.0,0.0,0.0,0.0,0.0
4651,img/04651.png,0.0,what every muslim looks like to me,train,428,145,7173,['pc_empty'],['attack_empty'],['pc_empty'],['attack_empty'],0.0,0.0,1.0,0.0,0.0,0.0,1.0,0.0,0.0,0.0,0.0,0.0,0.0,0.0,0.0,0.0,1.0,0.0,0.0,0.0,1.0,0.0,0.0,0.0,0.0,0.0,0.0,0.0
5129,img/05129.png,1.0,"you ever get laid in a sleeping bag? it's awful. you can't even move, you're drenched in sweat, and your scout master is covering your mouth",train,456,6680,6569,['pc_empty'],['attack_empty'],['pc_empty'],['attack_empty'],0.0,0.0,1.0,0.0,0.0,0.0,1.0,0.0,0.0,0.0,0.0,0.0,0.0,0.0,0.0,0.0,1.0,0.0,0.0,0.0,1.0,0.0,0.0,0.0,0.0,0.0,0.0,0.0
7249,img/07249.png,0.0,obama throws first pitch at an all-star game,train,465,6825,6713,['pc_empty'],['attack_empty'],['pc_empty'],['attack_empty'],0.0,0.0,1.0,0.0,0.0,0.0,1.0,0.0,0.0,0.0,0.0,0.0,0.0,0.0,0.0,0.0,1.0,0.0,0.0,0.0,1.0,0.0,0.0,0.0,0.0,0.0,0.0,0.0
4568,img/04568.png,0.0,me during no shave november,train,472,6847,163,['pc_empty'],['attack_empty'],['pc_empty'],['attack_empty'],0.0,0.0,1.0,0.0,0.0,0.0,1.0,0.0,0.0,0.0,0.0,0.0,0.0,0.0,0.0,0.0,1.0,0.0,0.0,0.0,1.0,0.0,0.0,0.0,0.0,0.0,0.0,0.0
4253,img/04253.png,0.0,sad world history,train,480,6935,166,['pc_empty'],['attack_empty'],['pc_empty'],['attack_empty'],0.0,0.0,1.0,0.0,0.0,0.0,1.0,0.0,0.0,0.0,0.0,0.0,0.0,0.0,0.0,0.0,1.0,0.0,0.0,0.0,1.0,0.0,0.0,0.0,0.0,0.0,0.0,0.0
3685,img/03685.png,0.0,not all angels reside in heaven.. many walk the battlefield.,train,483,7169,7049,['pc_empty'],['attack_empty'],['pc_empty'],['attack_empty'],0.0,0.0,1.0,0.0,0.0,0.0,1.0,0.0,0.0,0.0,0.0,0.0,0.0,0.0,0.0,0.0,1.0,0.0,0.0,0.0,1.0,0.0,0.0,0.0,0.0,0.0,0.0,0.0
7192,img/07192.png,1.0,when you're a nazi officer and someone gives you the name and location of a jewish family,train,488,6140,6073,['religion'],['mocking'],['religion'],"['mocking', 'inciting_violence']",0.0,0.0,0.0,0.0,1.0,0.0,0.0,0.0,0.0,0.0,0.0,0.0,1.0,0.0,0.0,0.0,0.0,0.0,1.0,0.0,0.0,0.0,0.0,0.0,1.0,0.0,1.0,0.0
1392,img/01392.png,0.0,hello jesus thanks for making a way!,train,489,7068,6954,['pc_empty'],['attack_empty'],['pc_empty'],['attack_empty'],0.0,0.0,1.0,0.0,0.0,0.0,1.0,0.0,0.0,0.0,0.0,0.0,0.0,0.0,0.0,0.0,1.0,0.0,0.0,0.0,1.0,0.0,0.0,0.0,0.0,0.0,0.0,0.0
1524,img/01524.png,1.0,when you catch your goat with another man,train,494,170,171,['pc_empty'],['attack_empty'],['pc_empty'],['attack_empty'],0.0,0.0,1.0,0.0,0.0,0.0,1.0,0.0,0.0,0.0,0.0,0.0,0.0,0.0,0.0,0.0,1.0,0.0,0.0,0.0,1.0,0.0,0.0,0.0,0.0,0.0,0.0,0.0
4326,img/04326.png,1.0,when the chow mein was on point but you kinda miss your cat,train,501,2155,173,['race'],['attack_empty'],"['nationality', 'race']",[],0.0,0.0,0.0,1.0,0.0,0.0,1.0,0.0,0.0,0.0,0.0,0.0,0.0,0.0,0.0,1.0,0.0,1.0,0.0,0.0,0.0,0.0,0.0,0.0,0.0,0.0,0.0,0.0
4296,img/04296.png,0.0,now imagine if native american cowboys rode bicycles,train,517,2960,2847,['pc_empty'],['attack_empty'],['pc_empty'],['attack_empty'],0.0,0.0,1.0,0.0,0.0,0.0,1.0,0.0,0.0,0.0,0.0,0.0,0.0,0.0,0.0,0.0,1.0,0.0,0.0,0.0,1.0,0.0,0.0,0.0,0.0,0.0,0.0,0.0
1658,img/01658.png,0.0,first rule of fight club.,train,519,6209,6137,['pc_empty'],['attack_empty'],['pc_empty'],['attack_empty'],0.0,0.0,1.0,0.0,0.0,0.0,1.0,0.0,0.0,0.0,0.0,0.0,0.0,0.0,0.0,0.0,1.0,0.0,0.0,0.0,1.0,0.0,0.0,0.0,0.0,0.0,0.0,0.0
4325,img/04325.png,0.0,its a 3-day weekend pace yourself,train,558,3547,3441,['pc_empty'],['attack_empty'],['pc_empty'],['attack_empty'],0.0,0.0,1.0,0.0,0.0,0.0,1.0,0.0,0.0,0.0,0.0,0.0,0.0,0.0,0.0,0.0,1.0,0.0,0.0,0.0,1.0,0.0,0.0,0.0,0.0,0.0,0.0,0.0
7258,img/07258.png,1.0,"some crazy rez girls be like: ""if you ever leave me, i'll punch myself in the face and tell cops you did it""",train,559,6135,6069,['pc_empty'],['attack_empty'],['pc_empty'],['attack_empty'],0.0,0.0,1.0,0.0,0.0,0.0,1.0,0.0,0.0,0.0,0.0,0.0,0.0,0.0,0.0,0.0,1.0,0.0,0.0,0.0,1.0,0.0,0.0,0.0,0.0,0.0,0.0,0.0
4162,img/04162.png,0.0,one of the most brillant minds in science,train,561,6482,192,['pc_empty'],['attack_empty'],['pc_empty'],['attack_empty'],0.0,0.0,1.0,0.0,0.0,0.0,1.0,0.0,0.0,0.0,0.0,0.0,0.0,0.0,0.0,0.0,1.0,0.0,0.0,0.0,1.0,0.0,0.0,0.0,0.0,0.0,0.0,0.0
6357,img/06357.png,0.0,it's time to stop this,train,562,5963,193,['pc_empty'],['attack_empty'],['pc_empty'],['attack_empty'],0.0,0.0,1.0,0.0,0.0,0.0,1.0,0.0,0.0,0.0,0.0,0.0,0.0,0.0,0.0,0.0,1.0,0.0,0.0,0.0,1.0,0.0,0.0,0.0,0.0,0.0,0.0,0.0
7591,img/07591.png,0.0,democrats claim daca kids shouldn't t have to pay for their parent's crimes.. ...but white people are still responsible for 17th century slave owners??,train,585,196,6820,['pc_empty'],['attack_empty'],['pc_empty'],['attack_empty'],0.0,0.0,1.0,0.0,0.0,0.0,1.0,0.0,0.0,0.0,0.0,0.0,0.0,0.0,0.0,0.0,1.0,0.0,0.0,0.0,1.0,0.0,0.0,0.0,0.0,0.0,0.0,0.0
6483,img/06483.png,1.0,"one day, long, long ago, there lived a woman who did not whine, nag or bitch. but it was a long time ago, and it was just one day. ~the end~",train,590,5711,5646,['sex'],['inferiority'],['sex'],"['inferiority', 'contempt']",0.0,0.0,0.0,0.0,0.0,1.0,0.0,0.0,0.0,0.0,0.0,1.0,0.0,0.0,0.0,0.0,0.0,0.0,0.0,1.0,0.0,1.0,0.0,0.0,0.0,1.0,0.0,0.0
1492,img/01492.png,0.0,i don't like the sun so i wear a visor,train,606,3772,35,['pc_empty'],['attack_empty'],['pc_empty'],['attack_empty'],0.0,0.0,1.0,0.0,0.0,0.0,1.0,0.0,0.0,0.0,0.0,0.0,0.0,0.0,0.0,0.0,1.0,0.0,0.0,0.0,1.0,0.0,0.0,0.0,0.0,0.0,0.0,0.0
3957,img/03957.png,0.0,lawn darts muslim style,train,633,212,6677,['pc_empty'],['attack_empty'],['pc_empty'],['attack_empty'],0.0,0.0,1.0,0.0,0.0,0.0,1.0,0.0,0.0,0.0,0.0,0.0,0.0,0.0,0.0,0.0,1.0,0.0,0.0,0.0,1.0,0.0,0.0,0.0,0.0,0.0,0.0,0.0
1526,img/01526.png,0.0,put the money in a bag. now! that will be $0.15,train,649,3160,3061,['pc_empty'],['attack_empty'],['pc_empty'],['attack_empty'],0.0,0.0,1.0,0.0,0.0,0.0,1.0,0.0,0.0,0.0,0.0,0.0,0.0,0.0,0.0,0.0,1.0,0.0,0.0,0.0,1.0,0.0,0.0,0.0,0.0,0.0,0.0,0.0
2519,img/02519.png,1.0,it's funny because he's fat!,train,684,4126,4045,['pc_empty'],['attack_empty'],['pc_empty'],['attack_empty'],0.0,0.0,1.0,0.0,0.0,0.0,1.0,0.0,0.0,0.0,0.0,0.0,0.0,0.0,0.0,0.0,1.0,0.0,0.0,0.0,1.0,0.0,0.0,0.0,0.0,0.0,0.0,0.0
5984,img/05984.png,0.0,removes polish with chemicals nobody bats an eye removes polish with chemicals everyrody loses his shit,train,694,231,1833,['pc_empty'],['attack_empty'],['pc_empty'],['attack_empty'],0.0,0.0,1.0,0.0,0.0,0.0,1.0,0.0,0.0,0.0,0.0,0.0,0.0,0.0,0.0,0.0,1.0,0.0,0.0,0.0,1.0,0.0,0.0,0.0,0.0,0.0,0.0,0.0
3298,img/03298.png,0.0,thanks for visiting,train,707,3925,235,['pc_empty'],['attack_empty'],['pc_empty'],['attack_empty'],0.0,0.0,1.0,0.0,0.0,0.0,1.0,0.0,0.0,0.0,0.0,0.0,0.0,0.0,0.0,0.0,1.0,0.0,0.0,0.0,1.0,0.0,0.0,0.0,0.0,0.0,0.0,0.0
3187,img/03187.png,0.0,every dad: *shaves beard* his own baby: i've never met this man in my life,train,730,2978,2869,['pc_empty'],['attack_empty'],['pc_empty'],['attack_empty'],0.0,0.0,1.0,0.0,0.0,0.0,1.0,0.0,0.0,0.0,0.0,0.0,0.0,0.0,0.0,0.0,1.0,0.0,0.0,0.0,1.0,0.0,0.0,0.0,0.0,0.0,0.0,0.0
3574,img/03574.png,0.0,pull up your pants and back away from the goat!!,train,731,242,6734,['pc_empty'],['attack_empty'],['pc_empty'],['attack_empty'],0.0,0.0,1.0,0.0,0.0,0.0,1.0,0.0,0.0,0.0,0.0,0.0,0.0,0.0,0.0,0.0,1.0,0.0,0.0,0.0,1.0,0.0,0.0,0.0,0.0,0.0,0.0,0.0
5841,img/05841.png,1.0,what's worse than ants in your pants? uncles,train,735,244,5239,['pc_empty'],['attack_empty'],['pc_empty'],['attack_empty'],0.0,0.0,1.0,0.0,0.0,0.0,1.0,0.0,0.0,0.0,0.0,0.0,0.0,0.0,0.0,0.0,1.0,0.0,0.0,0.0,1.0,0.0,0.0,0.0,0.0,0.0,0.0,0.0
4798,img/04798.png,0.0,are you bored? join spastics with special admin powers now,train,753,251,3179,['pc_empty'],['attack_empty'],['pc_empty'],['attack_empty'],0.0,0.0,1.0,0.0,0.0,0.0,1.0,0.0,0.0,0.0,0.0,0.0,0.0,0.0,0.0,0.0,1.0,0.0,0.0,0.0,1.0,0.0,0.0,0.0,0.0,0.0,0.0,0.0
1475,img/01475.png,1.0,last time muslims invaded europe vlad stuck poles up their asses and made a fucking forest be like vlad,train,770,6371,6281,['religion'],['inciting_violence'],"['race', 'religion']",['inciting_violence'],0.0,0.0,0.0,0.0,1.0,0.0,0.0,0.0,0.0,0.0,1.0,0.0,0.0,0.0,0.0,0.0,0.0,1.0,1.0,0.0,0.0,0.0,0.0,0.0,1.0,0.0,0.0,0.0
2841,img/02841.png,0.0,birthday because i don't care if it's happy,train,796,4733,260,['pc_empty'],['attack_empty'],['pc_empty'],['attack_empty'],0.0,0.0,1.0,0.0,0.0,0.0,1.0,0.0,0.0,0.0,0.0,0.0,0.0,0.0,0.0,0.0,1.0,0.0,0.0,0.0,1.0,0.0,0.0,0.0,0.0,0.0,0.0,0.0
6392,img/06392.png,0.0,don't forget guys may is buy your wife a new gun month,train,813,2921,2806,['pc_empty'],['attack_empty'],['pc_empty'],['attack_empty'],0.0,0.0,1.0,0.0,0.0,0.0,1.0,0.0,0.0,0.0,0.0,0.0,0.0,0.0,0.0,0.0,1.0,0.0,0.0,0.0,1.0,0.0,0.0,0.0,0.0,0.0,0.0,0.0
3971,img/03971.png,0.0,so i was sucking on her t*ts then the husband walks in and i just sk*t myself,train,816,4942,87,['pc_empty'],['attack_empty'],['pc_empty'],['attack_empty'],0.0,0.0,1.0,0.0,0.0,0.0,1.0,0.0,0.0,0.0,0.0,0.0,0.0,0.0,0.0,0.0,1.0,0.0,0.0,0.0,1.0,0.0,0.0,0.0,0.0,0.0,0.0,0.0
5123,img/05123.png,1.0,when cops question someone who just got robbed did anything seem strange? like maybe something black?,train,849,5713,5650,['race'],['dehumanizing'],['race'],['dehumanizing'],0.0,0.0,0.0,1.0,0.0,0.0,0.0,0.0,1.0,0.0,0.0,0.0,0.0,0.0,0.0,0.0,0.0,1.0,0.0,0.0,0.0,0.0,1.0,0.0,0.0,0.0,0.0,0.0
6439,img/06439.png,0.0,back to the... hall of fame 19th annual rock and roll,train,862,3807,281,['pc_empty'],['attack_empty'],['pc_empty'],['attack_empty'],0.0,0.0,1.0,0.0,0.0,0.0,1.0,0.0,0.0,0.0,0.0,0.0,0.0,0.0,0.0,0.0,1.0,0.0,0.0,0.0,1.0,0.0,0.0,0.0,0.0,0.0,0.0,0.0
5798,img/05798.png,0.0,when they become besties over the same dude,train,863,5612,5546,['pc_empty'],['attack_empty'],['pc_empty'],['attack_empty'],0.0,0.0,1.0,0.0,0.0,0.0,1.0,0.0,0.0,0.0,0.0,0.0,0.0,0.0,0.0,0.0,1.0,0.0,0.0,0.0,1.0,0.0,0.0,0.0,0.0,0.0,0.0,0.0
7124,img/07124.png,0.0,how to wink at a muslim,train,880,6296,6215,['pc_empty'],['attack_empty'],['pc_empty'],['attack_empty'],0.0,0.0,1.0,0.0,0.0,0.0,1.0,0.0,0.0,0.0,0.0,0.0,0.0,0.0,0.0,0.0,1.0,0.0,0.0,0.0,1.0,0.0,0.0,0.0,0.0,0.0,0.0,0.0
2769,img/02769.png,0.0,"think we just discovered ""cop crack"" bacon wrapped donuts mother of god",train,887,2003,1899,['pc_empty'],['attack_empty'],['pc_empty'],['attack_empty'],0.0,0.0,1.0,0.0,0.0,0.0,1.0,0.0,0.0,0.0,0.0,0.0,0.0,0.0,0.0,0.0,1.0,0.0,0.0,0.0,1.0,0.0,0.0,0.0,0.0,0.0,0.0,0.0
6239,img/06239.png,0.0,cameraman: i don't understan- psychic kid: trust me this will be really funny someday,train,890,298,4772,['pc_empty'],['attack_empty'],['pc_empty'],['attack_empty'],0.0,0.0,1.0,0.0,0.0,0.0,1.0,0.0,0.0,0.0,0.0,0.0,0.0,0.0,0.0,0.0,1.0,0.0,0.0,0.0,1.0,0.0,0.0,0.0,0.0,0.0,0.0,0.0
6798,img/06798.png,0.0,news from 20th century,train,899,6597,292,['pc_empty'],['attack_empty'],['pc_empty'],['attack_empty'],0.0,0.0,1.0,0.0,0.0,0.0,1.0,0.0,0.0,0.0,0.0,0.0,0.0,0.0,0.0,0.0,1.0,0.0,0.0,0.0,1.0,0.0,0.0,0.0,0.0,0.0,0.0,0.0
7615,img/07615.png,0.0,i put the ape in rape,train,927,308,2151,['pc_empty'],['attack_empty'],['pc_empty'],['attack_empty'],0.0,0.0,1.0,0.0,0.0,0.0,1.0,0.0,0.0,0.0,0.0,0.0,0.0,0.0,0.0,0.0,1.0,0.0,0.0,0.0,1.0,0.0,0.0,0.0,0.0,0.0,0.0,0.0
6197,img/06197.png,0.0,want proof firefighters do it better? ask a police officer's wife,train,945,6001,304,['pc_empty'],['attack_empty'],['pc_empty'],['attack_empty'],0.0,0.0,1.0,0.0,0.0,0.0,1.0,0.0,0.0,0.0,0.0,0.0,0.0,0.0,0.0,0.0,1.0,0.0,0.0,0.0,1.0,0.0,0.0,0.0,0.0,0.0,0.0,0.0
7215,img/07215.png,0.0,"dogs are cute, great compantions, and can be taught to obey and protect. a better option than a gun",train,955,7369,309,['pc_empty'],['attack_empty'],['pc_empty'],['attack_empty'],0.0,0.0,1.0,0.0,0.0,0.0,1.0,0.0,0.0,0.0,0.0,0.0,0.0,0.0,0.0,0.0,1.0,0.0,0.0,0.0,1.0,0.0,0.0,0.0,0.0,0.0,0.0,0.0
7312,img/07312.png,0.0,yeah bitches totalinarism is a sham,train,960,3435,312,['pc_empty'],['attack_empty'],['pc_empty'],['attack_empty'],0.0,0.0,1.0,0.0,0.0,0.0,1.0,0.0,0.0,0.0,0.0,0.0,0.0,0.0,0.0,0.0,1.0,0.0,0.0,0.0,1.0,0.0,0.0,0.0,0.0,0.0,0.0,0.0
6893,img/06893.png,1.0,you rape em we scrape em no fetus can defetus,train,962,316,5277,['sex'],['inciting_violence'],['sex'],['inciting_violence'],0.0,0.0,0.0,0.0,0.0,1.0,0.0,0.0,0.0,0.0,1.0,0.0,0.0,0.0,0.0,0.0,0.0,0.0,0.0,1.0,0.0,0.0,0.0,0.0,1.0,0.0,0.0,0.0
2947,img/02947.png,0.0,meanwhile at the isis strip club,train,117,39,41,['pc_empty'],['attack_empty'],['pc_empty'],['attack_empty'],0.0,0.0,1.0,0.0,0.0,0.0,1.0,0.0,0.0,0.0,0.0,0.0,0.0,0.0,0.0,0.0,1.0,0.0,0.0,0.0,1.0,0.0,0.0,0.0,0.0,0.0,0.0,0.0
6153,img/06153.png,0.0,i had a bad dream about the ku klux klan,train,965,5007,313,['pc_empty'],['attack_empty'],['pc_empty'],['attack_empty'],0.0,0.0,1.0,0.0,0.0,0.0,1.0,0.0,0.0,0.0,0.0,0.0,0.0,0.0,0.0,0.0,1.0,0.0,0.0,0.0,1.0,0.0,0.0,0.0,0.0,0.0,0.0,0.0
1642,img/01642.png,1.0,this would be racist if black people could read,train,827,280,4913,['race'],"['inferiority', 'contempt']",['race'],"['inferiority', 'contempt']",0.0,0.0,0.0,1.0,0.0,0.0,0.0,1.0,0.0,0.0,0.0,1.0,0.0,0.0,0.0,0.0,0.0,1.0,0.0,0.0,0.0,1.0,0.0,0.0,0.0,1.0,0.0,0.0
1468,img/01468.png,0.0,"assad: my son exploded better than yours, lol hamid:",train,979,321,5513,['pc_empty'],['attack_empty'],['pc_empty'],['attack_empty'],0.0,0.0,1.0,0.0,0.0,0.0,1.0,0.0,0.0,0.0,0.0,0.0,0.0,0.0,0.0,0.0,1.0,0.0,0.0,0.0,1.0,0.0,0.0,0.0,0.0,0.0,0.0,0.0
7826,img/07826.png,0.0,any time you have to rely upon your enemy for a job you're in bad shape!,train,996,4254,4180,['pc_empty'],['attack_empty'],['pc_empty'],['attack_empty'],0.0,0.0,1.0,0.0,0.0,0.0,1.0,0.0,0.0,0.0,0.0,0.0,0.0,0.0,0.0,0.0,1.0,0.0,0.0,0.0,1.0,0.0,0.0,0.0,0.0,0.0,0.0,0.0
1275,img/01275.png,0.0,if you think t willl stop eating palony and viannas voetsek!!! stupid no brain here,train,997,7155,7043,['pc_empty'],['attack_empty'],['pc_empty'],['attack_empty'],0.0,0.0,1.0,0.0,0.0,0.0,1.0,0.0,0.0,0.0,0.0,0.0,0.0,0.0,0.0,0.0,1.0,0.0,0.0,0.0,1.0,0.0,0.0,0.0,0.0,0.0,0.0,0.0
4762,img/04762.png,0.0,scientist are working hard to cure them all,train,1010,330,3320,['pc_empty'],['attack_empty'],['pc_empty'],['attack_empty'],0.0,0.0,1.0,0.0,0.0,0.0,1.0,0.0,0.0,0.0,0.0,0.0,0.0,0.0,0.0,0.0,1.0,0.0,0.0,0.0,1.0,0.0,0.0,0.0,0.0,0.0,0.0,0.0
7234,img/07234.png,0.0,that's enough facebook for today this sammich isn't going to make itself,train,1021,335,5827,['pc_empty'],['attack_empty'],['pc_empty'],['attack_empty'],0.0,0.0,1.0,0.0,0.0,0.0,1.0,0.0,0.0,0.0,0.0,0.0,0.0,0.0,0.0,0.0,1.0,0.0,0.0,0.0,1.0,0.0,0.0,0.0,0.0,0.0,0.0,0.0
3927,img/03927.png,1.0,after group sex mohammed is very tired,train,1025,337,257,['religion'],['dehumanizing'],"['nationality', 'religion', 'race']",['dehumanizing'],0.0,0.0,0.0,0.0,1.0,0.0,0.0,0.0,1.0,0.0,0.0,0.0,0.0,0.0,0.0,1.0,0.0,1.0,1.0,0.0,0.0,0.0,1.0,0.0,0.0,0.0,0.0,0.0
1793,img/01793.png,1.0,don't mind me i'm only watering my muslims,train,1036,2568,2450,['religion'],['inciting_violence'],['religion'],"['dehumanizing', 'inciting_violence']",0.0,0.0,0.0,0.0,1.0,0.0,0.0,0.0,0.0,0.0,1.0,0.0,0.0,0.0,0.0,0.0,0.0,0.0,1.0,0.0,0.0,0.0,1.0,0.0,1.0,0.0,0.0,0.0
4892,img/04892.png,0.0,send him to... meowschwitz,train,1039,345,6816,['pc_empty'],['attack_empty'],['pc_empty'],['attack_empty'],0.0,0.0,1.0,0.0,0.0,0.0,1.0,0.0,0.0,0.0,0.0,0.0,0.0,0.0,0.0,0.0,1.0,0.0,0.0,0.0,1.0,0.0,0.0,0.0,0.0,0.0,0.0,0.0
4695,img/04695.png,1.0,when a badge and gun aren't enough to cope with your fragile senses of self worth and masculinity: roadhouse!,train,1044,4007,3918,['pc_empty'],['attack_empty'],['pc_empty'],['attack_empty'],0.0,0.0,1.0,0.0,0.0,0.0,1.0,0.0,0.0,0.0,0.0,0.0,0.0,0.0,0.0,0.0,1.0,0.0,0.0,0.0,1.0,0.0,0.0,0.0,0.0,0.0,0.0,0.0
2795,img/02795.png,0.0,police academy graduation ceremony,train,1049,348,4152,['pc_empty'],['attack_empty'],['pc_empty'],['attack_empty'],0.0,0.0,1.0,0.0,0.0,0.0,1.0,0.0,0.0,0.0,0.0,0.0,0.0,0.0,0.0,0.0,1.0,0.0,0.0,0.0,1.0,0.0,0.0,0.0,0.0,0.0,0.0,0.0
5483,img/05483.png,0.0,the only thing more vile than the attitude of these anti americans.. is the absolute ignorance of the delusional people that voted for them,train,1066,2135,2024,['pc_empty'],['attack_empty'],['pc_empty'],['attack_empty'],0.0,0.0,1.0,0.0,0.0,0.0,1.0,0.0,0.0,0.0,0.0,0.0,0.0,0.0,0.0,0.0,1.0,0.0,0.0,0.0,1.0,0.0,0.0,0.0,0.0,0.0,0.0,0.0
5917,img/05917.png,1.0,stephen hawking reincarnated as a chair,train,1084,2169,34,['disability'],['inferiority'],['disability'],"['inferiority', 'dehumanizing']",1.0,0.0,0.0,0.0,0.0,0.0,0.0,0.0,0.0,0.0,0.0,1.0,0.0,0.0,1.0,0.0,0.0,0.0,0.0,0.0,0.0,0.0,1.0,0.0,0.0,1.0,0.0,0.0
1749,img/01749.png,0.0,so then we told them cannabis is dangerous and pharmaceuticals are good for you,train,1087,4090,4009,['pc_empty'],['attack_empty'],['pc_empty'],['attack_empty'],0.0,0.0,1.0,0.0,0.0,0.0,1.0,0.0,0.0,0.0,0.0,0.0,0.0,0.0,0.0,0.0,1.0,0.0,0.0,0.0,1.0,0.0,0.0,0.0,0.0,0.0,0.0,0.0
3162,img/03162.png,0.0,recruiter added me on linkedin so i guess things are getting pretty serious,train,1113,3609,3505,['pc_empty'],['attack_empty'],['pc_empty'],['attack_empty'],0.0,0.0,1.0,0.0,0.0,0.0,1.0,0.0,0.0,0.0,0.0,0.0,0.0,0.0,0.0,0.0,1.0,0.0,0.0,0.0,1.0,0.0,0.0,0.0,0.0,0.0,0.0,0.0
4591,img/04591.png,0.0,rep. ilhan omar: 9/11 was 'some people did something' here's your something 2977 people dead by terrorism,train,1158,2187,68,['pc_empty'],['attack_empty'],['pc_empty'],['attack_empty'],0.0,0.0,1.0,0.0,0.0,0.0,1.0,0.0,0.0,0.0,0.0,0.0,0.0,0.0,0.0,0.0,1.0,0.0,0.0,0.0,1.0,0.0,0.0,0.0,0.0,0.0,0.0,0.0
5372,img/05372.png,0.0,"healthcare is a right and the government should pay for it guns are a right, should the government pay for them too?",train,1163,386,2280,['pc_empty'],['attack_empty'],['pc_empty'],['attack_empty'],0.0,0.0,1.0,0.0,0.0,0.0,1.0,0.0,0.0,0.0,0.0,0.0,0.0,0.0,0.0,0.0,1.0,0.0,0.0,0.0,1.0,0.0,0.0,0.0,0.0,0.0,0.0,0.0
6412,img/06412.png,1.0,when you eat your rehab romance booty in the laundry room but she's day 3 sick,train,468,159,386,['pc_empty'],['attack_empty'],['pc_empty'],['attack_empty'],0.0,0.0,1.0,0.0,0.0,0.0,1.0,0.0,0.0,0.0,0.0,0.0,0.0,0.0,0.0,0.0,1.0,0.0,0.0,0.0,1.0,0.0,0.0,0.0,0.0,0.0,0.0,0.0
4827,img/04827.png,1.0,me: puts bag of popcorn into the microwave every one else at the senior center:,train,1199,395,232,['disability'],['inferiority'],"['disability', 'race']","['mocking', 'inferiority']",1.0,0.0,0.0,0.0,0.0,0.0,0.0,0.0,0.0,0.0,0.0,1.0,0.0,0.0,1.0,0.0,0.0,1.0,0.0,0.0,0.0,0.0,0.0,0.0,0.0,1.0,1.0,0.0
6547,img/06547.png,1.0,hide and seek european champion  1942-1944,train,1204,399,348,['religion'],['mocking'],"['nationality', 'religion']","['mocking', 'inferiority']",0.0,0.0,0.0,0.0,1.0,0.0,0.0,0.0,0.0,0.0,0.0,0.0,1.0,0.0,0.0,1.0,0.0,0.0,1.0,0.0,0.0,0.0,0.0,0.0,0.0,1.0,1.0,0.0
4912,img/04912.png,1.0,immigrantswave our flag invaders wave their own,train,1214,405,392,['nationality'],['dehumanizing'],"['nationality', 'race']","['inferiority', 'dehumanizing']",0.0,1.0,0.0,0.0,0.0,0.0,0.0,0.0,1.0,0.0,0.0,0.0,0.0,0.0,0.0,1.0,0.0,1.0,0.0,0.0,0.0,0.0,1.0,0.0,0.0,1.0,0.0,0.0
1274,img/01274.png,0.0,how you guys think you looks like but when pados wale pandit jee sees you taba renso,train,1226,410,5128,['pc_empty'],['attack_empty'],['pc_empty'],['attack_empty'],0.0,0.0,1.0,0.0,0.0,0.0,1.0,0.0,0.0,0.0,0.0,0.0,0.0,0.0,0.0,0.0,1.0,0.0,0.0,0.0,1.0,0.0,0.0,0.0,0.0,0.0,0.0,0.0
4619,img/04619.png,1.0,"the most popular, but least talked about, white trash barbie! kids b like ""not my fault you didn't pay the cable!""",train,1256,7424,7290,['race'],['dehumanizing'],['race'],['dehumanizing'],0.0,0.0,0.0,1.0,0.0,0.0,0.0,0.0,1.0,0.0,0.0,0.0,0.0,0.0,0.0,0.0,0.0,1.0,0.0,0.0,0.0,0.0,1.0,0.0,0.0,0.0,0.0,0.0
2971,img/02971.png,1.0,what do you get when you cross harvey price with a pritt stick? a sticky black spastic,train,1265,3152,3054,"['race', 'disability']",['inferiority'],"['disability', 'race']","['inferiority', 'dehumanizing']",1.0,0.0,0.0,1.0,0.0,0.0,0.0,0.0,0.0,0.0,0.0,1.0,0.0,0.0,1.0,0.0,0.0,1.0,0.0,0.0,0.0,0.0,1.0,0.0,0.0,1.0,0.0,0.0
4976,img/04976.png,0.0,shit someone added too much soap to the dishwasher again,train,1272,420,413,['pc_empty'],['attack_empty'],['pc_empty'],['attack_empty'],0.0,0.0,1.0,0.0,0.0,0.0,1.0,0.0,0.0,0.0,0.0,0.0,0.0,0.0,0.0,0.0,1.0,0.0,0.0,0.0,1.0,0.0,0.0,0.0,0.0,0.0,0.0,0.0
2987,img/02987.png,0.0,not my president not my residents,train,801,271,7145,['pc_empty'],['attack_empty'],['pc_empty'],['attack_empty'],0.0,0.0,1.0,0.0,0.0,0.0,1.0,0.0,0.0,0.0,0.0,0.0,0.0,0.0,0.0,0.0,1.0,0.0,0.0,0.0,1.0,0.0,0.0,0.0,0.0,0.0,0.0,0.0
4986,img/04986.png,0.0,the enemy within linda sarsour ocasio-cortez rashida tlaib ilhan omar,train,1297,50,5413,['pc_empty'],['attack_empty'],['pc_empty'],['attack_empty'],0.0,0.0,1.0,0.0,0.0,0.0,1.0,0.0,0.0,0.0,0.0,0.0,0.0,0.0,0.0,0.0,1.0,0.0,0.0,0.0,1.0,0.0,0.0,0.0,0.0,0.0,0.0,0.0
1974,img/01974.png,1.0,hiroshima hiroshima nagasaki everybody needs a friend,train,1323,6260,6189,['pc_empty'],['attack_empty'],['pc_empty'],['attack_empty'],0.0,0.0,1.0,0.0,0.0,0.0,1.0,0.0,0.0,0.0,0.0,0.0,0.0,0.0,0.0,0.0,1.0,0.0,0.0,0.0,1.0,0.0,0.0,0.0,0.0,0.0,0.0,0.0
7248,img/07248.png,1.0,it is disgusting to laugh at gender dysphoria,train,425,144,426,['pc_empty'],['attack_empty'],['pc_empty'],['attack_empty'],0.0,0.0,1.0,0.0,0.0,0.0,1.0,0.0,0.0,0.0,0.0,0.0,0.0,0.0,0.0,0.0,1.0,0.0,0.0,0.0,1.0,0.0,0.0,0.0,0.0,0.0,0.0,0.0
1842,img/01842.png,0.0,it's a wiener pit kinda like your mouth,train,1331,1754,1655,['pc_empty'],['attack_empty'],['pc_empty'],['attack_empty'],0.0,0.0,1.0,0.0,0.0,0.0,1.0,0.0,0.0,0.0,0.0,0.0,0.0,0.0,0.0,0.0,1.0,0.0,0.0,0.0,1.0,0.0,0.0,0.0,0.0,0.0,0.0,0.0
2457,img/02457.png,1.0,i hate when i see a black out in my neighborhood but i still offer my neighbors a candle,train,1351,446,433,['race'],['contempt'],['race'],['contempt'],0.0,0.0,0.0,1.0,0.0,0.0,0.0,1.0,0.0,0.0,0.0,0.0,0.0,0.0,0.0,0.0,0.0,1.0,0.0,0.0,0.0,1.0,0.0,0.0,0.0,0.0,0.0,0.0
7592,img/07592.png,0.0,justin come here the chevy faggots are mad again,train,1383,2825,446,['sex'],['slurs'],['sex'],['slurs'],0.0,0.0,0.0,0.0,0.0,1.0,0.0,0.0,0.0,0.0,0.0,0.0,0.0,1.0,0.0,0.0,0.0,0.0,0.0,1.0,0.0,0.0,0.0,0.0,0.0,0.0,0.0,1.0
2917,img/02917.png,1.0,islamaphobe no i just hate the mother fuckers,train,1395,4132,4050,['religion'],['contempt'],['religion'],['contempt'],0.0,0.0,0.0,0.0,1.0,0.0,0.0,1.0,0.0,0.0,0.0,0.0,0.0,0.0,0.0,0.0,0.0,0.0,1.0,0.0,0.0,1.0,0.0,0.0,0.0,0.0,0.0,0.0
3759,img/03759.png,0.0,what's the difference between hillary and putin? putin actually wins the elections he rigs,train,1396,2812,2709,['pc_empty'],['attack_empty'],['pc_empty'],['attack_empty'],0.0,0.0,1.0,0.0,0.0,0.0,1.0,0.0,0.0,0.0,0.0,0.0,0.0,0.0,0.0,0.0,1.0,0.0,0.0,0.0,1.0,0.0,0.0,0.0,0.0,0.0,0.0,0.0
2945,img/02945.png,1.0,you've been hungerstruck!,train,1082,361,449,['nationality'],['inferiority'],"['nationality', 'class']","['inferiority', 'contempt']",0.0,1.0,0.0,0.0,0.0,0.0,0.0,0.0,0.0,0.0,0.0,1.0,0.0,0.0,0.0,1.0,0.0,0.0,0.0,0.0,0.0,1.0,0.0,0.0,0.0,1.0,0.0,0.0
4786,img/04786.png,1.0,"being transgender is a mental illness it's a rejection of reality, leads to anxiety, depression, and in some cases self-mutilation and/or suicide. that's not healthy",train,1412,383,238,['sex'],['inferiority'],['sex'],"['inferiority', 'dehumanizing']",0.0,0.0,0.0,0.0,0.0,1.0,0.0,0.0,0.0,0.0,0.0,1.0,0.0,0.0,0.0,0.0,0.0,0.0,0.0,1.0,0.0,0.0,1.0,0.0,0.0,1.0,0.0,0.0
4356,img/04356.png,0.0,i only wear silk panties cotton ones remind me of slavery,train,729,241,3902,['race'],['mocking'],['race'],['mocking'],0.0,0.0,0.0,1.0,0.0,0.0,0.0,0.0,0.0,0.0,0.0,0.0,1.0,0.0,0.0,0.0,0.0,1.0,0.0,0.0,0.0,0.0,0.0,0.0,0.0,0.0,1.0,0.0
5741,img/05741.png,0.0,during a speed chase which song are you blasting in your car ?,train,1339,441,430,['pc_empty'],['attack_empty'],['pc_empty'],['attack_empty'],0.0,0.0,1.0,0.0,0.0,0.0,1.0,0.0,0.0,0.0,0.0,0.0,0.0,0.0,0.0,0.0,1.0,0.0,0.0,0.0,1.0,0.0,0.0,0.0,0.0,0.0,0.0,0.0
7582,img/07582.png,0.0,when you're not only the gay friend but also have the sickest memes,train,1440,1974,458,['pc_empty'],['attack_empty'],['pc_empty'],['attack_empty'],0.0,0.0,1.0,0.0,0.0,0.0,1.0,0.0,0.0,0.0,0.0,0.0,0.0,0.0,0.0,0.0,1.0,0.0,0.0,0.0,1.0,0.0,0.0,0.0,0.0,0.0,0.0,0.0
5813,img/05813.png,0.0,roses are red candles drip wax breaking news man tries to trade kidnapped baby for 15 big macs,train,1463,6840,6728,['pc_empty'],['attack_empty'],['pc_empty'],['attack_empty'],0.0,0.0,1.0,0.0,0.0,0.0,1.0,0.0,0.0,0.0,0.0,0.0,0.0,0.0,0.0,0.0,1.0,0.0,0.0,0.0,1.0,0.0,0.0,0.0,0.0,0.0,0.0,0.0
3615,img/03615.png,0.0,joke time 3 muslims walk into a bar.,train,1465,477,2983,['pc_empty'],['attack_empty'],['pc_empty'],['attack_empty'],0.0,0.0,1.0,0.0,0.0,0.0,1.0,0.0,0.0,0.0,0.0,0.0,0.0,0.0,0.0,0.0,1.0,0.0,0.0,0.0,1.0,0.0,0.0,0.0,0.0,0.0,0.0,0.0
5148,img/05148.png,1.0,the hardest part of breaking up with a japanese girlfriend is having to drop the bomb on her twice before she gets it,train,1466,478,2870,"['nationality', 'sex']",['inciting_violence'],"['nationality', 'race', 'sex']","['mocking', 'inciting_violence']",0.0,1.0,0.0,0.0,0.0,1.0,0.0,0.0,0.0,0.0,1.0,0.0,0.0,0.0,0.0,1.0,0.0,1.0,0.0,1.0,0.0,0.0,0.0,0.0,1.0,0.0,1.0,0.0
5672,img/05672.png,0.0,i pushed my life alert necklace now i'm waiting on those sexy emt guys to show up,train,1492,4304,4234,['pc_empty'],['attack_empty'],['pc_empty'],['attack_empty'],0.0,0.0,1.0,0.0,0.0,0.0,1.0,0.0,0.0,0.0,0.0,0.0,0.0,0.0,0.0,0.0,1.0,0.0,0.0,0.0,1.0,0.0,0.0,0.0,0.0,0.0,0.0,0.0
3296,img/03296.png,0.0,come on over i'm having a party the place is crawling with pussy,train,1511,497,2403,['pc_empty'],['attack_empty'],['pc_empty'],['attack_empty'],0.0,0.0,1.0,0.0,0.0,0.0,1.0,0.0,0.0,0.0,0.0,0.0,0.0,0.0,0.0,0.0,1.0,0.0,0.0,0.0,1.0,0.0,0.0,0.0,0.0,0.0,0.0,0.0
3268,img/03268.png,0.0,hey mom the goats asshole is inside out. what do?,train,1512,498,4074,['pc_empty'],['attack_empty'],['pc_empty'],['attack_empty'],0.0,0.0,1.0,0.0,0.0,0.0,1.0,0.0,0.0,0.0,0.0,0.0,0.0,0.0,0.0,0.0,1.0,0.0,0.0,0.0,1.0,0.0,0.0,0.0,0.0,0.0,0.0,0.0
4918,img/04918.png,0.0,why do asians have eyes like this? isn't it hard to see?,train,1526,502,4229,['race'],['inferiority'],['race'],['inferiority'],0.0,0.0,0.0,1.0,0.0,0.0,0.0,0.0,0.0,0.0,0.0,1.0,0.0,0.0,0.0,0.0,0.0,1.0,0.0,0.0,0.0,0.0,0.0,0.0,0.0,1.0,0.0,0.0
6375,img/06375.png,0.0,we have peace but we can give wars,train,1559,4530,4462,['pc_empty'],['attack_empty'],['pc_empty'],['attack_empty'],0.0,0.0,1.0,0.0,0.0,0.0,1.0,0.0,0.0,0.0,0.0,0.0,0.0,0.0,0.0,0.0,1.0,0.0,0.0,0.0,1.0,0.0,0.0,0.0,0.0,0.0,0.0,0.0
3845,img/03845.png,1.0,rev al sharpton that gorilla was 17 black and unarmed,train,1563,512,494,['race'],['dehumanizing'],['race'],['dehumanizing'],0.0,0.0,0.0,1.0,0.0,0.0,0.0,0.0,1.0,0.0,0.0,0.0,0.0,0.0,0.0,0.0,0.0,1.0,0.0,0.0,0.0,0.0,1.0,0.0,0.0,0.0,0.0,0.0
7285,img/07285.png,0.0,shame on you fork tongued devils,train,1572,515,2661,['pc_empty'],['attack_empty'],['pc_empty'],['attack_empty'],0.0,0.0,1.0,0.0,0.0,0.0,1.0,0.0,0.0,0.0,0.0,0.0,0.0,0.0,0.0,0.0,1.0,0.0,0.0,0.0,1.0,0.0,0.0,0.0,0.0,0.0,0.0,0.0
5912,img/05912.png,0.0,look at me i'm the european now,train,1576,2271,2162,['pc_empty'],['attack_empty'],['pc_empty'],['attack_empty'],0.0,0.0,1.0,0.0,0.0,0.0,1.0,0.0,0.0,0.0,0.0,0.0,0.0,0.0,0.0,0.0,1.0,0.0,0.0,0.0,1.0,0.0,0.0,0.0,0.0,0.0,0.0,0.0
5719,img/05719.png,1.0,"islamomopolitan special feature: know your place, how to survive your women: daily beating why men treat you like cattle",train,1588,6044,5986,"['religion', 'sex']",['dehumanizing'],"['religion', 'sex']","['dehumanizing', 'inciting_violence']",0.0,0.0,0.0,0.0,1.0,1.0,0.0,0.0,1.0,0.0,0.0,0.0,0.0,0.0,0.0,0.0,0.0,0.0,1.0,1.0,0.0,0.0,1.0,0.0,1.0,0.0,0.0,0.0
3418,img/03418.png,0.0,i got a flat on my way to the store,train,1598,5830,371,['pc_empty'],['attack_empty'],['pc_empty'],['attack_empty'],0.0,0.0,1.0,0.0,0.0,0.0,1.0,0.0,0.0,0.0,0.0,0.0,0.0,0.0,0.0,0.0,1.0,0.0,0.0,0.0,1.0,0.0,0.0,0.0,0.0,0.0,0.0,0.0
1568,img/01568.png,1.0,do you think a terrorist has or could infiltrate our goverment ???,train,1601,522,231,['religion'],['dehumanizing'],"['race', 'religion', 'sex']",['dehumanizing'],0.0,0.0,0.0,0.0,1.0,0.0,0.0,0.0,1.0,0.0,0.0,0.0,0.0,0.0,0.0,0.0,0.0,1.0,1.0,1.0,0.0,0.0,1.0,0.0,0.0,0.0,0.0,0.0
6725,img/06725.png,0.0,"open's inbox ""let me suck your dick"" opens profile: it's your crazy ex gf",train,1609,5286,5217,['pc_empty'],['attack_empty'],['pc_empty'],['attack_empty'],0.0,0.0,1.0,0.0,0.0,0.0,1.0,0.0,0.0,0.0,0.0,0.0,0.0,0.0,0.0,0.0,1.0,0.0,0.0,0.0,1.0,0.0,0.0,0.0,0.0,0.0,0.0,0.0
4719,img/04719.png,0.0,how you see it how the turkey sees it,train,1628,5534,5489,['pc_empty'],['attack_empty'],['pc_empty'],['attack_empty'],0.0,0.0,1.0,0.0,0.0,0.0,1.0,0.0,0.0,0.0,0.0,0.0,0.0,0.0,0.0,0.0,1.0,0.0,0.0,0.0,1.0,0.0,0.0,0.0,0.0,0.0,0.0,0.0
5421,img/05421.png,0.0,there was a 4 car pile-up in mexico today 93 people died,train,1629,533,1900,['pc_empty'],['attack_empty'],['pc_empty'],['attack_empty'],0.0,0.0,1.0,0.0,0.0,0.0,1.0,0.0,0.0,0.0,0.0,0.0,0.0,0.0,0.0,0.0,1.0,0.0,0.0,0.0,1.0,0.0,0.0,0.0,0.0,0.0,0.0,0.0
2548,img/02548.png,0.0,oi are you looking at me?,train,1637,3551,3443,['pc_empty'],['attack_empty'],['pc_empty'],['attack_empty'],0.0,0.0,1.0,0.0,0.0,0.0,1.0,0.0,0.0,0.0,0.0,0.0,0.0,0.0,0.0,0.0,1.0,0.0,0.0,0.0,1.0,0.0,0.0,0.0,0.0,0.0,0.0,0.0
6945,img/06945.png,0.0,"""culebra u.s. territory"" u.s.miltary bomb explosions march 2019",train,1641,5730,5669,['pc_empty'],['attack_empty'],['pc_empty'],['attack_empty'],0.0,0.0,1.0,0.0,0.0,0.0,1.0,0.0,0.0,0.0,0.0,0.0,0.0,0.0,0.0,0.0,1.0,0.0,0.0,0.0,1.0,0.0,0.0,0.0,0.0,0.0,0.0,0.0
6847,img/06847.png,0.0,matte black gloss black,train,1661,543,5507,['pc_empty'],['attack_empty'],['pc_empty'],['attack_empty'],0.0,0.0,1.0,0.0,0.0,0.0,1.0,0.0,0.0,0.0,0.0,0.0,0.0,0.0,0.0,0.0,1.0,0.0,0.0,0.0,1.0,0.0,0.0,0.0,0.0,0.0,0.0,0.0
1293,img/01293.png,0.0,when you forget to wash your hands,train,1662,5126,444,['pc_empty'],['attack_empty'],['pc_empty'],['attack_empty'],0.0,0.0,1.0,0.0,0.0,0.0,1.0,0.0,0.0,0.0,0.0,0.0,0.0,0.0,0.0,0.0,1.0,0.0,0.0,0.0,1.0,0.0,0.0,0.0,0.0,0.0,0.0,0.0
3124,img/03124.png,0.0,muhammed fixing his calculator,train,1680,1937,1837,['religion'],['dehumanizing'],"['religion', 'race']",['dehumanizing'],0.0,0.0,0.0,0.0,1.0,0.0,0.0,0.0,1.0,0.0,0.0,0.0,0.0,0.0,0.0,0.0,0.0,1.0,1.0,0.0,0.0,0.0,1.0,0.0,0.0,0.0,0.0,0.0
6985,img/06985.png,0.0,"their average iq is about 70-80, few points above being retarded",train,1681,551,97,['pc_empty'],['attack_empty'],['pc_empty'],['attack_empty'],0.0,0.0,1.0,0.0,0.0,0.0,1.0,0.0,0.0,0.0,0.0,0.0,0.0,0.0,0.0,0.0,1.0,0.0,0.0,0.0,1.0,0.0,0.0,0.0,0.0,0.0,0.0,0.0
7436,img/07436.png,0.0,"if the government says, ""you don't need a gun"" you need a gun!",train,1717,2106,1996,['pc_empty'],['attack_empty'],['pc_empty'],['attack_empty'],0.0,0.0,1.0,0.0,0.0,0.0,1.0,0.0,0.0,0.0,0.0,0.0,0.0,0.0,0.0,0.0,1.0,0.0,0.0,0.0,1.0,0.0,0.0,0.0,0.0,0.0,0.0,0.0
7463,img/07463.png,0.0,meanwhile at the isis strip club,train,117,39,41,['pc_empty'],['attack_empty'],['pc_empty'],['attack_empty'],0.0,0.0,1.0,0.0,0.0,0.0,1.0,0.0,0.0,0.0,0.0,0.0,0.0,0.0,0.0,0.0,1.0,0.0,0.0,0.0,1.0,0.0,0.0,0.0,0.0,0.0,0.0,0.0
2935,img/02935.png,0.0,copsuckers be like the whole boot daddy,train,1851,4026,3940,['pc_empty'],['attack_empty'],['pc_empty'],['attack_empty'],0.0,0.0,1.0,0.0,0.0,0.0,1.0,0.0,0.0,0.0,0.0,0.0,0.0,0.0,0.0,0.0,1.0,0.0,0.0,0.0,1.0,0.0,0.0,0.0,0.0,0.0,0.0,0.0
5214,img/05214.png,1.0,pull up your pants and back away from the goat!!,train,731,242,584,['pc_empty'],['attack_empty'],['pc_empty'],['attack_empty'],0.0,0.0,1.0,0.0,0.0,0.0,1.0,0.0,0.0,0.0,0.0,0.0,0.0,0.0,0.0,0.0,1.0,0.0,0.0,0.0,1.0,0.0,0.0,0.0,0.0,0.0,0.0,0.0
1576,img/01576.png,0.0,when your ex ask you for help,train,1856,5141,587,['pc_empty'],['attack_empty'],['pc_empty'],['attack_empty'],0.0,0.0,1.0,0.0,0.0,0.0,1.0,0.0,0.0,0.0,0.0,0.0,0.0,0.0,0.0,0.0,1.0,0.0,0.0,0.0,1.0,0.0,0.0,0.0,0.0,0.0,0.0,0.0
2467,img/02467.png,0.0,how much did the holo cost,train,1863,600,5841,['pc_empty'],['attack_empty'],['pc_empty'],['attack_empty'],0.0,0.0,1.0,0.0,0.0,0.0,1.0,0.0,0.0,0.0,0.0,0.0,0.0,0.0,0.0,0.0,1.0,0.0,0.0,0.0,1.0,0.0,0.0,0.0,0.0,0.0,0.0,0.0
5781,img/05781.png,0.0,hitler comedy called mein fuhrer,train,1875,6656,596,['pc_empty'],['attack_empty'],['pc_empty'],['attack_empty'],0.0,0.0,1.0,0.0,0.0,0.0,1.0,0.0,0.0,0.0,0.0,0.0,0.0,0.0,0.0,0.0,1.0,0.0,0.0,0.0,1.0,0.0,0.0,0.0,0.0,0.0,0.0,0.0
5468,img/05468.png,0.0,when you lose your jewelry,train,1890,2990,558,['pc_empty'],['attack_empty'],['pc_empty'],['attack_empty'],0.0,0.0,1.0,0.0,0.0,0.0,1.0,0.0,0.0,0.0,0.0,0.0,0.0,0.0,0.0,0.0,1.0,0.0,0.0,0.0,1.0,0.0,0.0,0.0,0.0,0.0,0.0,0.0
7618,img/07618.png,0.0,protesting death to the middle east,train,1895,2079,603,['pc_empty'],['attack_empty'],['pc_empty'],['attack_empty'],0.0,0.0,1.0,0.0,0.0,0.0,1.0,0.0,0.0,0.0,0.0,0.0,0.0,0.0,0.0,0.0,1.0,0.0,0.0,0.0,1.0,0.0,0.0,0.0,0.0,0.0,0.0,0.0
3681,img/03681.png,0.0,when you're muslim but you have oil,train,1926,620,4246,['pc_empty'],['attack_empty'],['pc_empty'],['attack_empty'],0.0,0.0,1.0,0.0,0.0,0.0,1.0,0.0,0.0,0.0,0.0,0.0,0.0,0.0,0.0,0.0,1.0,0.0,0.0,0.0,1.0,0.0,0.0,0.0,0.0,0.0,0.0,0.0
7465,img/07465.png,0.0,"until you give the white man back his god, everything i post is going to offend you",train,1938,4378,4309,['race'],['contempt'],"['race', 'religion', 'sex']",['contempt'],0.0,0.0,0.0,1.0,0.0,0.0,0.0,1.0,0.0,0.0,0.0,0.0,0.0,0.0,0.0,0.0,0.0,1.0,1.0,1.0,0.0,1.0,0.0,0.0,0.0,0.0,0.0,0.0
5716,img/05716.png,0.0,give me a dog treat human,train,1959,4371,613,['pc_empty'],['attack_empty'],['pc_empty'],['attack_empty'],0.0,0.0,1.0,0.0,0.0,0.0,1.0,0.0,0.0,0.0,0.0,0.0,0.0,0.0,0.0,0.0,1.0,0.0,0.0,0.0,1.0,0.0,0.0,0.0,0.0,0.0,0.0,0.0
4187,img/04187.png,0.0,this is how muslims celebrate new year,train,1961,631,4368,['pc_empty'],['attack_empty'],['pc_empty'],['attack_empty'],0.0,0.0,1.0,0.0,0.0,0.0,1.0,0.0,0.0,0.0,0.0,0.0,0.0,0.0,0.0,0.0,1.0,0.0,0.0,0.0,1.0,0.0,0.0,0.0,0.0,0.0,0.0,0.0
7469,img/07469.png,0.0,where is the criminal?,train,1973,6066,617,['pc_empty'],['attack_empty'],['pc_empty'],['attack_empty'],0.0,0.0,1.0,0.0,0.0,0.0,1.0,0.0,0.0,0.0,0.0,0.0,0.0,0.0,0.0,0.0,1.0,0.0,0.0,0.0,1.0,0.0,0.0,0.0,0.0,0.0,0.0,0.0
6541,img/06541.png,1.0,"hey i just met you and this is crazy, but here's my number i'll gas your baby",train,2008,643,629,['religion'],['mocking'],['religion'],"['mocking', 'inciting_violence']",0.0,0.0,0.0,0.0,1.0,0.0,0.0,0.0,0.0,0.0,0.0,0.0,1.0,0.0,0.0,0.0,0.0,0.0,1.0,0.0,0.0,0.0,0.0,0.0,1.0,0.0,1.0,0.0
4863,img/04863.png,0.0,a little hood. a little hippie.,train,2010,2856,2743,['pc_empty'],['attack_empty'],['pc_empty'],['attack_empty'],0.0,0.0,1.0,0.0,0.0,0.0,1.0,0.0,0.0,0.0,0.0,0.0,0.0,0.0,0.0,0.0,1.0,0.0,0.0,0.0,1.0,0.0,0.0,0.0,0.0,0.0,0.0,0.0
2413,img/02413.png,0.0,"women ask for equal rights, and this is why",train,2025,3965,637,['pc_empty'],['attack_empty'],['pc_empty'],['attack_empty'],0.0,0.0,1.0,0.0,0.0,0.0,1.0,0.0,0.0,0.0,0.0,0.0,0.0,0.0,0.0,0.0,1.0,0.0,0.0,0.0,1.0,0.0,0.0,0.0,0.0,0.0,0.0,0.0
7254,img/07254.png,1.0,"muslims believe that if they get killed by a woman, they go straight to hell well ladies, it's time to lock and load",train,2043,6999,6885,['religion'],['inciting_violence'],['religion'],"['contempt', 'inciting_violence']",0.0,0.0,0.0,0.0,1.0,0.0,0.0,0.0,0.0,0.0,1.0,0.0,0.0,0.0,0.0,0.0,0.0,0.0,1.0,0.0,0.0,1.0,0.0,0.0,1.0,0.0,0.0,0.0
4287,img/04287.png,1.0,"that's it, back to the kitchen! where's my sammich? women's day is over!",train,2050,3041,641,['sex'],['exclusion'],['sex'],"['dehumanizing', 'inciting_violence', 'exclusion']",0.0,0.0,0.0,0.0,0.0,1.0,0.0,0.0,0.0,1.0,0.0,0.0,0.0,0.0,0.0,0.0,0.0,0.0,0.0,1.0,0.0,0.0,1.0,1.0,1.0,0.0,0.0,0.0
3871,img/03871.png,1.0,justin trudeau the imam of canada,train,306,105,644,['pc_empty'],['attack_empty'],['pc_empty'],['attack_empty'],0.0,0.0,1.0,0.0,0.0,0.0,1.0,0.0,0.0,0.0,0.0,0.0,0.0,0.0,0.0,0.0,1.0,0.0,0.0,0.0,1.0,0.0,0.0,0.0,0.0,0.0,0.0,0.0
1327,img/01327.png,0.0,"i'm not sick, i'm twisted sick makes it sound like there's a cure",train,2074,6198,648,['pc_empty'],['attack_empty'],['pc_empty'],['attack_empty'],0.0,0.0,1.0,0.0,0.0,0.0,1.0,0.0,0.0,0.0,0.0,0.0,0.0,0.0,0.0,0.0,1.0,0.0,0.0,0.0,1.0,0.0,0.0,0.0,0.0,0.0,0.0,0.0
1875,img/01875.png,0.0,does anyone know if he had a donor card? i need parts for my go-cart,train,2083,660,7041,['pc_empty'],['attack_empty'],['pc_empty'],['attack_empty'],0.0,0.0,1.0,0.0,0.0,0.0,1.0,0.0,0.0,0.0,0.0,0.0,0.0,0.0,0.0,0.0,1.0,0.0,0.0,0.0,1.0,0.0,0.0,0.0,0.0,0.0,0.0,0.0
6194,img/06194.png,1.0,burning things that don't mean anything to you,train,498,172,172,['pc_empty'],['attack_empty'],['pc_empty'],['attack_empty'],0.0,0.0,1.0,0.0,0.0,0.0,1.0,0.0,0.0,0.0,0.0,0.0,0.0,0.0,0.0,0.0,1.0,0.0,0.0,0.0,1.0,0.0,0.0,0.0,0.0,0.0,0.0,0.0
7839,img/07839.png,0.0,dont fuck with me... my husband is married to vladimir putin,train,2104,6130,6060,['pc_empty'],['attack_empty'],['pc_empty'],['attack_empty'],0.0,0.0,1.0,0.0,0.0,0.0,1.0,0.0,0.0,0.0,0.0,0.0,0.0,0.0,0.0,0.0,1.0,0.0,0.0,0.0,1.0,0.0,0.0,0.0,0.0,0.0,0.0,0.0
2983,img/02983.png,0.0,large big mac no onions,train,2111,2597,276,['pc_empty'],['attack_empty'],['pc_empty'],['attack_empty'],0.0,0.0,1.0,0.0,0.0,0.0,1.0,0.0,0.0,0.0,0.0,0.0,0.0,0.0,0.0,0.0,1.0,0.0,0.0,0.0,1.0,0.0,0.0,0.0,0.0,0.0,0.0,0.0
6325,img/06325.png,0.0,trump donated his salary to alcoholism research i see it as a personal attack,train,2134,7379,7247,['pc_empty'],['attack_empty'],['pc_empty'],['attack_empty'],0.0,0.0,1.0,0.0,0.0,0.0,1.0,0.0,0.0,0.0,0.0,0.0,0.0,0.0,0.0,0.0,1.0,0.0,0.0,0.0,1.0,0.0,0.0,0.0,0.0,0.0,0.0,0.0
7523,img/07523.png,1.0,man caught having sex with a feminist at the beach,train,2140,673,672,['pc_empty'],['attack_empty'],['pc_empty'],['attack_empty'],0.0,0.0,1.0,0.0,0.0,0.0,1.0,0.0,0.0,0.0,0.0,0.0,0.0,0.0,0.0,0.0,1.0,0.0,0.0,0.0,1.0,0.0,0.0,0.0,0.0,0.0,0.0,0.0
1578,img/01578.png,1.0,sea monkeys,train,1103,367,673,['race'],['dehumanizing'],['race'],['dehumanizing'],0.0,0.0,0.0,1.0,0.0,0.0,0.0,0.0,1.0,0.0,0.0,0.0,0.0,0.0,0.0,0.0,0.0,1.0,0.0,0.0,0.0,0.0,1.0,0.0,0.0,0.0,0.0,0.0
5189,img/05189.png,0.0,siri take me home starting route to jail,train,2157,679,4112,['pc_empty'],['attack_empty'],['pc_empty'],['attack_empty'],0.0,0.0,1.0,0.0,0.0,0.0,1.0,0.0,0.0,0.0,0.0,0.0,0.0,0.0,0.0,0.0,1.0,0.0,0.0,0.0,1.0,0.0,0.0,0.0,0.0,0.0,0.0,0.0
3795,img/03795.png,1.0,even i can see you're a cunt,train,2159,680,677,['pc_empty'],['attack_empty'],['pc_empty'],['attack_empty'],0.0,0.0,1.0,0.0,0.0,0.0,1.0,0.0,0.0,0.0,0.0,0.0,0.0,0.0,0.0,0.0,1.0,0.0,0.0,0.0,1.0,0.0,0.0,0.0,0.0,0.0,0.0,0.0
4783,img/04783.png,0.0,"where you can get with that bull shit what is ""fuck outta here correct",train,2186,5854,5790,['pc_empty'],['attack_empty'],['pc_empty'],['attack_empty'],0.0,0.0,1.0,0.0,0.0,0.0,1.0,0.0,0.0,0.0,0.0,0.0,0.0,0.0,0.0,0.0,1.0,0.0,0.0,0.0,1.0,0.0,0.0,0.0,0.0,0.0,0.0,0.0
3854,img/03854.png,1.0,did a lot of medical research didn't hurt any animals,train,2197,692,4,['religion'],['mocking'],"['race', 'religion']","['mocking', 'dehumanizing']",0.0,0.0,0.0,0.0,1.0,0.0,0.0,0.0,0.0,0.0,0.0,0.0,1.0,0.0,0.0,0.0,0.0,1.0,1.0,0.0,0.0,0.0,1.0,0.0,0.0,0.0,1.0,0.0
5471,img/05471.png,1.0,do you still suck dick? faggot,train,2204,3981,3895,['sex'],['slurs'],['sex'],"['slurs', 'contempt']",0.0,0.0,0.0,0.0,0.0,1.0,0.0,0.0,0.0,0.0,0.0,0.0,0.0,1.0,0.0,0.0,0.0,0.0,0.0,1.0,0.0,1.0,0.0,0.0,0.0,0.0,0.0,1.0
7824,img/07824.png,0.0,it's hump day!!! oh fuck!!!,train,2215,698,3655,['pc_empty'],['attack_empty'],['pc_empty'],['attack_empty'],0.0,0.0,1.0,0.0,0.0,0.0,1.0,0.0,0.0,0.0,0.0,0.0,0.0,0.0,0.0,0.0,1.0,0.0,0.0,0.0,1.0,0.0,0.0,0.0,0.0,0.0,0.0,0.0
4281,img/04281.png,0.0,patty cake patty cake butthole hand i got tourettes syndrome chicken fucked ham,train,2242,2350,2239,['pc_empty'],['attack_empty'],['pc_empty'],['attack_empty'],0.0,0.0,1.0,0.0,0.0,0.0,1.0,0.0,0.0,0.0,0.0,0.0,0.0,0.0,0.0,0.0,1.0,0.0,0.0,0.0,1.0,0.0,0.0,0.0,0.0,0.0,0.0,0.0
7651,img/07651.png,1.0,how you gotta treat girls with smart mouths,train,2280,724,5944,['sex'],['inciting_violence'],['sex'],['inciting_violence'],0.0,0.0,0.0,0.0,0.0,1.0,0.0,0.0,0.0,0.0,1.0,0.0,0.0,0.0,0.0,0.0,0.0,0.0,0.0,1.0,0.0,0.0,0.0,0.0,1.0,0.0,0.0,0.0
3178,img/03178.png,1.0,"""we fly planes into their buildings now they kiss our asses!"" """,train,2284,2230,2125,['religion'],['dehumanizing'],"['race', 'religion']","['dehumanizing', 'inciting_violence', 'contempt']",0.0,0.0,0.0,0.0,1.0,0.0,0.0,0.0,1.0,0.0,0.0,0.0,0.0,0.0,0.0,0.0,0.0,1.0,1.0,0.0,0.0,1.0,1.0,0.0,1.0,0.0,0.0,0.0
2965,img/02965.png,1.0,i once dumped a cross eyed chick thought she was seeing someone else,train,2324,741,248,"['sex', 'disability']",['inferiority'],"['disability', 'sex']",['inferiority'],1.0,0.0,0.0,0.0,0.0,1.0,0.0,0.0,0.0,0.0,0.0,1.0,0.0,0.0,1.0,0.0,0.0,0.0,0.0,1.0,0.0,0.0,0.0,0.0,0.0,1.0,0.0,0.0
5297,img/05297.png,1.0,the first thing i did when i got home from the battered womens shelter? the dishes... 'cause i know what's good for me..,train,2359,7167,45,['sex'],"['inciting_violence', 'dehumanizing']",['sex'],"['dehumanizing', 'inciting_violence']",0.0,0.0,0.0,0.0,0.0,1.0,0.0,0.0,1.0,0.0,1.0,0.0,0.0,0.0,0.0,0.0,0.0,0.0,0.0,1.0,0.0,0.0,1.0,0.0,1.0,0.0,0.0,0.0
6374,img/06374.png,1.0,islamic windchimes,train,2376,7378,7245,['religion'],['inciting_violence'],['religion'],"['dehumanizing', 'inciting_violence']",0.0,0.0,0.0,0.0,1.0,0.0,0.0,0.0,0.0,0.0,1.0,0.0,0.0,0.0,0.0,0.0,0.0,0.0,1.0,0.0,0.0,0.0,1.0,0.0,1.0,0.0,0.0,0.0
6934,img/06934.png,0.0,hitler nonchalantly killing millions of jews with no remorse,train,2386,2795,674,['religion'],"['inciting_violence', 'mocking']",['religion'],"['mocking', 'inciting_violence']",0.0,0.0,0.0,0.0,1.0,0.0,0.0,0.0,0.0,0.0,1.0,0.0,1.0,0.0,0.0,0.0,0.0,0.0,1.0,0.0,0.0,0.0,0.0,0.0,1.0,0.0,1.0,0.0
4859,img/04859.png,1.0,arnold schwarzenigger i'll be black,train,2387,2116,735,['race'],['slurs'],['race'],['slurs'],0.0,0.0,0.0,1.0,0.0,0.0,0.0,0.0,0.0,0.0,0.0,0.0,0.0,1.0,0.0,0.0,0.0,1.0,0.0,0.0,0.0,0.0,0.0,0.0,0.0,0.0,0.0,1.0
6579,img/06579.png,0.0,don't know how to deal with black people but i guess i'll take a shot at it,train,556,188,6546,['pc_empty'],['attack_empty'],['pc_empty'],['attack_empty'],0.0,0.0,1.0,0.0,0.0,0.0,1.0,0.0,0.0,0.0,0.0,0.0,0.0,0.0,0.0,0.0,1.0,0.0,0.0,0.0,1.0,0.0,0.0,0.0,0.0,0.0,0.0,0.0
1598,img/01598.png,1.0,men are like dogs we're excited to see you... and have no clue what you're mad about,train,2403,283,3400,['pc_empty'],['attack_empty'],['pc_empty'],['attack_empty'],0.0,0.0,1.0,0.0,0.0,0.0,1.0,0.0,0.0,0.0,0.0,0.0,0.0,0.0,0.0,0.0,1.0,0.0,0.0,0.0,1.0,0.0,0.0,0.0,0.0,0.0,0.0,0.0
6539,img/06539.png,0.0,excuse me! anyone can wear a dress!,train,2409,2911,738,['pc_empty'],['attack_empty'],['pc_empty'],['attack_empty'],0.0,0.0,1.0,0.0,0.0,0.0,1.0,0.0,0.0,0.0,0.0,0.0,0.0,0.0,0.0,0.0,1.0,0.0,0.0,0.0,1.0,0.0,0.0,0.0,0.0,0.0,0.0,0.0
6543,img/06543.png,1.0,"you are finally here, brother-slayer. spawn killer. all that strength and you're still nothing but a nigger",train,2429,5077,5017,['race'],['slurs'],['race'],"['dehumanizing', 'inciting_violence', 'slurs']",0.0,0.0,0.0,1.0,0.0,0.0,0.0,0.0,0.0,0.0,0.0,0.0,0.0,1.0,0.0,0.0,0.0,1.0,0.0,0.0,0.0,0.0,1.0,0.0,1.0,0.0,0.0,1.0
2459,img/02459.png,1.0,"my dishwasher is acting strange, can anybody help?",train,2434,764,3640,['pc_empty'],['attack_empty'],['pc_empty'],['attack_empty'],0.0,0.0,1.0,0.0,0.0,0.0,1.0,0.0,0.0,0.0,0.0,0.0,0.0,0.0,0.0,0.0,1.0,0.0,0.0,0.0,1.0,0.0,0.0,0.0,0.0,0.0,0.0,0.0
3984,img/03984.png,0.0,when your brother sucks at driving,train,2435,5019,745,['pc_empty'],['attack_empty'],['pc_empty'],['attack_empty'],0.0,0.0,1.0,0.0,0.0,0.0,1.0,0.0,0.0,0.0,0.0,0.0,0.0,0.0,0.0,0.0,1.0,0.0,0.0,0.0,1.0,0.0,0.0,0.0,0.0,0.0,0.0,0.0
6213,img/06213.png,1.0,the us navy keeping tranny hookers laid since 1775,train,2448,769,4078,['sex'],"['inferiority', 'slurs']","['nationality', 'sex']","['inferiority', 'slurs']",0.0,0.0,0.0,0.0,0.0,1.0,0.0,0.0,0.0,0.0,0.0,1.0,0.0,1.0,0.0,1.0,0.0,0.0,0.0,1.0,0.0,0.0,0.0,0.0,0.0,1.0,0.0,1.0
2194,img/02194.png,0.0,when you're a good farmer who raises healthy animals,train,2449,2703,748,['pc_empty'],['attack_empty'],['pc_empty'],['attack_empty'],0.0,0.0,1.0,0.0,0.0,0.0,1.0,0.0,0.0,0.0,0.0,0.0,0.0,0.0,0.0,0.0,1.0,0.0,0.0,0.0,1.0,0.0,0.0,0.0,0.0,0.0,0.0,0.0
7391,img/07391.png,0.0,"i'm not racist, but... racist memes are allowed, right?",train,2460,771,4150,['pc_empty'],['attack_empty'],['pc_empty'],['attack_empty'],0.0,0.0,1.0,0.0,0.0,0.0,1.0,0.0,0.0,0.0,0.0,0.0,0.0,0.0,0.0,0.0,1.0,0.0,0.0,0.0,1.0,0.0,0.0,0.0,0.0,0.0,0.0,0.0
7853,img/07853.png,1.0,"9/11 gets a mourning day while gay get a ""pride"" month because homosexuality is a bigger tragedy",train,2477,778,6952,['sex'],['inferiority'],['sex'],['inferiority'],0.0,0.0,0.0,0.0,0.0,1.0,0.0,0.0,0.0,0.0,0.0,1.0,0.0,0.0,0.0,0.0,0.0,0.0,0.0,1.0,0.0,0.0,0.0,0.0,0.0,1.0,0.0,0.0
2956,img/02956.png,0.0,how i sleep knowing i'm going to hell in every religion,train,2481,5343,5273,['pc_empty'],['attack_empty'],['pc_empty'],['attack_empty'],0.0,0.0,1.0,0.0,0.0,0.0,1.0,0.0,0.0,0.0,0.0,0.0,0.0,0.0,0.0,0.0,1.0,0.0,0.0,0.0,1.0,0.0,0.0,0.0,0.0,0.0,0.0,0.0
5973,img/05973.png,0.0,how black people became christians,train,2110,667,2210,['pc_empty'],['attack_empty'],['pc_empty'],['attack_empty'],0.0,0.0,1.0,0.0,0.0,0.0,1.0,0.0,0.0,0.0,0.0,0.0,0.0,0.0,0.0,0.0,1.0,0.0,0.0,0.0,1.0,0.0,0.0,0.0,0.0,0.0,0.0,0.0
6291,img/06291.png,0.0,when you throw yourself in a casket bc you're over it,train,2500,2208,660,['pc_empty'],['attack_empty'],['pc_empty'],['attack_empty'],0.0,0.0,1.0,0.0,0.0,0.0,1.0,0.0,0.0,0.0,0.0,0.0,0.0,0.0,0.0,0.0,1.0,0.0,0.0,0.0,1.0,0.0,0.0,0.0,0.0,0.0,0.0,0.0
2571,img/02571.png,0.0,former first lady during an interview,train,991,323,419,['pc_empty'],['attack_empty'],['pc_empty'],['attack_empty'],0.0,0.0,1.0,0.0,0.0,0.0,1.0,0.0,0.0,0.0,0.0,0.0,0.0,0.0,0.0,0.0,1.0,0.0,0.0,0.0,1.0,0.0,0.0,0.0,0.0,0.0,0.0,0.0
2761,img/02761.png,0.0,i'm sorry i didn't mean to hurt your feelings,train,2508,2710,2612,['pc_empty'],['attack_empty'],['pc_empty'],['attack_empty'],0.0,0.0,1.0,0.0,0.0,0.0,1.0,0.0,0.0,0.0,0.0,0.0,0.0,0.0,0.0,0.0,1.0,0.0,0.0,0.0,1.0,0.0,0.0,0.0,0.0,0.0,0.0,0.0
4639,img/04639.png,1.0,"the female body is a gentle, delicate flower except for the vagina. pound the fucking vagina",train,2519,2726,2628,['pc_empty'],['attack_empty'],['pc_empty'],['attack_empty'],0.0,0.0,1.0,0.0,0.0,0.0,1.0,0.0,0.0,0.0,0.0,0.0,0.0,0.0,0.0,0.0,1.0,0.0,0.0,0.0,1.0,0.0,0.0,0.0,0.0,0.0,0.0,0.0
2385,img/02385.png,0.0,every life is precious,train,2529,6110,6039,['pc_empty'],['attack_empty'],['pc_empty'],['attack_empty'],0.0,0.0,1.0,0.0,0.0,0.0,1.0,0.0,0.0,0.0,0.0,0.0,0.0,0.0,0.0,0.0,1.0,0.0,0.0,0.0,1.0,0.0,0.0,0.0,0.0,0.0,0.0,0.0
7865,img/07865.png,1.0,a real man... loads the dishwasher every night!!,train,2531,793,770,['sex'],['dehumanizing'],['sex'],['dehumanizing'],0.0,0.0,0.0,0.0,0.0,1.0,0.0,0.0,1.0,0.0,0.0,0.0,0.0,0.0,0.0,0.0,0.0,0.0,0.0,1.0,0.0,0.0,1.0,0.0,0.0,0.0,0.0,0.0
5931,img/05931.png,0.0,stop editing your pics. what if you go missing? how are we gonna find you if you look like barbie on fb and chupacabra in real life?,train,2533,3358,3266,['pc_empty'],['attack_empty'],['pc_empty'],['attack_empty'],0.0,0.0,1.0,0.0,0.0,0.0,1.0,0.0,0.0,0.0,0.0,0.0,0.0,0.0,0.0,0.0,1.0,0.0,0.0,0.0,1.0,0.0,0.0,0.0,0.0,0.0,0.0,0.0
1295,img/01295.png,1.0,"men wearing dresses and molesting our children? the word you're looking for is clergy, not transgender",train,2537,4213,4139,"['religion', 'sex']",['dehumanizing'],"['religion', 'race', 'sex']","['inferiority', 'dehumanizing']",0.0,0.0,0.0,0.0,1.0,1.0,0.0,0.0,1.0,0.0,0.0,0.0,0.0,0.0,0.0,0.0,0.0,1.0,1.0,1.0,0.0,0.0,1.0,0.0,0.0,1.0,0.0,0.0
7594,img/07594.png,0.0,"if you think it's okay for iran to have nukes, but not okay for law abiding americans to have guns you might be a dumbass",train,2544,795,2751,['pc_empty'],['attack_empty'],['pc_empty'],['attack_empty'],0.0,0.0,1.0,0.0,0.0,0.0,1.0,0.0,0.0,0.0,0.0,0.0,0.0,0.0,0.0,0.0,1.0,0.0,0.0,0.0,1.0,0.0,0.0,0.0,0.0,0.0,0.0,0.0
5872,img/05872.png,1.0,joke time 3 muslims walk into a bar.,train,1465,477,239,['religion'],['dehumanizing'],['religion'],['dehumanizing'],0.0,0.0,0.0,0.0,1.0,0.0,0.0,0.0,1.0,0.0,0.0,0.0,0.0,0.0,0.0,0.0,0.0,0.0,1.0,0.0,0.0,0.0,1.0,0.0,0.0,0.0,0.0,0.0
2475,img/02475.png,0.0,therapy dogs are now being trained to console rape victims of muslims,train,1566,513,1868,['pc_empty'],['attack_empty'],['pc_empty'],['attack_empty'],0.0,0.0,1.0,0.0,0.0,0.0,1.0,0.0,0.0,0.0,0.0,0.0,0.0,0.0,0.0,0.0,1.0,0.0,0.0,0.0,1.0,0.0,0.0,0.0,0.0,0.0,0.0,0.0
4157,img/04157.png,0.0,a real man... loads the dishwasher every night!!,train,2531,793,5684,['pc_empty'],['attack_empty'],['pc_empty'],['attack_empty'],0.0,0.0,1.0,0.0,0.0,0.0,1.0,0.0,0.0,0.0,0.0,0.0,0.0,0.0,0.0,0.0,1.0,0.0,0.0,0.0,1.0,0.0,0.0,0.0,0.0,0.0,0.0,0.0
1379,img/01379.png,0.0,american teenage girl visiting the children of africa,train,2570,5276,5210,['pc_empty'],['attack_empty'],['pc_empty'],['attack_empty'],0.0,0.0,1.0,0.0,0.0,0.0,1.0,0.0,0.0,0.0,0.0,0.0,0.0,0.0,0.0,0.0,1.0,0.0,0.0,0.0,1.0,0.0,0.0,0.0,0.0,0.0,0.0,0.0
7496,img/07496.png,0.0,this muslim guy is in heaven,train,2585,806,785,['pc_empty'],['attack_empty'],['pc_empty'],['attack_empty'],0.0,0.0,1.0,0.0,0.0,0.0,1.0,0.0,0.0,0.0,0.0,0.0,0.0,0.0,0.0,0.0,1.0,0.0,0.0,0.0,1.0,0.0,0.0,0.0,0.0,0.0,0.0,0.0
2793,img/02793.png,0.0,sea monkeys,train,1103,367,5262,['pc_empty'],['attack_empty'],['pc_empty'],['attack_empty'],0.0,0.0,1.0,0.0,0.0,0.0,1.0,0.0,0.0,0.0,0.0,0.0,0.0,0.0,0.0,0.0,1.0,0.0,0.0,0.0,1.0,0.0,0.0,0.0,0.0,0.0,0.0,0.0
2594,img/02594.png,1.0,jamal! im pregnant!!!,train,1203,398,790,['religion'],['dehumanizing'],"['nationality', 'religion', 'race']",['dehumanizing'],0.0,0.0,0.0,0.0,1.0,0.0,0.0,0.0,1.0,0.0,0.0,0.0,0.0,0.0,0.0,1.0,0.0,1.0,1.0,0.0,0.0,0.0,1.0,0.0,0.0,0.0,0.0,0.0
4125,img/04125.png,0.0,sorry i'm late have the racist comments started yet?,train,2610,5326,5253,['pc_empty'],['attack_empty'],['pc_empty'],['attack_empty'],0.0,0.0,1.0,0.0,0.0,0.0,1.0,0.0,0.0,0.0,0.0,0.0,0.0,0.0,0.0,0.0,1.0,0.0,0.0,0.0,1.0,0.0,0.0,0.0,0.0,0.0,0.0,0.0
7628,img/07628.png,1.0,"when you tell your islamic friend, you cannot go on the same plane as them. all right then. keep your life",train,2628,5397,5334,['religion'],['dehumanizing'],['religion'],"['inferiority', 'dehumanizing']",0.0,0.0,0.0,0.0,1.0,0.0,0.0,0.0,1.0,0.0,0.0,0.0,0.0,0.0,0.0,0.0,0.0,0.0,1.0,0.0,0.0,0.0,1.0,0.0,0.0,1.0,0.0,0.0
1637,img/01637.png,1.0,this time jesus you're not getting away,train,2629,6789,6681,['pc_empty'],['attack_empty'],['pc_empty'],['attack_empty'],0.0,0.0,1.0,0.0,0.0,0.0,1.0,0.0,0.0,0.0,0.0,0.0,0.0,0.0,0.0,0.0,1.0,0.0,0.0,0.0,1.0,0.0,0.0,0.0,0.0,0.0,0.0,0.0
2317,img/02317.png,1.0,white trash go to hell trump fuck donald trump,train,2633,7343,7209,['race'],"['dehumanizing', 'contempt']",['race'],"['dehumanizing', 'contempt']",0.0,0.0,0.0,1.0,0.0,0.0,0.0,1.0,1.0,0.0,0.0,0.0,0.0,0.0,0.0,0.0,0.0,1.0,0.0,0.0,0.0,1.0,1.0,0.0,0.0,0.0,0.0,0.0
5941,img/05941.png,1.0,"i saw an ad on tv. i called the number on the screen i had to get one, they seem to work so much better than those sticky strips that hang from the ceiling",train,2639,5172,798,"['nationality', 'race']",['dehumanizing'],"['nationality', 'race', 'disability']","['inferiority', 'dehumanizing']",0.0,1.0,0.0,1.0,0.0,0.0,0.0,0.0,1.0,0.0,0.0,0.0,0.0,0.0,1.0,1.0,0.0,1.0,0.0,0.0,0.0,0.0,1.0,0.0,0.0,1.0,0.0,0.0
4926,img/04926.png,0.0,"knowing white people, that's probably the babies father",train,2643,7308,7174,['pc_empty'],['attack_empty'],['pc_empty'],['attack_empty'],0.0,0.0,1.0,0.0,0.0,0.0,1.0,0.0,0.0,0.0,0.0,0.0,0.0,0.0,0.0,0.0,1.0,0.0,0.0,0.0,1.0,0.0,0.0,0.0,0.0,0.0,0.0,0.0
1589,img/01589.png,1.0,has an orgasm... ...shoots out tranny fluid,train,1144,380,801,['sex'],['slurs'],['sex'],"['inferiority', 'slurs']",0.0,0.0,0.0,0.0,0.0,1.0,0.0,0.0,0.0,0.0,0.0,0.0,0.0,1.0,0.0,0.0,0.0,0.0,0.0,1.0,0.0,0.0,0.0,0.0,0.0,1.0,0.0,1.0
4183,img/04183.png,0.0,back off murderers we fight for justice,train,2660,3886,807,['pc_empty'],['attack_empty'],['pc_empty'],['attack_empty'],0.0,0.0,1.0,0.0,0.0,0.0,1.0,0.0,0.0,0.0,0.0,0.0,0.0,0.0,0.0,0.0,1.0,0.0,0.0,0.0,1.0,0.0,0.0,0.0,0.0,0.0,0.0,0.0
5987,img/05987.png,1.0,interracial dating somting like that,train,2662,823,808,['race'],['dehumanizing'],['race'],['dehumanizing'],0.0,0.0,0.0,1.0,0.0,0.0,0.0,0.0,1.0,0.0,0.0,0.0,0.0,0.0,0.0,0.0,0.0,1.0,0.0,0.0,0.0,0.0,1.0,0.0,0.0,0.0,0.0,0.0
2718,img/02718.png,0.0,my kid threatened to hold his breath until i gave him dessert. he's now passed out on the kitchen floor i don't negotiate with terrorists,train,2663,4898,4845,['pc_empty'],['attack_empty'],['pc_empty'],['attack_empty'],0.0,0.0,1.0,0.0,0.0,0.0,1.0,0.0,0.0,0.0,0.0,0.0,0.0,0.0,0.0,0.0,1.0,0.0,0.0,0.0,1.0,0.0,0.0,0.0,0.0,0.0,0.0,0.0
4185,img/04185.png,0.0,when you need a diaper because you're a still a baby,train,2683,6512,811,['pc_empty'],['attack_empty'],['pc_empty'],['attack_empty'],0.0,0.0,1.0,0.0,0.0,0.0,1.0,0.0,0.0,0.0,0.0,0.0,0.0,0.0,0.0,0.0,1.0,0.0,0.0,0.0,1.0,0.0,0.0,0.0,0.0,0.0,0.0,0.0
1682,img/01682.png,1.0,fuck allah fuck islam and guck the child raper muhammad and yes that's pork in the quran,train,2698,2706,2607,['religion'],['dehumanizing'],"['nationality', 'religion']","['inferiority', 'contempt', 'inciting_violence', 'dehumanizing']",0.0,0.0,0.0,0.0,1.0,0.0,0.0,0.0,1.0,0.0,0.0,0.0,0.0,0.0,0.0,1.0,0.0,0.0,1.0,0.0,0.0,1.0,1.0,0.0,1.0,1.0,0.0,0.0
5482,img/05482.png,0.0,stupid you are breed you should not,train,2701,7114,6996,['pc_empty'],['attack_empty'],['pc_empty'],['attack_empty'],0.0,0.0,1.0,0.0,0.0,0.0,1.0,0.0,0.0,0.0,0.0,0.0,0.0,0.0,0.0,0.0,1.0,0.0,0.0,0.0,1.0,0.0,0.0,0.0,0.0,0.0,0.0,0.0
6531,img/06531.png,0.0,"i don't always have sweaty balls but when i do, they're wetter than a tiajuana hooker during spring break and smell like a zombie's vagina",train,2726,3227,17,['pc_empty'],['attack_empty'],['pc_empty'],['attack_empty'],0.0,0.0,1.0,0.0,0.0,0.0,1.0,0.0,0.0,0.0,0.0,0.0,0.0,0.0,0.0,0.0,1.0,0.0,0.0,0.0,1.0,0.0,0.0,0.0,0.0,0.0,0.0,0.0
6794,img/06794.png,0.0,if you think the other puns where bad just wait till you sea mine,train,2736,2345,2231,['pc_empty'],['attack_empty'],['pc_empty'],['attack_empty'],0.0,0.0,1.0,0.0,0.0,0.0,1.0,0.0,0.0,0.0,0.0,0.0,0.0,0.0,0.0,0.0,1.0,0.0,0.0,0.0,1.0,0.0,0.0,0.0,0.0,0.0,0.0,0.0
6728,img/06728.png,0.0,the only kkk to ever let black men in,train,2744,842,3964,['pc_empty'],['attack_empty'],['pc_empty'],['attack_empty'],0.0,0.0,1.0,0.0,0.0,0.0,1.0,0.0,0.0,0.0,0.0,0.0,0.0,0.0,0.0,0.0,1.0,0.0,0.0,0.0,1.0,0.0,0.0,0.0,0.0,0.0,0.0,0.0
3145,img/03145.png,1.0,when each letter is a mental disorder,train,484,164,203,['sex'],['inferiority'],['sex'],['inferiority'],0.0,0.0,0.0,0.0,0.0,1.0,0.0,0.0,0.0,0.0,0.0,1.0,0.0,0.0,0.0,0.0,0.0,0.0,0.0,1.0,0.0,0.0,0.0,0.0,0.0,1.0,0.0,0.0
5283,img/05283.png,0.0,"life has never given me lemons it has given me anger issues, anxiety, a love for alcohol, a serious dislike for stupid people. but not lemons",train,2761,4422,4350,['pc_empty'],['attack_empty'],['pc_empty'],['attack_empty'],0.0,0.0,1.0,0.0,0.0,0.0,1.0,0.0,0.0,0.0,0.0,0.0,0.0,0.0,0.0,0.0,1.0,0.0,0.0,0.0,1.0,0.0,0.0,0.0,0.0,0.0,0.0,0.0
2763,img/02763.png,0.0,immigrants illegal aliens,train,265,93,98,['pc_empty'],['attack_empty'],['pc_empty'],['attack_empty'],0.0,0.0,1.0,0.0,0.0,0.0,1.0,0.0,0.0,0.0,0.0,0.0,0.0,0.0,0.0,0.0,1.0,0.0,0.0,0.0,1.0,0.0,0.0,0.0,0.0,0.0,0.0,0.0
5869,img/05869.png,0.0,"my wife asked me where i'd like to be buried apparently, ""balls deep in your sister"" wasn't the answer she was expecting",train,204,75,79,['pc_empty'],['attack_empty'],['pc_empty'],['attack_empty'],0.0,0.0,1.0,0.0,0.0,0.0,1.0,0.0,0.0,0.0,0.0,0.0,0.0,0.0,0.0,0.0,1.0,0.0,0.0,0.0,1.0,0.0,0.0,0.0,0.0,0.0,0.0,0.0
5138,img/05138.png,0.0,i should not be expected to pledge allegiance to any country including america,train,2788,625,4024,['pc_empty'],['attack_empty'],['pc_empty'],['attack_empty'],0.0,0.0,1.0,0.0,0.0,0.0,1.0,0.0,0.0,0.0,0.0,0.0,0.0,0.0,0.0,0.0,1.0,0.0,0.0,0.0,1.0,0.0,0.0,0.0,0.0,0.0,0.0,0.0
7693,img/07693.png,0.0,marokko speed dating,train,2789,851,833,['religion'],['dehumanizing'],"['nationality', 'religion']",['dehumanizing'],0.0,0.0,0.0,0.0,1.0,0.0,0.0,0.0,1.0,0.0,0.0,0.0,0.0,0.0,0.0,1.0,0.0,0.0,1.0,0.0,0.0,0.0,1.0,0.0,0.0,0.0,0.0,0.0
3528,img/03528.png,0.0,look at the bright side you are only half black now,train,1866,601,5873,['pc_empty'],['attack_empty'],['pc_empty'],['attack_empty'],0.0,0.0,1.0,0.0,0.0,0.0,1.0,0.0,0.0,0.0,0.0,0.0,0.0,0.0,0.0,0.0,1.0,0.0,0.0,0.0,1.0,0.0,0.0,0.0,0.0,0.0,0.0,0.0
2431,img/02431.png,1.0,subway is similar to prostitution you pay someone else to do your wife's job,train,152,52,2623,['sex'],['dehumanizing'],['sex'],"['inferiority', 'dehumanizing']",0.0,0.0,0.0,0.0,0.0,1.0,0.0,0.0,1.0,0.0,0.0,0.0,0.0,0.0,0.0,0.0,0.0,0.0,0.0,1.0,0.0,0.0,1.0,0.0,0.0,1.0,0.0,0.0
1829,img/01829.png,0.0,him: the dishwasher is acting weird her: what's it doing him: chopping fucking vegetables,train,2808,34,6527,['pc_empty'],['attack_empty'],['pc_empty'],['attack_empty'],0.0,0.0,1.0,0.0,0.0,0.0,1.0,0.0,0.0,0.0,0.0,0.0,0.0,0.0,0.0,0.0,1.0,0.0,0.0,0.0,1.0,0.0,0.0,0.0,0.0,0.0,0.0,0.0
7632,img/07632.png,0.0,when someone makes eye contact with you while you're doing cardio look away!,train,2820,2532,2418,['pc_empty'],['attack_empty'],['pc_empty'],['attack_empty'],0.0,0.0,1.0,0.0,0.0,0.0,1.0,0.0,0.0,0.0,0.0,0.0,0.0,0.0,0.0,0.0,1.0,0.0,0.0,0.0,1.0,0.0,0.0,0.0,0.0,0.0,0.0,0.0
2315,img/02315.png,0.0,don't forget me!!!!!! i'm an asshole too!!!,train,2821,5283,5214,['pc_empty'],['attack_empty'],['pc_empty'],['attack_empty'],0.0,0.0,1.0,0.0,0.0,0.0,1.0,0.0,0.0,0.0,0.0,0.0,0.0,0.0,0.0,0.0,1.0,0.0,0.0,0.0,1.0,0.0,0.0,0.0,0.0,0.0,0.0,0.0
6175,img/06175.png,0.0,when someone drops a penny,train,2704,835,4978,['pc_empty'],['attack_empty'],['pc_empty'],['attack_empty'],0.0,0.0,1.0,0.0,0.0,0.0,1.0,0.0,0.0,0.0,0.0,0.0,0.0,0.0,0.0,0.0,1.0,0.0,0.0,0.0,1.0,0.0,0.0,0.0,0.0,0.0,0.0,0.0
3429,img/03429.png,0.0,throwback thursday we was all by ourselves at one time we was the only once's in the new phase to build and close,train,2831,4188,4113,['pc_empty'],['attack_empty'],['pc_empty'],['attack_empty'],0.0,0.0,1.0,0.0,0.0,0.0,1.0,0.0,0.0,0.0,0.0,0.0,0.0,0.0,0.0,0.0,1.0,0.0,0.0,0.0,1.0,0.0,0.0,0.0,0.0,0.0,0.0,0.0
5643,img/05643.png,1.0,kids in africa wouldn't starve if they ate the flies on their face,train,2833,4350,4283,['nationality'],['inferiority'],['nationality'],"['inferiority', 'contempt']",0.0,1.0,0.0,0.0,0.0,0.0,0.0,0.0,0.0,0.0,0.0,1.0,0.0,0.0,0.0,1.0,0.0,0.0,0.0,0.0,0.0,1.0,0.0,0.0,0.0,1.0,0.0,0.0
2653,img/02653.png,1.0,england where moslems can rape your children and reporting it is a crime,train,2838,6802,6694,['religion'],['dehumanizing'],"['nationality', 'race', 'religion']","['inferiority', 'dehumanizing', 'inciting_violence']",0.0,0.0,0.0,0.0,1.0,0.0,0.0,0.0,1.0,0.0,0.0,0.0,0.0,0.0,0.0,1.0,0.0,1.0,1.0,0.0,0.0,0.0,1.0,0.0,1.0,1.0,0.0,0.0
6415,img/06415.png,1.0,#neverforget what your ancestors went through #christianity if you even think about dating a white man you disgust me,train,2840,2846,2732,"['race', 'religion', 'sex']",['contempt'],"['race', 'religion', 'sex']",['contempt'],0.0,0.0,0.0,1.0,1.0,1.0,0.0,1.0,0.0,0.0,0.0,0.0,0.0,0.0,0.0,0.0,0.0,1.0,1.0,1.0,0.0,1.0,0.0,0.0,0.0,0.0,0.0,0.0
5264,img/05264.png,1.0,trust me the muslims won't rape you now,train,2841,860,5096,['religion'],['dehumanizing'],['religion'],['dehumanizing'],0.0,0.0,0.0,0.0,1.0,0.0,0.0,0.0,1.0,0.0,0.0,0.0,0.0,0.0,0.0,0.0,0.0,0.0,1.0,0.0,0.0,0.0,1.0,0.0,0.0,0.0,0.0,0.0
2918,img/02918.png,0.0,a islamic leader among his followers,train,2844,6188,6115,['pc_empty'],['attack_empty'],['pc_empty'],['attack_empty'],0.0,0.0,1.0,0.0,0.0,0.0,1.0,0.0,0.0,0.0,0.0,0.0,0.0,0.0,0.0,0.0,1.0,0.0,0.0,0.0,1.0,0.0,0.0,0.0,0.0,0.0,0.0,0.0
7293,img/07293.png,1.0,"anyone that says white people can't jump obviosly hasn't seen the 9/11 footage ""white people can't jump""",train,2874,6317,6231,['race'],['inferiority'],['race'],"['inferiority', 'inciting_violence']",0.0,0.0,0.0,1.0,0.0,0.0,0.0,0.0,0.0,0.0,0.0,1.0,0.0,0.0,0.0,0.0,0.0,1.0,0.0,0.0,0.0,0.0,0.0,0.0,1.0,1.0,0.0,0.0
5198,img/05198.png,1.0,went outside today yolo,train,2882,875,348,['pc_empty'],['attack_empty'],['pc_empty'],['attack_empty'],0.0,0.0,1.0,0.0,0.0,0.0,1.0,0.0,0.0,0.0,0.0,0.0,0.0,0.0,0.0,0.0,1.0,0.0,0.0,0.0,1.0,0.0,0.0,0.0,0.0,0.0,0.0,0.0
1469,img/01469.png,1.0,when you punch the muslim kid so hard that he starts having seizures and fucking dies the bomb has been defused,train,2913,2216,2106,['religion'],"['inciting_violence', 'dehumanizing']","['religion', 'sex']","['dehumanizing', 'inciting_violence']",0.0,0.0,0.0,0.0,1.0,0.0,0.0,0.0,1.0,0.0,1.0,0.0,0.0,0.0,0.0,0.0,0.0,0.0,1.0,1.0,0.0,0.0,1.0,0.0,1.0,0.0,0.0,0.0
5436,img/05436.png,0.0,lol don't bother buckling up because we are all going to die,train,2916,5168,5100,['pc_empty'],['attack_empty'],['pc_empty'],['attack_empty'],0.0,0.0,1.0,0.0,0.0,0.0,1.0,0.0,0.0,0.0,0.0,0.0,0.0,0.0,0.0,0.0,1.0,0.0,0.0,0.0,1.0,0.0,0.0,0.0,0.0,0.0,0.0,0.0
5134,img/05134.png,0.0,the banality of evil,train,2926,3570,853,['pc_empty'],['attack_empty'],['pc_empty'],['attack_empty'],0.0,0.0,1.0,0.0,0.0,0.0,1.0,0.0,0.0,0.0,0.0,0.0,0.0,0.0,0.0,0.0,1.0,0.0,0.0,0.0,1.0,0.0,0.0,0.0,0.0,0.0,0.0,0.0
6315,img/06315.png,1.0,solution to mexicans paying for the wall leave all the illegals hanging around the border,train,2940,890,488,['nationality'],['inciting_violence'],['nationality'],"['mocking', 'inciting_violence']",0.0,1.0,0.0,0.0,0.0,0.0,0.0,0.0,0.0,0.0,1.0,0.0,0.0,0.0,0.0,1.0,0.0,0.0,0.0,0.0,0.0,0.0,0.0,0.0,1.0,0.0,1.0,0.0
5789,img/05789.png,0.0,the only person i trust is me and even that's pretty fucking iffy sometimes,train,2941,5747,858,['pc_empty'],['attack_empty'],['pc_empty'],['attack_empty'],0.0,0.0,1.0,0.0,0.0,0.0,1.0,0.0,0.0,0.0,0.0,0.0,0.0,0.0,0.0,0.0,1.0,0.0,0.0,0.0,1.0,0.0,0.0,0.0,0.0,0.0,0.0,0.0
1276,img/01276.png,0.0,a smile is worth a thousand words,train,2982,6603,6496,['pc_empty'],['attack_empty'],['pc_empty'],['attack_empty'],0.0,0.0,1.0,0.0,0.0,0.0,1.0,0.0,0.0,0.0,0.0,0.0,0.0,0.0,0.0,0.0,1.0,0.0,0.0,0.0,1.0,0.0,0.0,0.0,0.0,0.0,0.0,0.0
7539,img/07539.png,1.0,redneck word of the day: twerk imma have a few beers before i get back twerk,train,3001,7412,7279,['pc_empty'],['attack_empty'],['pc_empty'],['attack_empty'],0.0,0.0,1.0,0.0,0.0,0.0,1.0,0.0,0.0,0.0,0.0,0.0,0.0,0.0,0.0,0.0,1.0,0.0,0.0,0.0,1.0,0.0,0.0,0.0,0.0,0.0,0.0,0.0
4132,img/04132.png,0.0,"dear ""dad"". i did it without you. love, the daughter you left behind",train,3021,6954,6840,['pc_empty'],['attack_empty'],['pc_empty'],['attack_empty'],0.0,0.0,1.0,0.0,0.0,0.0,1.0,0.0,0.0,0.0,0.0,0.0,0.0,0.0,0.0,0.0,1.0,0.0,0.0,0.0,1.0,0.0,0.0,0.0,0.0,0.0,0.0,0.0
2876,img/02876.png,1.0,your milkshake brings all the tards to the yard,train,1670,548,878,['disability'],['slurs'],['disability'],"['inferiority', 'slurs']",1.0,0.0,0.0,0.0,0.0,0.0,0.0,0.0,0.0,0.0,0.0,0.0,0.0,1.0,1.0,0.0,0.0,0.0,0.0,0.0,0.0,0.0,0.0,0.0,0.0,1.0,0.0,1.0
6319,img/06319.png,1.0,proof you don't have to fly a plane into a building to destroy a nation!,train,3051,3585,3483,['pc_empty'],['attack_empty'],['pc_empty'],['attack_empty'],0.0,0.0,1.0,0.0,0.0,0.0,1.0,0.0,0.0,0.0,0.0,0.0,0.0,0.0,0.0,0.0,1.0,0.0,0.0,0.0,1.0,0.0,0.0,0.0,0.0,0.0,0.0,0.0
2943,img/02943.png,0.0,hide and go seek champion july 6 1942 - august 4 1944,train,1899,609,5993,['pc_empty'],['attack_empty'],['pc_empty'],['attack_empty'],0.0,0.0,1.0,0.0,0.0,0.0,1.0,0.0,0.0,0.0,0.0,0.0,0.0,0.0,0.0,0.0,1.0,0.0,0.0,0.0,1.0,0.0,0.0,0.0,0.0,0.0,0.0,0.0
4938,img/04938.png,0.0,hen your unvaccinated chi rvives 18 years but cides to kill himself you were the chosen one,train,3080,4567,4495,['pc_empty'],['attack_empty'],['pc_empty'],['attack_empty'],0.0,0.0,1.0,0.0,0.0,0.0,1.0,0.0,0.0,0.0,0.0,0.0,0.0,0.0,0.0,0.0,1.0,0.0,0.0,0.0,1.0,0.0,0.0,0.0,0.0,0.0,0.0,0.0
5127,img/05127.png,0.0,we'll kill you over some trivial shit then fucking mock your dying words,train,3102,932,4300,['nationality'],['inciting_violence'],"['nationality', 'religion']","['dehumanizing', 'inciting_violence']",0.0,1.0,0.0,0.0,0.0,0.0,0.0,0.0,0.0,0.0,1.0,0.0,0.0,0.0,0.0,1.0,0.0,0.0,1.0,0.0,0.0,0.0,1.0,0.0,1.0,0.0,0.0,0.0
1235,img/01235.png,1.0,when you're feeling horny asf but your habibi is on periods let's try a goat,train,3119,607,734,['religion'],['dehumanizing'],"['race', 'religion']","['dehumanizing', 'slurs']",0.0,0.0,0.0,0.0,1.0,0.0,0.0,0.0,1.0,0.0,0.0,0.0,0.0,0.0,0.0,0.0,0.0,1.0,1.0,0.0,0.0,0.0,1.0,0.0,0.0,0.0,0.0,1.0
6795,img/06795.png,1.0,that look when you find out your husband isn't coming home from the mosque,train,1014,332,334,['religion'],['dehumanizing'],['religion'],"['inferiority', 'dehumanizing']",0.0,0.0,0.0,0.0,1.0,0.0,0.0,0.0,1.0,0.0,0.0,0.0,0.0,0.0,0.0,0.0,0.0,0.0,1.0,0.0,0.0,0.0,1.0,0.0,0.0,1.0,0.0,0.0
2631,img/02631.png,0.0,when your grandma sees you for the first time in a whole week he's so fucking big. me#irl,train,3124,6152,6085,['pc_empty'],['attack_empty'],['pc_empty'],['attack_empty'],0.0,0.0,1.0,0.0,0.0,0.0,1.0,0.0,0.0,0.0,0.0,0.0,0.0,0.0,0.0,0.0,1.0,0.0,0.0,0.0,1.0,0.0,0.0,0.0,0.0,0.0,0.0,0.0
3861,img/03861.png,0.0,when you realize you fought on the wrong side during wwii,train,3131,4837,665,['pc_empty'],['attack_empty'],['pc_empty'],['attack_empty'],0.0,0.0,1.0,0.0,0.0,0.0,1.0,0.0,0.0,0.0,0.0,0.0,0.0,0.0,0.0,0.0,1.0,0.0,0.0,0.0,1.0,0.0,0.0,0.0,0.0,0.0,0.0,0.0
7481,img/07481.png,0.0,when you see your goat with another man,train,3154,170,4447,['pc_empty'],['attack_empty'],['pc_empty'],['attack_empty'],0.0,0.0,1.0,0.0,0.0,0.0,1.0,0.0,0.0,0.0,0.0,0.0,0.0,0.0,0.0,0.0,1.0,0.0,0.0,0.0,1.0,0.0,0.0,0.0,0.0,0.0,0.0,0.0
5784,img/05784.png,1.0,"let me be clear....  if i had a son, he would look like harambe",train,3159,939,901,['race'],['dehumanizing'],['race'],['dehumanizing'],0.0,0.0,0.0,1.0,0.0,0.0,0.0,0.0,1.0,0.0,0.0,0.0,0.0,0.0,0.0,0.0,0.0,1.0,0.0,0.0,0.0,0.0,1.0,0.0,0.0,0.0,0.0,0.0
7269,img/07269.png,0.0,this salad is so fresh it had to live with its aunty and uncle in bel air,train,3162,5731,902,['pc_empty'],['attack_empty'],['pc_empty'],['attack_empty'],0.0,0.0,1.0,0.0,0.0,0.0,1.0,0.0,0.0,0.0,0.0,0.0,0.0,0.0,0.0,0.0,1.0,0.0,0.0,0.0,1.0,0.0,0.0,0.0,0.0,0.0,0.0,0.0
4791,img/04791.png,1.0,if you're a gentleman then nothing may disturb you but if you're a hungry sex maniac then there's no dress which can provide security for any women,train,3202,2014,1913,"['religion', 'sex']",['inferiority'],"['race', 'religion', 'sex']","['inferiority', 'inciting_violence', 'dehumanizing']",0.0,0.0,0.0,0.0,1.0,1.0,0.0,0.0,0.0,0.0,0.0,1.0,0.0,0.0,0.0,0.0,0.0,1.0,1.0,1.0,0.0,0.0,1.0,0.0,1.0,1.0,0.0,0.0
1256,img/01256.png,1.0,when your debit card decline at the abortion clinic and they have to put the baby back in,train,3220,2282,2173,['pc_empty'],['attack_empty'],['pc_empty'],['attack_empty'],0.0,0.0,1.0,0.0,0.0,0.0,1.0,0.0,0.0,0.0,0.0,0.0,0.0,0.0,0.0,0.0,1.0,0.0,0.0,0.0,1.0,0.0,0.0,0.0,0.0,0.0,0.0,0.0
1487,img/01487.png,1.0,when you forget you're retarded,train,3240,5543,5498,['disability'],['inferiority'],['disability'],['inferiority'],1.0,0.0,0.0,0.0,0.0,0.0,0.0,0.0,0.0,0.0,0.0,1.0,0.0,0.0,1.0,0.0,0.0,0.0,0.0,0.0,0.0,0.0,0.0,0.0,0.0,1.0,0.0,0.0
7389,img/07389.png,0.0,will you tell the cat bullying is not okay?,train,3244,962,919,['pc_empty'],['attack_empty'],['pc_empty'],['attack_empty'],0.0,0.0,1.0,0.0,0.0,0.0,1.0,0.0,0.0,0.0,0.0,0.0,0.0,0.0,0.0,0.0,1.0,0.0,0.0,0.0,1.0,0.0,0.0,0.0,0.0,0.0,0.0,0.0
3718,img/03718.png,0.0,baaaa-utiful,train,3247,2823,921,['pc_empty'],['attack_empty'],['pc_empty'],['attack_empty'],0.0,0.0,1.0,0.0,0.0,0.0,1.0,0.0,0.0,0.0,0.0,0.0,0.0,0.0,0.0,0.0,1.0,0.0,0.0,0.0,1.0,0.0,0.0,0.0,0.0,0.0,0.0,0.0
6482,img/06482.png,1.0,i dont always make sandwiches because im not a woman,train,3252,3080,2986,['sex'],['dehumanizing'],['sex'],['dehumanizing'],0.0,0.0,0.0,0.0,0.0,1.0,0.0,0.0,1.0,0.0,0.0,0.0,0.0,0.0,0.0,0.0,0.0,0.0,0.0,1.0,0.0,0.0,1.0,0.0,0.0,0.0,0.0,0.0
5847,img/05847.png,0.0,when they ask for fire extinguisher and you reply i don't smoke,train,3256,6952,6838,['pc_empty'],['attack_empty'],['pc_empty'],['attack_empty'],0.0,0.0,1.0,0.0,0.0,0.0,1.0,0.0,0.0,0.0,0.0,0.0,0.0,0.0,0.0,0.0,1.0,0.0,0.0,0.0,1.0,0.0,0.0,0.0,0.0,0.0,0.0,0.0
3257,img/03257.png,1.0,white trash not marriage material,train,1823,590,924,['race'],['dehumanizing'],['race'],"['mocking', 'dehumanizing']",0.0,0.0,0.0,1.0,0.0,0.0,0.0,0.0,1.0,0.0,0.0,0.0,0.0,0.0,0.0,0.0,0.0,1.0,0.0,0.0,0.0,0.0,1.0,0.0,0.0,0.0,1.0,0.0
2674,img/02674.png,1.0,asian drivers test went as expected,train,3271,968,927,"['race', 'sex']",['inferiority'],"['race', 'sex']",['inferiority'],0.0,0.0,0.0,1.0,0.0,1.0,0.0,0.0,0.0,0.0,0.0,1.0,0.0,0.0,0.0,0.0,0.0,1.0,0.0,1.0,0.0,0.0,0.0,0.0,0.0,1.0,0.0,0.0
7268,img/07268.png,0.0,middle eastern prostitute,train,3276,970,4768,['pc_empty'],['attack_empty'],['pc_empty'],['attack_empty'],0.0,0.0,1.0,0.0,0.0,0.0,1.0,0.0,0.0,0.0,0.0,0.0,0.0,0.0,0.0,0.0,1.0,0.0,0.0,0.0,1.0,0.0,0.0,0.0,0.0,0.0,0.0,0.0
5749,img/05749.png,1.0,"nobody at school wants to guard muhammad, he's too explosive",train,3288,3265,3170,['religion'],['dehumanizing'],"['religion', 'race']",['dehumanizing'],0.0,0.0,0.0,0.0,1.0,0.0,0.0,0.0,1.0,0.0,0.0,0.0,0.0,0.0,0.0,0.0,0.0,1.0,1.0,0.0,0.0,0.0,1.0,0.0,0.0,0.0,0.0,0.0
4923,img/04923.png,0.0,beergasm that moment when you take your first sip of beer after a long day,train,3292,4321,4255,['pc_empty'],['attack_empty'],['pc_empty'],['attack_empty'],0.0,0.0,1.0,0.0,0.0,0.0,1.0,0.0,0.0,0.0,0.0,0.0,0.0,0.0,0.0,0.0,1.0,0.0,0.0,0.0,1.0,0.0,0.0,0.0,0.0,0.0,0.0,0.0
4768,img/04768.png,0.0,really? eating pork is gross but marriage to a minor isn't?,train,3299,6399,934,['pc_empty'],['attack_empty'],['pc_empty'],['attack_empty'],0.0,0.0,1.0,0.0,0.0,0.0,1.0,0.0,0.0,0.0,0.0,0.0,0.0,0.0,0.0,0.0,1.0,0.0,0.0,0.0,1.0,0.0,0.0,0.0,0.0,0.0,0.0,0.0
4217,img/04217.png,1.0,have a coke and a smile. regen: always coca cola coke adds life. ma: nevermore coca cola,train,3319,4491,4421,['pc_empty'],['attack_empty'],['pc_empty'],['attack_empty'],0.0,0.0,1.0,0.0,0.0,0.0,1.0,0.0,0.0,0.0,0.0,0.0,0.0,0.0,0.0,0.0,1.0,0.0,0.0,0.0,1.0,0.0,0.0,0.0,0.0,0.0,0.0,0.0
1694,img/01694.png,0.0,which one should we butcher first,train,3322,2297,2190,['pc_empty'],['attack_empty'],['pc_empty'],['attack_empty'],0.0,0.0,1.0,0.0,0.0,0.0,1.0,0.0,0.0,0.0,0.0,0.0,0.0,0.0,0.0,0.0,1.0,0.0,0.0,0.0,1.0,0.0,0.0,0.0,0.0,0.0,0.0,0.0
7194,img/07194.png,0.0,running is one of the best ways to stay fit,train,3342,7354,7218,['pc_empty'],['attack_empty'],['pc_empty'],['attack_empty'],0.0,0.0,1.0,0.0,0.0,0.0,1.0,0.0,0.0,0.0,0.0,0.0,0.0,0.0,0.0,0.0,1.0,0.0,0.0,0.0,1.0,0.0,0.0,0.0,0.0,0.0,0.0,0.0
4915,img/04915.png,0.0,they want this not beause they love you they need to mix breed to preserve their species,train,3361,352,6415,['pc_empty'],['attack_empty'],['pc_empty'],['attack_empty'],0.0,0.0,1.0,0.0,0.0,0.0,1.0,0.0,0.0,0.0,0.0,0.0,0.0,0.0,0.0,0.0,1.0,0.0,0.0,0.0,1.0,0.0,0.0,0.0,0.0,0.0,0.0,0.0
5329,img/05329.png,0.0,its not right to judge someone by the color of their skin. they might just be tan,train,3377,999,1924,['race'],['inferiority'],['race'],"['inferiority', 'contempt']",0.0,0.0,0.0,1.0,0.0,0.0,0.0,0.0,0.0,0.0,0.0,1.0,0.0,0.0,0.0,0.0,0.0,1.0,0.0,0.0,0.0,1.0,0.0,0.0,0.0,1.0,0.0,0.0
1497,img/01497.png,1.0,now back to the married islamic classic.. to children,train,3386,4855,4810,['religion'],['dehumanizing'],['religion'],['dehumanizing'],0.0,0.0,0.0,0.0,1.0,0.0,0.0,0.0,1.0,0.0,0.0,0.0,0.0,0.0,0.0,0.0,0.0,0.0,1.0,0.0,0.0,0.0,1.0,0.0,0.0,0.0,0.0,0.0
6237,img/06237.png,0.0,"when leadership says it's not mandatory but it's ""highly encouraged""!!!",train,3388,5282,5213,['pc_empty'],['attack_empty'],['pc_empty'],['attack_empty'],0.0,0.0,1.0,0.0,0.0,0.0,1.0,0.0,0.0,0.0,0.0,0.0,0.0,0.0,0.0,0.0,1.0,0.0,0.0,0.0,1.0,0.0,0.0,0.0,0.0,0.0,0.0,0.0
7452,img/07452.png,1.0,germany builds the first jet but couldn't make a steel door for a gas chamber expose the lie,train,3393,4062,3979,['religion'],['mocking'],"['nationality', 'religion', 'race']",['mocking'],0.0,0.0,0.0,0.0,1.0,0.0,0.0,0.0,0.0,0.0,0.0,0.0,1.0,0.0,0.0,1.0,0.0,1.0,1.0,0.0,0.0,0.0,0.0,0.0,0.0,0.0,1.0,0.0
7413,img/07413.png,0.0,hello! may i please speak with jesus? cause these folks gonna make me break at least 4 of the ten commandments,train,3396,4556,4484,['pc_empty'],['attack_empty'],['pc_empty'],['attack_empty'],0.0,0.0,1.0,0.0,0.0,0.0,1.0,0.0,0.0,0.0,0.0,0.0,0.0,0.0,0.0,0.0,1.0,0.0,0.0,0.0,1.0,0.0,0.0,0.0,0.0,0.0,0.0,0.0
2854,img/02854.png,1.0,do gay midgets come out of the cabinet?,train,3406,4573,4503,"['sex', 'disability']",['inferiority'],"['disability', 'sex']",['inferiority'],1.0,0.0,0.0,0.0,0.0,1.0,0.0,0.0,0.0,0.0,0.0,1.0,0.0,0.0,1.0,0.0,0.0,0.0,0.0,1.0,0.0,0.0,0.0,0.0,0.0,1.0,0.0,0.0
1653,img/01653.png,0.0,"a girl asks her mom, ""why am i black and you're white?"" she says, ""the way that party went, you're lucky you don't bark. """,train,314,108,4602,['pc_empty'],['attack_empty'],['pc_empty'],['attack_empty'],0.0,0.0,1.0,0.0,0.0,0.0,1.0,0.0,0.0,0.0,0.0,0.0,0.0,0.0,0.0,0.0,1.0,0.0,0.0,0.0,1.0,0.0,0.0,0.0,0.0,0.0,0.0,0.0
1264,img/01264.png,0.0,you're a special kinda nuts aren't you?,train,3442,5078,5020,['pc_empty'],['attack_empty'],['pc_empty'],['attack_empty'],0.0,0.0,1.0,0.0,0.0,0.0,1.0,0.0,0.0,0.0,0.0,0.0,0.0,0.0,0.0,0.0,1.0,0.0,0.0,0.0,1.0,0.0,0.0,0.0,0.0,0.0,0.0,0.0
2439,img/02439.png,0.0,"superman's flying class was popular, but no one ever passed",train,1668,546,2575,['pc_empty'],['attack_empty'],['pc_empty'],['attack_empty'],0.0,0.0,1.0,0.0,0.0,0.0,1.0,0.0,0.0,0.0,0.0,0.0,0.0,0.0,0.0,0.0,1.0,0.0,0.0,0.0,1.0,0.0,0.0,0.0,0.0,0.0,0.0,0.0
7125,img/07125.png,1.0,muslim in congress 2019 muslims in 2001,train,3468,1020,1710,['religion'],['dehumanizing'],['religion'],['dehumanizing'],0.0,0.0,0.0,0.0,1.0,0.0,0.0,0.0,1.0,0.0,0.0,0.0,0.0,0.0,0.0,0.0,0.0,0.0,1.0,0.0,0.0,0.0,1.0,0.0,0.0,0.0,0.0,0.0
5689,img/05689.png,0.0,"the most racist people are the ones crying""racist"" all the time!",train,3476,1022,2491,['pc_empty'],['attack_empty'],['pc_empty'],['attack_empty'],0.0,0.0,1.0,0.0,0.0,0.0,1.0,0.0,0.0,0.0,0.0,0.0,0.0,0.0,0.0,0.0,1.0,0.0,0.0,0.0,1.0,0.0,0.0,0.0,0.0,0.0,0.0,0.0
3254,img/03254.png,1.0,"liberals: ""japan has gun control without issues, what makes you think it can't work here in the usa?"" me: (whispering) black people",train,3509,2696,2599,['race'],['dehumanizing'],['race'],"['inferiority', 'dehumanizing']",0.0,0.0,0.0,1.0,0.0,0.0,0.0,0.0,1.0,0.0,0.0,0.0,0.0,0.0,0.0,0.0,0.0,1.0,0.0,0.0,0.0,0.0,1.0,0.0,0.0,1.0,0.0,0.0
2581,img/02581.png,1.0,mussie guy tried to rape me he didn't make it to court,train,3539,2639,2531,['race'],"['inciting_violence', 'dehumanizing']","['nationality', 'race', 'religion', 'sex']","['inferiority', 'dehumanizing', 'inciting_violence', 'slurs']",0.0,0.0,0.0,1.0,0.0,0.0,0.0,0.0,1.0,0.0,1.0,0.0,0.0,0.0,0.0,1.0,0.0,1.0,1.0,1.0,0.0,0.0,1.0,0.0,1.0,1.0,0.0,1.0
6897,img/06897.png,1.0,"if you think the crakkka of today is different from the crakka 500 years ago, you're a damn fool",train,885,296,6096,['race'],['slurs'],['race'],"['inferiority', 'slurs']",0.0,0.0,0.0,1.0,0.0,0.0,0.0,0.0,0.0,0.0,0.0,0.0,0.0,1.0,0.0,0.0,0.0,1.0,0.0,0.0,0.0,0.0,0.0,0.0,0.0,1.0,0.0,1.0
2185,img/02185.png,0.0,weeeeeee! back over the border you go!,train,3555,1037,6589,['pc_empty'],['attack_empty'],['pc_empty'],['attack_empty'],0.0,0.0,1.0,0.0,0.0,0.0,1.0,0.0,0.0,0.0,0.0,0.0,0.0,0.0,0.0,0.0,1.0,0.0,0.0,0.0,1.0,0.0,0.0,0.0,0.0,0.0,0.0,0.0
7834,img/07834.png,0.0,guess whose house wasn't raided by the fbi?,train,3556,5377,5319,['pc_empty'],['attack_empty'],['pc_empty'],['attack_empty'],0.0,0.0,1.0,0.0,0.0,0.0,1.0,0.0,0.0,0.0,0.0,0.0,0.0,0.0,0.0,0.0,1.0,0.0,0.0,0.0,1.0,0.0,0.0,0.0,0.0,0.0,0.0,0.0
3472,img/03472.png,1.0,"pet niguana for sale!! come with food dish, a few toys, and a screen lid so it can't get out $300 obo",train,3559,5576,5524,['race'],['dehumanizing'],['race'],"['mocking', 'dehumanizing']",0.0,0.0,0.0,1.0,0.0,0.0,0.0,0.0,1.0,0.0,0.0,0.0,0.0,0.0,0.0,0.0,0.0,1.0,0.0,0.0,0.0,0.0,1.0,0.0,0.0,0.0,1.0,0.0
7218,img/07218.png,1.0,"when you and ya classmate are hiding from the school shooter, but you wanna die so you sneeze to get his attention hehehehehe my bad guys",train,3566,6083,510,['pc_empty'],['attack_empty'],['pc_empty'],['attack_empty'],0.0,0.0,1.0,0.0,0.0,0.0,1.0,0.0,0.0,0.0,0.0,0.0,0.0,0.0,0.0,0.0,1.0,0.0,0.0,0.0,1.0,0.0,0.0,0.0,0.0,0.0,0.0,0.0
6749,img/06749.png,0.0,when they laugh at your 9cm but you haven't even reached puberty yet,train,3634,7096,999,['pc_empty'],['attack_empty'],['pc_empty'],['attack_empty'],0.0,0.0,1.0,0.0,0.0,0.0,1.0,0.0,0.0,0.0,0.0,0.0,0.0,0.0,0.0,0.0,1.0,0.0,0.0,0.0,1.0,0.0,0.0,0.0,0.0,0.0,0.0,0.0
7134,img/07134.png,0.0,sexbomb sexbomb you are my sexbomb,train,2552,798,1000,['pc_empty'],['attack_empty'],['pc_empty'],['attack_empty'],0.0,0.0,1.0,0.0,0.0,0.0,1.0,0.0,0.0,0.0,0.0,0.0,0.0,0.0,0.0,0.0,1.0,0.0,0.0,0.0,1.0,0.0,0.0,0.0,0.0,0.0,0.0,0.0
5916,img/05916.png,0.0,"hey, i just met you, and this is crazy, this is my grenade so blow me, maybe?",train,250,86,4084,['pc_empty'],['attack_empty'],['pc_empty'],['attack_empty'],0.0,0.0,1.0,0.0,0.0,0.0,1.0,0.0,0.0,0.0,0.0,0.0,0.0,0.0,0.0,0.0,1.0,0.0,0.0,0.0,1.0,0.0,0.0,0.0,0.0,0.0,0.0,0.0
7345,img/07345.png,0.0,fuck banks and all their fees,train,3660,2876,1004,['pc_empty'],['attack_empty'],['pc_empty'],['attack_empty'],0.0,0.0,1.0,0.0,0.0,0.0,1.0,0.0,0.0,0.0,0.0,0.0,0.0,0.0,0.0,0.0,1.0,0.0,0.0,0.0,1.0,0.0,0.0,0.0,0.0,0.0,0.0,0.0
6158,img/06158.png,0.0,new zealand edition call of duty,train,2598,811,937,['pc_empty'],['attack_empty'],['pc_empty'],['attack_empty'],0.0,0.0,1.0,0.0,0.0,0.0,1.0,0.0,0.0,0.0,0.0,0.0,0.0,0.0,0.0,0.0,1.0,0.0,0.0,0.0,1.0,0.0,0.0,0.0,0.0,0.0,0.0,0.0
6519,img/06519.png,1.0,moutain goats hide when they hear allah akbar because they here the goat fuckers are coming,train,3692,5945,5885,"['race', 'religion']",['dehumanizing'],"['race', 'religion']",['dehumanizing'],0.0,0.0,0.0,1.0,1.0,0.0,0.0,0.0,1.0,0.0,0.0,0.0,0.0,0.0,0.0,0.0,0.0,1.0,1.0,0.0,0.0,0.0,1.0,0.0,0.0,0.0,0.0,0.0
4735,img/04735.png,0.0,smile even in the worst of times,train,3704,5200,1017,['pc_empty'],['attack_empty'],['pc_empty'],['attack_empty'],0.0,0.0,1.0,0.0,0.0,0.0,1.0,0.0,0.0,0.0,0.0,0.0,0.0,0.0,0.0,0.0,1.0,0.0,0.0,0.0,1.0,0.0,0.0,0.0,0.0,0.0,0.0,0.0
4152,img/04152.png,0.0,over 50 south africans lost their lives after police opened fire during a protest,train,3750,5558,5510,['pc_empty'],['attack_empty'],['pc_empty'],['attack_empty'],0.0,0.0,1.0,0.0,0.0,0.0,1.0,0.0,0.0,0.0,0.0,0.0,0.0,0.0,0.0,0.0,1.0,0.0,0.0,0.0,1.0,0.0,0.0,0.0,0.0,0.0,0.0,0.0
7164,img/07164.png,0.0,i promise i promise. i promise. i deliver,train,3772,5969,5909,['pc_empty'],['attack_empty'],['pc_empty'],['attack_empty'],0.0,0.0,1.0,0.0,0.0,0.0,1.0,0.0,0.0,0.0,0.0,0.0,0.0,0.0,0.0,0.0,1.0,0.0,0.0,0.0,1.0,0.0,0.0,0.0,0.0,0.0,0.0,0.0
7634,img/07634.png,0.0,talking about animal rights is fun,train,3786,3095,1037,['pc_empty'],['attack_empty'],['pc_empty'],['attack_empty'],0.0,0.0,1.0,0.0,0.0,0.0,1.0,0.0,0.0,0.0,0.0,0.0,0.0,0.0,0.0,0.0,1.0,0.0,0.0,0.0,1.0,0.0,0.0,0.0,0.0,0.0,0.0,0.0
1546,img/01546.png,1.0,kill the jews and muslims for being anti-white,train,3787,1790,1701,"['religion', 'race']",['inciting_violence'],"['religion', 'race']","['mocking', 'inciting_violence']",0.0,0.0,0.0,1.0,1.0,0.0,0.0,0.0,0.0,0.0,1.0,0.0,0.0,0.0,0.0,0.0,0.0,1.0,1.0,0.0,0.0,0.0,0.0,0.0,1.0,0.0,1.0,0.0
4917,img/04917.png,0.0,similar to sharks because all the great ones are white,train,3821,1093,3882,['pc_empty'],['attack_empty'],['pc_empty'],['attack_empty'],0.0,0.0,1.0,0.0,0.0,0.0,1.0,0.0,0.0,0.0,0.0,0.0,0.0,0.0,0.0,0.0,1.0,0.0,0.0,0.0,1.0,0.0,0.0,0.0,0.0,0.0,0.0,0.0
1672,img/01672.png,0.0,when the new call of duty comes out and you're already camping,train,3826,6355,1041,['pc_empty'],['attack_empty'],['pc_empty'],['attack_empty'],0.0,0.0,1.0,0.0,0.0,0.0,1.0,0.0,0.0,0.0,0.0,0.0,0.0,0.0,0.0,0.0,1.0,0.0,0.0,0.0,1.0,0.0,0.0,0.0,0.0,0.0,0.0,0.0
5489,img/05489.png,0.0,trump says he doesn't like suppressors. well.....he's a democrat so..,train,3829,3238,3137,['pc_empty'],['attack_empty'],['pc_empty'],['attack_empty'],0.0,0.0,1.0,0.0,0.0,0.0,1.0,0.0,0.0,0.0,0.0,0.0,0.0,0.0,0.0,0.0,1.0,0.0,0.0,0.0,1.0,0.0,0.0,0.0,0.0,0.0,0.0,0.0
4726,img/04726.png,0.0,islamic state soldiers celebrating we should kill them all,train,3833,3861,1044,['pc_empty'],['attack_empty'],['pc_empty'],['attack_empty'],0.0,0.0,1.0,0.0,0.0,0.0,1.0,0.0,0.0,0.0,0.0,0.0,0.0,0.0,0.0,0.0,1.0,0.0,0.0,0.0,1.0,0.0,0.0,0.0,0.0,0.0,0.0,0.0
2764,img/02764.png,1.0,closing time one last call for green cards you dont have to go home but you cant stay here,train,3869,1104,7205,['pc_empty'],['attack_empty'],['pc_empty'],['attack_empty'],0.0,0.0,1.0,0.0,0.0,0.0,1.0,0.0,0.0,0.0,0.0,0.0,0.0,0.0,0.0,0.0,1.0,0.0,0.0,0.0,1.0,0.0,0.0,0.0,0.0,0.0,0.0,0.0
6345,img/06345.png,0.0,"driver: ""what am i supposed to do with this speeding ticket?"" .co "" officer: ""keep it, when you collect four of them, you get a bicycle.""",train,3871,2635,2524,['pc_empty'],['attack_empty'],['pc_empty'],['attack_empty'],0.0,0.0,1.0,0.0,0.0,0.0,1.0,0.0,0.0,0.0,0.0,0.0,0.0,0.0,0.0,0.0,1.0,0.0,0.0,0.0,1.0,0.0,0.0,0.0,0.0,0.0,0.0,0.0
4597,img/04597.png,0.0,terrorist attacks innocent people with guns leaders want innocent people to give up their guns and become even more defenseless.,train,3880,1107,5196,['pc_empty'],['attack_empty'],['pc_empty'],['attack_empty'],0.0,0.0,1.0,0.0,0.0,0.0,1.0,0.0,0.0,0.0,0.0,0.0,0.0,0.0,0.0,0.0,1.0,0.0,0.0,0.0,1.0,0.0,0.0,0.0,0.0,0.0,0.0,0.0
3981,img/03981.png,0.0,siri take me home starting route to gym,train,3885,679,759,['pc_empty'],['attack_empty'],['pc_empty'],['attack_empty'],0.0,0.0,1.0,0.0,0.0,0.0,1.0,0.0,0.0,0.0,0.0,0.0,0.0,0.0,0.0,0.0,1.0,0.0,0.0,0.0,1.0,0.0,0.0,0.0,0.0,0.0,0.0,0.0
1483,img/01483.png,0.0,"feeling bored, let's go to a mosque",train,3907,1113,1779,['pc_empty'],['attack_empty'],['pc_empty'],['attack_empty'],0.0,0.0,1.0,0.0,0.0,0.0,1.0,0.0,0.0,0.0,0.0,0.0,0.0,0.0,0.0,0.0,1.0,0.0,0.0,0.0,1.0,0.0,0.0,0.0,0.0,0.0,0.0,0.0
1823,img/01823.png,0.0,i too was once a male trapped in a female's body but then i was born,train,3910,4574,4504,['pc_empty'],['attack_empty'],['pc_empty'],['attack_empty'],0.0,0.0,1.0,0.0,0.0,0.0,1.0,0.0,0.0,0.0,0.0,0.0,0.0,0.0,0.0,0.0,1.0,0.0,0.0,0.0,1.0,0.0,0.0,0.0,0.0,0.0,0.0,0.0
2894,img/02894.png,0.0,"how high are you no officer, its ""hi, how are you""?",train,3922,4985,4928,['pc_empty'],['attack_empty'],['pc_empty'],['attack_empty'],0.0,0.0,1.0,0.0,0.0,0.0,1.0,0.0,0.0,0.0,0.0,0.0,0.0,0.0,0.0,0.0,1.0,0.0,0.0,0.0,1.0,0.0,0.0,0.0,0.0,0.0,0.0,0.0
3547,img/03547.png,0.0,people with dwarfism arguing,train,3959,2504,615,['pc_empty'],['attack_empty'],['pc_empty'],['attack_empty'],0.0,0.0,1.0,0.0,0.0,0.0,1.0,0.0,0.0,0.0,0.0,0.0,0.0,0.0,0.0,0.0,1.0,0.0,0.0,0.0,1.0,0.0,0.0,0.0,0.0,0.0,0.0,0.0
6714,img/06714.png,0.0,"vote for me free kfc, grape kool aid, & watermelon",train,3966,3849,3760,['pc_empty'],['attack_empty'],['pc_empty'],['attack_empty'],0.0,0.0,1.0,0.0,0.0,0.0,1.0,0.0,0.0,0.0,0.0,0.0,0.0,0.0,0.0,0.0,1.0,0.0,0.0,0.0,1.0,0.0,0.0,0.0,0.0,0.0,0.0,0.0
5976,img/05976.png,0.0,what does your wife and a hand grenade have in common remove the ring and your house is gone,train,3992,7042,1078,['pc_empty'],['attack_empty'],['pc_empty'],['attack_empty'],0.0,0.0,1.0,0.0,0.0,0.0,1.0,0.0,0.0,0.0,0.0,0.0,0.0,0.0,0.0,0.0,1.0,0.0,0.0,0.0,1.0,0.0,0.0,0.0,0.0,0.0,0.0,0.0
3917,img/03917.png,0.0,attacking a person for who they are or where they're from is an attack on their people and culture as a whole,train,4004,4373,779,['pc_empty'],['attack_empty'],['pc_empty'],['attack_empty'],0.0,0.0,1.0,0.0,0.0,0.0,1.0,0.0,0.0,0.0,0.0,0.0,0.0,0.0,0.0,0.0,1.0,0.0,0.0,0.0,1.0,0.0,0.0,0.0,0.0,0.0,0.0,0.0
3291,img/03291.png,1.0,do you agree with pauline to stop islamic immigration to australia share if you agree,train,4028,4376,4307,"['nationality', 'religion']",['exclusion'],"['nationality', 'religion']",['exclusion'],0.0,1.0,0.0,0.0,1.0,0.0,0.0,0.0,0.0,1.0,0.0,0.0,0.0,0.0,0.0,1.0,0.0,0.0,1.0,0.0,0.0,0.0,0.0,1.0,0.0,0.0,0.0,0.0
5362,img/05362.png,0.0,you like something that i do not particularly enjoy disgusting prepare to forfeit your life,train,4036,5846,613,['pc_empty'],['attack_empty'],['pc_empty'],['attack_empty'],0.0,0.0,1.0,0.0,0.0,0.0,1.0,0.0,0.0,0.0,0.0,0.0,0.0,0.0,0.0,0.0,1.0,0.0,0.0,0.0,1.0,0.0,0.0,0.0,0.0,0.0,0.0,0.0
2158,img/02158.png,1.0,i like my women like i like my chickens held in captivity until i behead them,train,4083,2829,2719,['sex'],"['inciting_violence', 'dehumanizing']",['sex'],"['dehumanizing', 'inciting_violence']",0.0,0.0,0.0,0.0,0.0,1.0,0.0,0.0,1.0,0.0,1.0,0.0,0.0,0.0,0.0,0.0,0.0,0.0,0.0,1.0,0.0,0.0,1.0,0.0,1.0,0.0,0.0,0.0
7241,img/07241.png,1.0,it warms my heart seeing fathers spending time woth their kids,train,4085,1144,7021,['pc_empty'],['attack_empty'],['pc_empty'],['attack_empty'],0.0,0.0,1.0,0.0,0.0,0.0,1.0,0.0,0.0,0.0,0.0,0.0,0.0,0.0,0.0,0.0,1.0,0.0,0.0,0.0,1.0,0.0,0.0,0.0,0.0,0.0,0.0,0.0
3479,img/03479.png,1.0,just waterin' the dirt,train,4092,1147,1092,['race'],['dehumanizing'],['race'],['dehumanizing'],0.0,0.0,0.0,1.0,0.0,0.0,0.0,0.0,1.0,0.0,0.0,0.0,0.0,0.0,0.0,0.0,0.0,1.0,0.0,0.0,0.0,0.0,1.0,0.0,0.0,0.0,0.0,0.0
3629,img/03629.png,0.0,hey man you gotta go home my parents are fighting again,train,4098,4882,4830,['pc_empty'],['attack_empty'],['pc_empty'],['attack_empty'],0.0,0.0,1.0,0.0,0.0,0.0,1.0,0.0,0.0,0.0,0.0,0.0,0.0,0.0,0.0,0.0,1.0,0.0,0.0,0.0,1.0,0.0,0.0,0.0,0.0,0.0,0.0,0.0
6759,img/06759.png,1.0,girl: how do you eat pussy? me: like a retard tasting ice cream for the first time,train,4150,5457,5407,['disability'],['contempt'],"['disability', 'sex']","['inferiority', 'slurs', 'contempt']",1.0,0.0,0.0,0.0,0.0,0.0,0.0,1.0,0.0,0.0,0.0,0.0,0.0,0.0,1.0,0.0,0.0,0.0,0.0,1.0,0.0,1.0,0.0,0.0,0.0,1.0,0.0,1.0
2461,img/02461.png,0.0,"whenever you feel stupid, remember this",train,4176,1164,5477,['pc_empty'],['attack_empty'],['pc_empty'],['attack_empty'],0.0,0.0,1.0,0.0,0.0,0.0,1.0,0.0,0.0,0.0,0.0,0.0,0.0,0.0,0.0,0.0,1.0,0.0,0.0,0.0,1.0,0.0,0.0,0.0,0.0,0.0,0.0,0.0
6378,img/06378.png,1.0,let's end racism,train,4178,1165,1101,['race'],['dehumanizing'],['race'],['dehumanizing'],0.0,0.0,0.0,1.0,0.0,0.0,0.0,0.0,1.0,0.0,0.0,0.0,0.0,0.0,0.0,0.0,0.0,1.0,0.0,0.0,0.0,0.0,1.0,0.0,0.0,0.0,0.0,0.0
7685,img/07685.png,1.0,"*when i finally snap and actually kill myself after years of saying ""i wanna die""* my friends: you did it. you crazy son of a bitch, you did it",train,4186,6449,6356,['disability'],"['inciting_violence', 'inferiority']",['disability'],"['inferiority', 'inciting_violence']",1.0,0.0,0.0,0.0,0.0,0.0,0.0,0.0,0.0,0.0,1.0,1.0,0.0,0.0,1.0,0.0,0.0,0.0,0.0,0.0,0.0,0.0,0.0,0.0,1.0,1.0,0.0,0.0
7318,img/07318.png,0.0,"you say i'm racist because i don't want illegals here? i have some news for you. ""illegal"" isn't a race, morons",train,4196,3140,3045,['pc_empty'],['attack_empty'],['pc_empty'],['attack_empty'],0.0,0.0,1.0,0.0,0.0,0.0,1.0,0.0,0.0,0.0,0.0,0.0,0.0,0.0,0.0,0.0,1.0,0.0,0.0,0.0,1.0,0.0,0.0,0.0,0.0,0.0,0.0,0.0
6537,img/06537.png,0.0,lust and love,train,4202,6543,1111,['pc_empty'],['attack_empty'],['pc_empty'],['attack_empty'],0.0,0.0,1.0,0.0,0.0,0.0,1.0,0.0,0.0,0.0,0.0,0.0,0.0,0.0,0.0,0.0,1.0,0.0,0.0,0.0,1.0,0.0,0.0,0.0,0.0,0.0,0.0,0.0
4273,img/04273.png,0.0,have you seen my bag,train,4226,7064,6949,['pc_empty'],['attack_empty'],['pc_empty'],['attack_empty'],0.0,0.0,1.0,0.0,0.0,0.0,1.0,0.0,0.0,0.0,0.0,0.0,0.0,0.0,0.0,0.0,1.0,0.0,0.0,0.0,1.0,0.0,0.0,0.0,0.0,0.0,0.0,0.0
3728,img/03728.png,0.0,"stalin: if you invade us, you break our agreement hitler: quicksaving..",train,4228,4420,4347,['pc_empty'],['attack_empty'],['pc_empty'],['attack_empty'],0.0,0.0,1.0,0.0,0.0,0.0,1.0,0.0,0.0,0.0,0.0,0.0,0.0,0.0,0.0,0.0,1.0,0.0,0.0,0.0,1.0,0.0,0.0,0.0,0.0,0.0,0.0,0.0
2456,img/02456.png,0.0,"people are loosing their minds over terrorism and isis in america... and veterans are all like... ""wake me up when i can go fuck shit up and not go to iail for it""",train,4235,6574,6465,['pc_empty'],['attack_empty'],['pc_empty'],['attack_empty'],0.0,0.0,1.0,0.0,0.0,0.0,1.0,0.0,0.0,0.0,0.0,0.0,0.0,0.0,0.0,0.0,1.0,0.0,0.0,0.0,1.0,0.0,0.0,0.0,0.0,0.0,0.0,0.0
5863,img/05863.png,1.0,hello brother wait is that a shotgun?,train,3872,1105,2626,['pc_empty'],['attack_empty'],['pc_empty'],['attack_empty'],0.0,0.0,1.0,0.0,0.0,0.0,1.0,0.0,0.0,0.0,0.0,0.0,0.0,0.0,0.0,0.0,1.0,0.0,0.0,0.0,1.0,0.0,0.0,0.0,0.0,0.0,0.0,0.0
3289,img/03289.png,0.0,fuck banks fuck indians too,train,4244,1177,3341,['pc_empty'],['attack_empty'],['pc_empty'],['attack_empty'],0.0,0.0,1.0,0.0,0.0,0.0,1.0,0.0,0.0,0.0,0.0,0.0,0.0,0.0,0.0,0.0,1.0,0.0,0.0,0.0,1.0,0.0,0.0,0.0,0.0,0.0,0.0,0.0
2168,img/02168.png,0.0,how many fucking accounts do you assholes have?,train,4246,6219,6144,['pc_empty'],['attack_empty'],['pc_empty'],['attack_empty'],0.0,0.0,1.0,0.0,0.0,0.0,1.0,0.0,0.0,0.0,0.0,0.0,0.0,0.0,0.0,0.0,1.0,0.0,0.0,0.0,1.0,0.0,0.0,0.0,0.0,0.0,0.0,0.0
7236,img/07236.png,1.0,"when you realize that ""ginger"" is just the n-word, rearranged",train,4247,1179,2989,['race'],['slurs'],['race'],['slurs'],0.0,0.0,0.0,1.0,0.0,0.0,0.0,0.0,0.0,0.0,0.0,0.0,0.0,1.0,0.0,0.0,0.0,1.0,0.0,0.0,0.0,0.0,0.0,0.0,0.0,0.0,0.0,1.0
1975,img/01975.png,1.0,valentine in islamic countries,train,2920,881,982,['religion'],['dehumanizing'],['religion'],['dehumanizing'],0.0,0.0,0.0,0.0,1.0,0.0,0.0,0.0,1.0,0.0,0.0,0.0,0.0,0.0,0.0,0.0,0.0,0.0,1.0,0.0,0.0,0.0,1.0,0.0,0.0,0.0,0.0,0.0
5376,img/05376.png,0.0,did you know you are supposed to pull anal beads out slowly? i didn't... i started the wife up like a fucking chainsaw,train,4261,4068,3988,['pc_empty'],['attack_empty'],['pc_empty'],['attack_empty'],0.0,0.0,1.0,0.0,0.0,0.0,1.0,0.0,0.0,0.0,0.0,0.0,0.0,0.0,0.0,0.0,1.0,0.0,0.0,0.0,1.0,0.0,0.0,0.0,0.0,0.0,0.0,0.0
7458,img/07458.png,1.0,transgender satan is not amused,train,1324,437,2608,['sex'],['dehumanizing'],['sex'],"['inferiority', 'dehumanizing']",0.0,0.0,0.0,0.0,0.0,1.0,0.0,0.0,1.0,0.0,0.0,0.0,0.0,0.0,0.0,0.0,0.0,0.0,0.0,1.0,0.0,0.0,1.0,0.0,0.0,1.0,0.0,0.0
6791,img/06791.png,0.0,great news! my iq tests came back negative,train,4288,6064,1131,['pc_empty'],['attack_empty'],['pc_empty'],['attack_empty'],0.0,0.0,1.0,0.0,0.0,0.0,1.0,0.0,0.0,0.0,0.0,0.0,0.0,0.0,0.0,0.0,1.0,0.0,0.0,0.0,1.0,0.0,0.0,0.0,0.0,0.0,0.0,0.0
4321,img/04321.png,0.0,"""if that uckin bastard wins, we're all going to hang from nooses! you better fix this shit!"" -hillary clinton email to donna brazile october 17, 2016",train,4291,975,2367,['pc_empty'],['attack_empty'],['pc_empty'],['attack_empty'],0.0,0.0,1.0,0.0,0.0,0.0,1.0,0.0,0.0,0.0,0.0,0.0,0.0,0.0,0.0,0.0,1.0,0.0,0.0,0.0,1.0,0.0,0.0,0.0,0.0,0.0,0.0,0.0
1924,img/01924.png,1.0,whats the difference between a feminist and a suicide vest? a suicide vest actually accomplishes something when its triggered,train,4297,3859,3771,['sex'],['inferiority'],['sex'],"['inferiority', 'dehumanizing']",0.0,0.0,0.0,0.0,0.0,1.0,0.0,0.0,0.0,0.0,0.0,1.0,0.0,0.0,0.0,0.0,0.0,0.0,0.0,1.0,0.0,0.0,1.0,0.0,0.0,1.0,0.0,0.0
2384,img/02384.png,0.0,caitlin jenner showing off her new whip,train,4302,4336,1134,['pc_empty'],['attack_empty'],['pc_empty'],['attack_empty'],0.0,0.0,1.0,0.0,0.0,0.0,1.0,0.0,0.0,0.0,0.0,0.0,0.0,0.0,0.0,0.0,1.0,0.0,0.0,0.0,1.0,0.0,0.0,0.0,0.0,0.0,0.0,0.0
4637,img/04637.png,0.0,when your chinese food shows up completely uncooked,train,1579,516,5205,['pc_empty'],['attack_empty'],['pc_empty'],['attack_empty'],0.0,0.0,1.0,0.0,0.0,0.0,1.0,0.0,0.0,0.0,0.0,0.0,0.0,0.0,0.0,0.0,1.0,0.0,0.0,0.0,1.0,0.0,0.0,0.0,0.0,0.0,0.0,0.0
5874,img/05874.png,0.0,how you like me now ?,train,4357,3205,1147,['pc_empty'],['attack_empty'],['pc_empty'],['attack_empty'],0.0,0.0,1.0,0.0,0.0,0.0,1.0,0.0,0.0,0.0,0.0,0.0,0.0,0.0,0.0,0.0,1.0,0.0,0.0,0.0,1.0,0.0,0.0,0.0,0.0,0.0,0.0,0.0
4623,img/04623.png,1.0,"six kids, no husband, no job, and food stamps $10,000 back in income taxes",train,4359,1200,2839,['race'],['inferiority'],"['nationality', 'race', 'class']",['inferiority'],0.0,0.0,0.0,1.0,0.0,0.0,0.0,0.0,0.0,0.0,0.0,1.0,0.0,0.0,0.0,1.0,0.0,1.0,0.0,0.0,0.0,0.0,0.0,0.0,0.0,1.0,0.0,0.0
5369,img/05369.png,0.0,person i chase: *shows clear signs he doesn't want to do anything with me* me: i'm gonna pretend i didn't see that,train,4377,1203,4907,['pc_empty'],['attack_empty'],['pc_empty'],['attack_empty'],0.0,0.0,1.0,0.0,0.0,0.0,1.0,0.0,0.0,0.0,0.0,0.0,0.0,0.0,0.0,0.0,1.0,0.0,0.0,0.0,1.0,0.0,0.0,0.0,0.0,0.0,0.0,0.0
4379,img/04379.png,0.0,tfw you hear that you should be able to walk again with 2 months of pt,train,4385,6883,1152,['pc_empty'],['attack_empty'],['pc_empty'],['attack_empty'],0.0,0.0,1.0,0.0,0.0,0.0,1.0,0.0,0.0,0.0,0.0,0.0,0.0,0.0,0.0,0.0,1.0,0.0,0.0,0.0,1.0,0.0,0.0,0.0,0.0,0.0,0.0,0.0
7354,img/07354.png,0.0,is there anything more beautiful than the islamic call to prayer?,train,2091,663,2170,['pc_empty'],['attack_empty'],['pc_empty'],['attack_empty'],0.0,0.0,1.0,0.0,0.0,0.0,1.0,0.0,0.0,0.0,0.0,0.0,0.0,0.0,0.0,0.0,1.0,0.0,0.0,0.0,1.0,0.0,0.0,0.0,0.0,0.0,0.0,0.0
6874,img/06874.png,1.0,ach!! thats my car volkswagen cars produce more gaz than expected,train,4395,1208,3674,['religion'],['mocking'],['religion'],['mocking'],0.0,0.0,0.0,0.0,1.0,0.0,0.0,0.0,0.0,0.0,0.0,0.0,1.0,0.0,0.0,0.0,0.0,0.0,1.0,0.0,0.0,0.0,0.0,0.0,0.0,0.0,1.0,0.0
1452,img/01452.png,0.0,the feeling after a long day at work,train,4406,5986,1156,['pc_empty'],['attack_empty'],['pc_empty'],['attack_empty'],0.0,0.0,1.0,0.0,0.0,0.0,1.0,0.0,0.0,0.0,0.0,0.0,0.0,0.0,0.0,0.0,1.0,0.0,0.0,0.0,1.0,0.0,0.0,0.0,0.0,0.0,0.0,0.0
6987,img/06987.png,0.0,that look you give when you got your fix but not your kids,train,4432,1216,5247,['disability'],['inferiority'],"['disability', 'sex']","['inferiority', 'dehumanizing', 'contempt']",1.0,0.0,0.0,0.0,0.0,0.0,0.0,0.0,0.0,0.0,0.0,1.0,0.0,0.0,1.0,0.0,0.0,0.0,0.0,1.0,0.0,1.0,1.0,0.0,0.0,1.0,0.0,0.0
6425,img/06425.png,0.0,"if you have a problem with me..call me if you don't have my number, then that means you don't know me well enough to have a problem",train,4447,6182,36,['pc_empty'],['attack_empty'],['pc_empty'],['attack_empty'],0.0,0.0,1.0,0.0,0.0,0.0,1.0,0.0,0.0,0.0,0.0,0.0,0.0,0.0,0.0,0.0,1.0,0.0,0.0,0.0,1.0,0.0,0.0,0.0,0.0,0.0,0.0,0.0
7825,img/07825.png,0.0,men and women are sacrificing their lives doing this so that we can live peacfully in the comfort of our homes,train,4448,5946,5886,['pc_empty'],['attack_empty'],['pc_empty'],['attack_empty'],0.0,0.0,1.0,0.0,0.0,0.0,1.0,0.0,0.0,0.0,0.0,0.0,0.0,0.0,0.0,0.0,1.0,0.0,0.0,0.0,1.0,0.0,0.0,0.0,0.0,0.0,0.0,0.0
7851,img/07851.png,0.0,feeling fresh for picture day,train,4461,6604,1166,['pc_empty'],['attack_empty'],['pc_empty'],['attack_empty'],0.0,0.0,1.0,0.0,0.0,0.0,1.0,0.0,0.0,0.0,0.0,0.0,0.0,0.0,0.0,0.0,1.0,0.0,0.0,0.0,1.0,0.0,0.0,0.0,0.0,0.0,0.0,0.0
6739,img/06739.png,0.0,"i don't usually act like an asshole... ...but when i do, i'm probably fucking with someone from the shallow gene pool",train,4463,3306,327,['pc_empty'],['attack_empty'],['pc_empty'],['attack_empty'],0.0,0.0,1.0,0.0,0.0,0.0,1.0,0.0,0.0,0.0,0.0,0.0,0.0,0.0,0.0,0.0,1.0,0.0,0.0,0.0,1.0,0.0,0.0,0.0,0.0,0.0,0.0,0.0
2165,img/02165.png,0.0,the difference between moderate muslim and radical muslim follow my allah or i kill you! follow my allah or he kill,train,4464,324,2119,['religion'],['dehumanizing'],['religion'],"['inferiority', 'dehumanizing', 'inciting_violence']",0.0,0.0,0.0,0.0,1.0,0.0,0.0,0.0,1.0,0.0,0.0,0.0,0.0,0.0,0.0,0.0,0.0,0.0,1.0,0.0,0.0,0.0,1.0,0.0,1.0,1.0,0.0,0.0
5327,img/05327.png,0.0,i just realized that all i can be is true to myself not matter what,train,4468,5716,1167,['pc_empty'],['attack_empty'],['pc_empty'],['attack_empty'],0.0,0.0,1.0,0.0,0.0,0.0,1.0,0.0,0.0,0.0,0.0,0.0,0.0,0.0,0.0,0.0,1.0,0.0,0.0,0.0,1.0,0.0,0.0,0.0,0.0,0.0,0.0,0.0
4126,img/04126.png,1.0,"hitler be like ""you sure i killed 6 million? they aint up here",train,4513,3994,1172,['religion'],['mocking'],['religion'],['mocking'],0.0,0.0,0.0,0.0,1.0,0.0,0.0,0.0,0.0,0.0,0.0,0.0,1.0,0.0,0.0,0.0,0.0,0.0,1.0,0.0,0.0,0.0,0.0,0.0,0.0,0.0,1.0,0.0
2974,img/02974.png,1.0,"it might look fucked up, but her handjobs are fucking unbelievable",train,4525,1230,109,['disability'],"['inferiority', 'contempt']","['disability', 'sex']","['inferiority', 'contempt']",1.0,0.0,0.0,0.0,0.0,0.0,0.0,1.0,0.0,0.0,0.0,1.0,0.0,0.0,1.0,0.0,0.0,0.0,0.0,1.0,0.0,1.0,0.0,0.0,0.0,1.0,0.0,0.0
1472,img/01472.png,0.0,in my country this headdress is common to wear if you want to. here in other countries i am also free to wear it if i want to,train,4547,5472,5426,['pc_empty'],['attack_empty'],['pc_empty'],['attack_empty'],0.0,0.0,1.0,0.0,0.0,0.0,1.0,0.0,0.0,0.0,0.0,0.0,0.0,0.0,0.0,0.0,1.0,0.0,0.0,0.0,1.0,0.0,0.0,0.0,0.0,0.0,0.0,0.0
1854,img/01854.png,1.0,goes for when an indian walk with his dog,train,4565,889,1176,['pc_empty'],['attack_empty'],['pc_empty'],['attack_empty'],0.0,0.0,1.0,0.0,0.0,0.0,1.0,0.0,0.0,0.0,0.0,0.0,0.0,0.0,0.0,0.0,1.0,0.0,0.0,0.0,1.0,0.0,0.0,0.0,0.0,0.0,0.0,0.0
4975,img/04975.png,0.0,look at me this is my meme now,train,4576,6753,6643,['pc_empty'],['attack_empty'],['pc_empty'],['attack_empty'],0.0,0.0,1.0,0.0,0.0,0.0,1.0,0.0,0.0,0.0,0.0,0.0,0.0,0.0,0.0,0.0,1.0,0.0,0.0,0.0,1.0,0.0,0.0,0.0,0.0,0.0,0.0,0.0
1423,img/01423.png,0.0,when you want to nap after a long day of mudding,train,4586,2159,1179,['pc_empty'],['attack_empty'],['pc_empty'],['attack_empty'],0.0,0.0,1.0,0.0,0.0,0.0,1.0,0.0,0.0,0.0,0.0,0.0,0.0,0.0,0.0,0.0,1.0,0.0,0.0,0.0,1.0,0.0,0.0,0.0,0.0,0.0,0.0,0.0
6534,img/06534.png,0.0,sorry white guys but i only date black guys,train,4588,1241,6247,['race'],['dehumanizing'],['race'],"['inferiority', 'dehumanizing']",0.0,0.0,0.0,1.0,0.0,0.0,0.0,0.0,1.0,0.0,0.0,0.0,0.0,0.0,0.0,0.0,0.0,1.0,0.0,0.0,0.0,0.0,1.0,0.0,0.0,1.0,0.0,0.0
2814,img/02814.png,1.0,want to party? yeah i'm down,train,3466,1019,1183,['disability'],['inferiority'],['disability'],"['mocking', 'inferiority']",1.0,0.0,0.0,0.0,0.0,0.0,0.0,0.0,0.0,0.0,0.0,1.0,0.0,0.0,1.0,0.0,0.0,0.0,0.0,0.0,0.0,0.0,0.0,0.0,0.0,1.0,1.0,0.0
5273,img/05273.png,1.0,"someone needs to invent car fax for vaginas ""i have only been with one guy."" ""yeah sure, show me the whorefax.""",train,4614,2336,2224,['sex'],['inferiority'],['sex'],['inferiority'],0.0,0.0,0.0,0.0,0.0,1.0,0.0,0.0,0.0,0.0,0.0,1.0,0.0,0.0,0.0,0.0,0.0,0.0,0.0,1.0,0.0,0.0,0.0,0.0,0.0,1.0,0.0,0.0
4629,img/04629.png,0.0,halloween was great this year,train,4619,3548,1186,['pc_empty'],['attack_empty'],['pc_empty'],['attack_empty'],0.0,0.0,1.0,0.0,0.0,0.0,1.0,0.0,0.0,0.0,0.0,0.0,0.0,0.0,0.0,0.0,1.0,0.0,0.0,0.0,1.0,0.0,0.0,0.0,0.0,0.0,0.0,0.0
6127,img/06127.png,0.0,when you ask the stoke patient to smile,train,3121,935,4068,['pc_empty'],['attack_empty'],['pc_empty'],['attack_empty'],0.0,0.0,1.0,0.0,0.0,0.0,1.0,0.0,0.0,0.0,0.0,0.0,0.0,0.0,0.0,0.0,1.0,0.0,0.0,0.0,1.0,0.0,0.0,0.0,0.0,0.0,0.0,0.0
2657,img/02657.png,1.0,oh look someone's returning a broken sandwich maker to walmart,train,3701,1071,72,['sex'],['dehumanizing'],['sex'],['dehumanizing'],0.0,0.0,0.0,0.0,0.0,1.0,0.0,0.0,1.0,0.0,0.0,0.0,0.0,0.0,0.0,0.0,0.0,0.0,0.0,1.0,0.0,0.0,1.0,0.0,0.0,0.0,0.0,0.0
2471,img/02471.png,0.0,when you walk into the welfare office hello monkeys,train,4622,3351,3259,['pc_empty'],['attack_empty'],['pc_empty'],['attack_empty'],0.0,0.0,1.0,0.0,0.0,0.0,1.0,0.0,0.0,0.0,0.0,0.0,0.0,0.0,0.0,0.0,1.0,0.0,0.0,0.0,1.0,0.0,0.0,0.0,0.0,0.0,0.0,0.0
5476,img/05476.png,0.0,greetings white person time to die,train,3480,1023,5725,['pc_empty'],['attack_empty'],['pc_empty'],['attack_empty'],0.0,0.0,1.0,0.0,0.0,0.0,1.0,0.0,0.0,0.0,0.0,0.0,0.0,0.0,0.0,0.0,1.0,0.0,0.0,0.0,1.0,0.0,0.0,0.0,0.0,0.0,0.0,0.0
1736,img/01736.png,0.0,korean war soldiers come home msnbc no live coverage cnn 58 seconds nbc no coverage abc 24 seconds cbc no coverage share if they should be ashamed,train,4628,3373,3288,['pc_empty'],['attack_empty'],['pc_empty'],['attack_empty'],0.0,0.0,1.0,0.0,0.0,0.0,1.0,0.0,0.0,0.0,0.0,0.0,0.0,0.0,0.0,0.0,1.0,0.0,0.0,0.0,1.0,0.0,0.0,0.0,0.0,0.0,0.0,0.0
1467,img/01467.png,0.0,it's a great day to be a honky!,train,4639,4507,4437,['race'],['slurs'],['race'],['slurs'],0.0,0.0,0.0,1.0,0.0,0.0,0.0,0.0,0.0,0.0,0.0,0.0,0.0,1.0,0.0,0.0,0.0,1.0,0.0,0.0,0.0,0.0,0.0,0.0,0.0,0.0,0.0,1.0
4732,img/04732.png,0.0,trump supporters be like make america great again,train,4657,6945,56,['pc_empty'],['attack_empty'],['pc_empty'],['attack_empty'],0.0,0.0,1.0,0.0,0.0,0.0,1.0,0.0,0.0,0.0,0.0,0.0,0.0,0.0,0.0,0.0,1.0,0.0,0.0,0.0,1.0,0.0,0.0,0.0,0.0,0.0,0.0,0.0
5947,img/05947.png,0.0,still more confirmed sightings than 28 nosler ammo,train,4659,3593,1060,['pc_empty'],['attack_empty'],['pc_empty'],['attack_empty'],0.0,0.0,1.0,0.0,0.0,0.0,1.0,0.0,0.0,0.0,0.0,0.0,0.0,0.0,0.0,0.0,1.0,0.0,0.0,0.0,1.0,0.0,0.0,0.0,0.0,0.0,0.0,0.0
6952,img/06952.png,0.0,motorcross bikes are ridden by drug dealers and gang members because they can easily elude law enforcement mothers against death sports if your child has an interest in motorcross they may have joined a gang or be involved in the illegal drug trade,train,4671,5940,5877,['pc_empty'],['attack_empty'],['pc_empty'],['attack_empty'],0.0,0.0,1.0,0.0,0.0,0.0,1.0,0.0,0.0,0.0,0.0,0.0,0.0,0.0,0.0,0.0,1.0,0.0,0.0,0.0,1.0,0.0,0.0,0.0,0.0,0.0,0.0,0.0
2561,img/02561.png,1.0,"we are coming to america one way or another! we will rape, pillage, & reap havoc riot on your nation while stealing your welfare",train,4675,1252,6272,"['race', 'nationality']",['dehumanizing'],"['nationality', 'race']","['inferiority', 'dehumanizing', 'inciting_violence']",0.0,1.0,0.0,1.0,0.0,0.0,0.0,0.0,1.0,0.0,0.0,0.0,0.0,0.0,0.0,1.0,0.0,1.0,0.0,0.0,0.0,0.0,1.0,0.0,1.0,1.0,0.0,0.0
3942,img/03942.png,0.0,they're just like anyone else,train,4683,4926,1198,['pc_empty'],['attack_empty'],['pc_empty'],['attack_empty'],0.0,0.0,1.0,0.0,0.0,0.0,1.0,0.0,0.0,0.0,0.0,0.0,0.0,0.0,0.0,0.0,1.0,0.0,0.0,0.0,1.0,0.0,0.0,0.0,0.0,0.0,0.0,0.0
1348,img/01348.png,0.0,meanwhile at the isis strip club,train,117,39,41,['pc_empty'],['attack_empty'],['pc_empty'],['attack_empty'],0.0,0.0,1.0,0.0,0.0,0.0,1.0,0.0,0.0,0.0,0.0,0.0,0.0,0.0,0.0,0.0,1.0,0.0,0.0,0.0,1.0,0.0,0.0,0.0,0.0,0.0,0.0,0.0
2536,img/02536.png,0.0,don't drink and drive,train,4704,2318,1204,['pc_empty'],['attack_empty'],['pc_empty'],['attack_empty'],0.0,0.0,1.0,0.0,0.0,0.0,1.0,0.0,0.0,0.0,0.0,0.0,0.0,0.0,0.0,0.0,1.0,0.0,0.0,0.0,1.0,0.0,0.0,0.0,0.0,0.0,0.0,0.0
6293,img/06293.png,1.0,do you know how to end transphobia? killing all trans people,train,4707,4918,4861,['sex'],['inciting_violence'],['sex'],['inciting_violence'],0.0,0.0,0.0,0.0,0.0,1.0,0.0,0.0,0.0,0.0,1.0,0.0,0.0,0.0,0.0,0.0,0.0,0.0,0.0,1.0,0.0,0.0,0.0,0.0,1.0,0.0,0.0,0.0
5793,img/05793.png,0.0,name something females say before sucking dick,train,4714,6297,6216,['pc_empty'],['attack_empty'],['pc_empty'],['attack_empty'],0.0,0.0,1.0,0.0,0.0,0.0,1.0,0.0,0.0,0.0,0.0,0.0,0.0,0.0,0.0,0.0,1.0,0.0,0.0,0.0,1.0,0.0,0.0,0.0,0.0,0.0,0.0,0.0
1698,img/01698.png,1.0,this guy cut her head off workplace violence my ass,train,4729,4581,4511,['pc_empty'],['attack_empty'],['pc_empty'],['attack_empty'],0.0,0.0,1.0,0.0,0.0,0.0,1.0,0.0,0.0,0.0,0.0,0.0,0.0,0.0,0.0,0.0,1.0,0.0,0.0,0.0,1.0,0.0,0.0,0.0,0.0,0.0,0.0,0.0
5824,img/05824.png,0.0,"keep yelling, motherfuckers you're just playing call of duty",train,4735,3986,1211,['pc_empty'],['attack_empty'],['pc_empty'],['attack_empty'],0.0,0.0,1.0,0.0,0.0,0.0,1.0,0.0,0.0,0.0,0.0,0.0,0.0,0.0,0.0,0.0,1.0,0.0,0.0,0.0,1.0,0.0,0.0,0.0,0.0,0.0,0.0,0.0
1498,img/01498.png,0.0,democrats claim daca kids shouldn't have to pay for their parent's crimes... ...but white people are still responsible for 17th century slave owners??,train,4747,196,6769,['pc_empty'],['attack_empty'],['pc_empty'],['attack_empty'],0.0,0.0,1.0,0.0,0.0,0.0,1.0,0.0,0.0,0.0,0.0,0.0,0.0,0.0,0.0,0.0,1.0,0.0,0.0,0.0,1.0,0.0,0.0,0.0,0.0,0.0,0.0,0.0
6715,img/06715.png,0.0,take them to the zoo they said they'll learn something new they said,train,4754,6919,6801,['pc_empty'],['attack_empty'],['pc_empty'],['attack_empty'],0.0,0.0,1.0,0.0,0.0,0.0,1.0,0.0,0.0,0.0,0.0,0.0,0.0,0.0,0.0,0.0,1.0,0.0,0.0,0.0,1.0,0.0,0.0,0.0,0.0,0.0,0.0,0.0
5726,img/05726.png,0.0,a stork might bring you a baby but a swallow never will,train,4760,6772,978,['pc_empty'],['attack_empty'],['pc_empty'],['attack_empty'],0.0,0.0,1.0,0.0,0.0,0.0,1.0,0.0,0.0,0.0,0.0,0.0,0.0,0.0,0.0,0.0,1.0,0.0,0.0,0.0,1.0,0.0,0.0,0.0,0.0,0.0,0.0,0.0
1746,img/01746.png,0.0,everyone told me you gonna be a blessing,train,4766,1928,361,['pc_empty'],['attack_empty'],['pc_empty'],['attack_empty'],0.0,0.0,1.0,0.0,0.0,0.0,1.0,0.0,0.0,0.0,0.0,0.0,0.0,0.0,0.0,0.0,1.0,0.0,0.0,0.0,1.0,0.0,0.0,0.0,0.0,0.0,0.0,0.0
4153,img/04153.png,0.0,let's end racism,train,4178,1165,1761,['pc_empty'],['attack_empty'],['pc_empty'],['attack_empty'],0.0,0.0,1.0,0.0,0.0,0.0,1.0,0.0,0.0,0.0,0.0,0.0,0.0,0.0,0.0,0.0,1.0,0.0,0.0,0.0,1.0,0.0,0.0,0.0,0.0,0.0,0.0,0.0
3495,img/03495.png,0.0,"when your homie throws a heart react on your status just fucking kiss me, man",train,4782,6906,6792,['pc_empty'],['attack_empty'],['pc_empty'],['attack_empty'],0.0,0.0,1.0,0.0,0.0,0.0,1.0,0.0,0.0,0.0,0.0,0.0,0.0,0.0,0.0,0.0,1.0,0.0,0.0,0.0,1.0,0.0,0.0,0.0,0.0,0.0,0.0,0.0
7238,img/07238.png,0.0,"uh oh, guess what day it is trump day",train,4783,1824,1736,['pc_empty'],['attack_empty'],['pc_empty'],['attack_empty'],0.0,0.0,1.0,0.0,0.0,0.0,1.0,0.0,0.0,0.0,0.0,0.0,0.0,0.0,0.0,0.0,1.0,0.0,0.0,0.0,1.0,0.0,0.0,0.0,0.0,0.0,0.0,0.0
7261,img/07261.png,1.0,so you are telling me american gypsies are just white trash,train,4784,2656,2554,"['race', 'nationality']",['dehumanizing'],"['nationality', 'race']",['dehumanizing'],0.0,1.0,0.0,1.0,0.0,0.0,0.0,0.0,1.0,0.0,0.0,0.0,0.0,0.0,0.0,1.0,0.0,1.0,0.0,0.0,0.0,0.0,1.0,0.0,0.0,0.0,0.0,0.0
1743,img/01743.png,0.0,sen mitt romney wall declaration let's make this his last term wwg1wga! utah voted against trumps emergency,train,4820,4446,4375,['pc_empty'],['attack_empty'],['pc_empty'],['attack_empty'],0.0,0.0,1.0,0.0,0.0,0.0,1.0,0.0,0.0,0.0,0.0,0.0,0.0,0.0,0.0,0.0,1.0,0.0,0.0,0.0,1.0,0.0,0.0,0.0,0.0,0.0,0.0,0.0
6147,img/06147.png,0.0,it's the this is the qur'an islamic sacred book,train,4826,3172,1157,['pc_empty'],['attack_empty'],['pc_empty'],['attack_empty'],0.0,0.0,1.0,0.0,0.0,0.0,1.0,0.0,0.0,0.0,0.0,0.0,0.0,0.0,0.0,0.0,1.0,0.0,0.0,0.0,1.0,0.0,0.0,0.0,0.0,0.0,0.0,0.0
2316,img/02316.png,1.0,they can kill the messenger but they can't kill the message,train,4538,1233,1230,['pc_empty'],['attack_empty'],['pc_empty'],['attack_empty'],0.0,0.0,1.0,0.0,0.0,0.0,1.0,0.0,0.0,0.0,0.0,0.0,0.0,0.0,0.0,0.0,1.0,0.0,0.0,0.0,1.0,0.0,0.0,0.0,0.0,0.0,0.0,0.0
2958,img/02958.png,1.0,when you forget that your blind friend has a heightened sense of smell bro. chop a fuckin line up for me,train,4875,5142,5071,['pc_empty'],['attack_empty'],['pc_empty'],['attack_empty'],0.0,0.0,1.0,0.0,0.0,0.0,1.0,0.0,0.0,0.0,0.0,0.0,0.0,0.0,0.0,0.0,1.0,0.0,0.0,0.0,1.0,0.0,0.0,0.0,0.0,0.0,0.0,0.0
5479,img/05479.png,0.0,"this is steve, he lives with both parents, who both work. no one in his family has a middle name in their facebook name, like javeon doingbigthings jackson. everyone in his family can swim",train,4900,1289,5318,['pc_empty'],['attack_empty'],['pc_empty'],['attack_empty'],0.0,0.0,1.0,0.0,0.0,0.0,1.0,0.0,0.0,0.0,0.0,0.0,0.0,0.0,0.0,0.0,1.0,0.0,0.0,0.0,1.0,0.0,0.0,0.0,0.0,0.0,0.0,0.0
2975,img/02975.png,0.0,you never realize how little self control you actually have until chips and salsa are in front of you at the mexican restaurant,train,4905,4389,4319,['pc_empty'],['attack_empty'],['pc_empty'],['attack_empty'],0.0,0.0,1.0,0.0,0.0,0.0,1.0,0.0,0.0,0.0,0.0,0.0,0.0,0.0,0.0,0.0,1.0,0.0,0.0,0.0,1.0,0.0,0.0,0.0,0.0,0.0,0.0,0.0
2857,img/02857.png,1.0,"i love it when women go to school. it's like seeing a monkey on roller skates: it means nothing to them, but it's so adorable for us",train,4911,4297,4222,['sex'],['dehumanizing'],['sex'],"['inferiority', 'dehumanizing']",0.0,0.0,0.0,0.0,0.0,1.0,0.0,0.0,1.0,0.0,0.0,0.0,0.0,0.0,0.0,0.0,0.0,0.0,0.0,1.0,0.0,0.0,1.0,0.0,0.0,1.0,0.0,0.0
5398,img/05398.png,1.0,when a cop pulls his gun on you but you're white gotcha,train,4912,4998,4941,['race'],['dehumanizing'],['race'],"['dehumanizing', 'inciting_violence']",0.0,0.0,0.0,1.0,0.0,0.0,0.0,0.0,1.0,0.0,0.0,0.0,0.0,0.0,0.0,0.0,0.0,1.0,0.0,0.0,0.0,0.0,1.0,0.0,1.0,0.0,0.0,0.0
3659,img/03659.png,0.0,"""i hope the electoral college gets beat in the ncaa tournament""",train,4917,874,6380,['pc_empty'],['attack_empty'],['pc_empty'],['attack_empty'],0.0,0.0,1.0,0.0,0.0,0.0,1.0,0.0,0.0,0.0,0.0,0.0,0.0,0.0,0.0,0.0,1.0,0.0,0.0,0.0,1.0,0.0,0.0,0.0,0.0,0.0,0.0,0.0
4729,img/04729.png,0.0,what if punk is just gangsta rap for white kids,train,4919,6729,6625,['pc_empty'],['attack_empty'],['pc_empty'],['attack_empty'],0.0,0.0,1.0,0.0,0.0,0.0,1.0,0.0,0.0,0.0,0.0,0.0,0.0,0.0,0.0,0.0,1.0,0.0,0.0,0.0,1.0,0.0,0.0,0.0,0.0,0.0,0.0,0.0
6514,img/06514.png,0.0,halal... is it meat you're looking for?,train,1766,578,6320,['pc_empty'],['attack_empty'],['pc_empty'],['attack_empty'],0.0,0.0,1.0,0.0,0.0,0.0,1.0,0.0,0.0,0.0,0.0,0.0,0.0,0.0,0.0,0.0,1.0,0.0,0.0,0.0,1.0,0.0,0.0,0.0,0.0,0.0,0.0,0.0
7159,img/07159.png,0.0,when the school shooter finally leaves and the hottest girl in class is laying dead on the floor it's free real estate,train,4925,1292,5824,['sex'],['mocking'],"['race', 'sex']","['mocking', 'contempt', 'inciting_violence']",0.0,0.0,0.0,0.0,0.0,1.0,0.0,0.0,0.0,0.0,0.0,0.0,1.0,0.0,0.0,0.0,0.0,1.0,0.0,1.0,0.0,1.0,0.0,0.0,1.0,0.0,1.0,0.0
1943,img/01943.png,1.0,person i chase: *shows clear signs he doesn't want to do anything with me* me: i'm gonna pretend i didn't see that,train,4377,1203,1244,['disability'],['inferiority'],['disability'],['inferiority'],1.0,0.0,0.0,0.0,0.0,0.0,0.0,0.0,0.0,0.0,0.0,1.0,0.0,0.0,1.0,0.0,0.0,0.0,0.0,0.0,0.0,0.0,0.0,0.0,0.0,1.0,0.0,0.0
6125,img/06125.png,0.0,imma ask this question only once who's got my fucking lighter,train,4936,7313,7181,['pc_empty'],['attack_empty'],['pc_empty'],['attack_empty'],0.0,0.0,1.0,0.0,0.0,0.0,1.0,0.0,0.0,0.0,0.0,0.0,0.0,0.0,0.0,0.0,1.0,0.0,0.0,0.0,1.0,0.0,0.0,0.0,0.0,0.0,0.0,0.0
2816,img/02816.png,1.0,help im downing,train,4945,2427,62,['disability'],['inferiority'],['disability'],"['inferiority', 'inciting_violence']",1.0,0.0,0.0,0.0,0.0,0.0,0.0,0.0,0.0,0.0,0.0,1.0,0.0,0.0,1.0,0.0,0.0,0.0,0.0,0.0,0.0,0.0,0.0,0.0,1.0,1.0,0.0,0.0
4689,img/04689.png,0.0,illegal immigration the cowboy way we'll know them if they try to come back in!,train,4947,1296,2283,['pc_empty'],['attack_empty'],['pc_empty'],['attack_empty'],0.0,0.0,1.0,0.0,0.0,0.0,1.0,0.0,0.0,0.0,0.0,0.0,0.0,0.0,0.0,0.0,1.0,0.0,0.0,0.0,1.0,0.0,0.0,0.0,0.0,0.0,0.0,0.0
3189,img/03189.png,0.0,"if a man wants you, he will come and get you",train,4948,7449,7314,['pc_empty'],['attack_empty'],['pc_empty'],['attack_empty'],0.0,0.0,1.0,0.0,0.0,0.0,1.0,0.0,0.0,0.0,0.0,0.0,0.0,0.0,0.0,0.0,1.0,0.0,0.0,0.0,1.0,0.0,0.0,0.0,0.0,0.0,0.0,0.0
4295,img/04295.png,0.0,when black people say they are native american,train,4953,1297,3002,['pc_empty'],['attack_empty'],['pc_empty'],['attack_empty'],0.0,0.0,1.0,0.0,0.0,0.0,1.0,0.0,0.0,0.0,0.0,0.0,0.0,0.0,0.0,0.0,1.0,0.0,0.0,0.0,1.0,0.0,0.0,0.0,0.0,0.0,0.0,0.0
6842,img/06842.png,0.0,"when your trying explain why you were out last night with the boys . ""look honey""",train,4968,4147,1246,['pc_empty'],['attack_empty'],['pc_empty'],['attack_empty'],0.0,0.0,1.0,0.0,0.0,0.0,1.0,0.0,0.0,0.0,0.0,0.0,0.0,0.0,0.0,0.0,1.0,0.0,0.0,0.0,1.0,0.0,0.0,0.0,0.0,0.0,0.0,0.0
5986,img/05986.png,0.0,"we need to be like new zealand new zealand banned rifles, then move to new zealand bitch",train,4982,7277,7150,['pc_empty'],['attack_empty'],['pc_empty'],['attack_empty'],0.0,0.0,1.0,0.0,0.0,0.0,1.0,0.0,0.0,0.0,0.0,0.0,0.0,0.0,0.0,0.0,1.0,0.0,0.0,0.0,1.0,0.0,0.0,0.0,0.0,0.0,0.0,0.0
5614,img/05614.png,1.0,"the answer to the age-old question, does a bear shit in the woods? answer... yes they do! answer... yes they do! and here is scientific proof and here is scientific proof",train,4985,153,3485,['race'],['dehumanizing'],"['race', 'sex']",['dehumanizing'],0.0,0.0,0.0,1.0,0.0,0.0,0.0,0.0,1.0,0.0,0.0,0.0,0.0,0.0,0.0,0.0,0.0,1.0,0.0,1.0,0.0,0.0,1.0,0.0,0.0,0.0,0.0,0.0
1269,img/01269.png,1.0,kermit the frog definitely not a muslim,train,4995,6197,6125,['religion'],['contempt'],['religion'],['contempt'],0.0,0.0,0.0,0.0,1.0,0.0,0.0,1.0,0.0,0.0,0.0,0.0,0.0,0.0,0.0,0.0,0.0,0.0,1.0,0.0,0.0,1.0,0.0,0.0,0.0,0.0,0.0,0.0
3849,img/03849.png,0.0,gmc short for give me cock,train,4997,5855,5791,['pc_empty'],['attack_empty'],['pc_empty'],['attack_empty'],0.0,0.0,1.0,0.0,0.0,0.0,1.0,0.0,0.0,0.0,0.0,0.0,0.0,0.0,0.0,0.0,1.0,0.0,0.0,0.0,1.0,0.0,0.0,0.0,0.0,0.0,0.0,0.0
3789,img/03789.png,0.0,anne frankly i don't care,train,5003,4804,4,['religion'],['mocking'],['religion'],['mocking'],0.0,0.0,0.0,0.0,1.0,0.0,0.0,0.0,0.0,0.0,0.0,0.0,1.0,0.0,0.0,0.0,0.0,0.0,1.0,0.0,0.0,0.0,0.0,0.0,0.0,0.0,1.0,0.0
2381,img/02381.png,1.0,"got braces friend told me ""you're so black, even your teeth are behind bars""",train,5007,1999,1895,['race'],"['dehumanizing', 'inferiority']",['race'],"['inferiority', 'dehumanizing']",0.0,0.0,0.0,1.0,0.0,0.0,0.0,0.0,1.0,0.0,0.0,1.0,0.0,0.0,0.0,0.0,0.0,1.0,0.0,0.0,0.0,0.0,1.0,0.0,0.0,1.0,0.0,0.0
5463,img/05463.png,0.0,when you dress up for dinner at your girlfriend's house parent's house,train,5010,728,1872,['pc_empty'],['attack_empty'],['pc_empty'],['attack_empty'],0.0,0.0,1.0,0.0,0.0,0.0,1.0,0.0,0.0,0.0,0.0,0.0,0.0,0.0,0.0,0.0,1.0,0.0,0.0,0.0,1.0,0.0,0.0,0.0,0.0,0.0,0.0,0.0
2538,img/02538.png,0.0,when my girl pissed me off but she runs through the room in her draws me my dick,train,5026,4886,4835,['pc_empty'],['attack_empty'],['pc_empty'],['attack_empty'],0.0,0.0,1.0,0.0,0.0,0.0,1.0,0.0,0.0,0.0,0.0,0.0,0.0,0.0,0.0,0.0,1.0,0.0,0.0,0.0,1.0,0.0,0.0,0.0,0.0,0.0,0.0,0.0
4372,img/04372.png,0.0,my sister gave me this haircut after i fucked her,train,5027,5899,5835,['pc_empty'],['attack_empty'],['pc_empty'],['attack_empty'],0.0,0.0,1.0,0.0,0.0,0.0,1.0,0.0,0.0,0.0,0.0,0.0,0.0,0.0,0.0,0.0,1.0,0.0,0.0,0.0,1.0,0.0,0.0,0.0,0.0,0.0,0.0,0.0
5617,img/05617.png,0.0,"& chill i thought i you said netflix no i said ""here, take this pill",train,5034,7092,6979,['pc_empty'],['attack_empty'],['pc_empty'],['attack_empty'],0.0,0.0,1.0,0.0,0.0,0.0,1.0,0.0,0.0,0.0,0.0,0.0,0.0,0.0,0.0,0.0,1.0,0.0,0.0,0.0,1.0,0.0,0.0,0.0,0.0,0.0,0.0,0.0
1956,img/01956.png,0.0,i am a crocodile!,train,5036,7448,7312,['pc_empty'],['attack_empty'],['pc_empty'],['attack_empty'],0.0,0.0,1.0,0.0,0.0,0.0,1.0,0.0,0.0,0.0,0.0,0.0,0.0,0.0,0.0,0.0,1.0,0.0,0.0,0.0,1.0,0.0,0.0,0.0,0.0,0.0,0.0,0.0
3756,img/03756.png,1.0,white people have no right to live in africa... .. but it's a blackman's right to live in any european country he chooses?,train,5037,5594,5537,"['race', 'sex', 'nationality']",['exclusion'],"['nationality', 'race', 'sex']",['exclusion'],0.0,1.0,0.0,1.0,0.0,1.0,0.0,0.0,0.0,1.0,0.0,0.0,0.0,0.0,0.0,1.0,0.0,1.0,0.0,1.0,0.0,0.0,0.0,1.0,0.0,0.0,0.0,0.0
1465,img/01465.png,0.0,there is difference between violating muslims and other muslims dont get confused,train,5047,3153,1256,['pc_empty'],['attack_empty'],['pc_empty'],['attack_empty'],0.0,0.0,1.0,0.0,0.0,0.0,1.0,0.0,0.0,0.0,0.0,0.0,0.0,0.0,0.0,0.0,1.0,0.0,0.0,0.0,1.0,0.0,0.0,0.0,0.0,0.0,0.0,0.0
6823,img/06823.png,1.0,removes polish with chemicals nobody bats an eye removes polish with chemicals everybody loses his shit,train,723,231,443,"['nationality', 'religion']",['mocking'],"['nationality', 'religion']","['mocking', 'inciting_violence']",0.0,1.0,0.0,0.0,1.0,0.0,0.0,0.0,0.0,0.0,0.0,0.0,1.0,0.0,0.0,1.0,0.0,0.0,1.0,0.0,0.0,0.0,0.0,0.0,1.0,0.0,1.0,0.0
1395,img/01395.png,1.0,i just found out mexican babies come out just like the food,train,5094,3291,3198,['nationality'],['dehumanizing'],"['nationality', 'race']",['dehumanizing'],0.0,1.0,0.0,0.0,0.0,0.0,0.0,0.0,1.0,0.0,0.0,0.0,0.0,0.0,0.0,1.0,0.0,1.0,0.0,0.0,0.0,0.0,1.0,0.0,0.0,0.0,0.0,0.0
3896,img/03896.png,1.0,"let me salute to hitler the great he said ""i would have killed all the jews of the world, but i kept some to show the world why i killed them""",train,5099,1989,4,['religion'],['mocking'],['religion'],['mocking'],0.0,0.0,0.0,0.0,1.0,0.0,0.0,0.0,0.0,0.0,0.0,0.0,1.0,0.0,0.0,0.0,0.0,0.0,1.0,0.0,0.0,0.0,0.0,0.0,0.0,0.0,1.0,0.0
7456,img/07456.png,1.0,"domestic violence 2017 what level you on now? this chicken is cold,bitch!!",train,5108,4533,4465,['sex'],"['inciting_violence', 'dehumanizing']","['disability', 'race', 'sex']","['inferiority', 'dehumanizing', 'inciting_violence', 'contempt']",0.0,0.0,0.0,0.0,0.0,1.0,0.0,0.0,1.0,0.0,1.0,0.0,0.0,0.0,1.0,0.0,0.0,1.0,0.0,1.0,0.0,1.0,1.0,0.0,1.0,1.0,0.0,0.0
6914,img/06914.png,1.0,"""never forget"" - you said. i am the proof you have forgotten",train,5126,218,4065,['religion'],['dehumanizing'],['religion'],['dehumanizing'],0.0,0.0,0.0,0.0,1.0,0.0,0.0,0.0,1.0,0.0,0.0,0.0,0.0,0.0,0.0,0.0,0.0,0.0,1.0,0.0,0.0,0.0,1.0,0.0,0.0,0.0,0.0,0.0
7412,img/07412.png,1.0,white trash nation,train,3897,1112,4685,['race'],['dehumanizing'],['race'],['dehumanizing'],0.0,0.0,0.0,1.0,0.0,0.0,0.0,0.0,1.0,0.0,0.0,0.0,0.0,0.0,0.0,0.0,0.0,1.0,0.0,0.0,0.0,0.0,1.0,0.0,0.0,0.0,0.0,0.0
5276,img/05276.png,0.0,talk about that for a team photo,train,5144,6537,1272,['pc_empty'],['attack_empty'],['pc_empty'],['attack_empty'],0.0,0.0,1.0,0.0,0.0,0.0,1.0,0.0,0.0,0.0,0.0,0.0,0.0,0.0,0.0,0.0,1.0,0.0,0.0,0.0,1.0,0.0,0.0,0.0,0.0,0.0,0.0,0.0
2374,img/02374.png,0.0,"i don't always fuck midgets but when i do, i go balls deep",train,1034,343,3717,['pc_empty'],['attack_empty'],['pc_empty'],['attack_empty'],0.0,0.0,1.0,0.0,0.0,0.0,1.0,0.0,0.0,0.0,0.0,0.0,0.0,0.0,0.0,0.0,1.0,0.0,0.0,0.0,1.0,0.0,0.0,0.0,0.0,0.0,0.0,0.0
5164,img/05164.png,0.0,dark humor is like food not everyone gets it,train,5156,1178,6080,['race'],['inferiority'],['race'],"['inferiority', 'inciting_violence']",0.0,0.0,0.0,1.0,0.0,0.0,0.0,0.0,0.0,0.0,0.0,1.0,0.0,0.0,0.0,0.0,0.0,1.0,0.0,0.0,0.0,0.0,0.0,0.0,1.0,1.0,0.0,0.0
2543,img/02543.png,0.0,catch me outside how bout dat i'll catch my damn self outside,train,5181,6211,6138,['pc_empty'],['attack_empty'],['pc_empty'],['attack_empty'],0.0,0.0,1.0,0.0,0.0,0.0,1.0,0.0,0.0,0.0,0.0,0.0,0.0,0.0,0.0,0.0,1.0,0.0,0.0,0.0,1.0,0.0,0.0,0.0,0.0,0.0,0.0,0.0
7419,img/07419.png,1.0,"on this day, the 25th of march, 1920, the black and tans arrive in ireland... they are given a warm welcome",train,5185,6848,6739,['race'],['inciting_violence'],"['nationality', 'race', 'sex']",['inciting_violence'],0.0,0.0,0.0,1.0,0.0,0.0,0.0,0.0,0.0,0.0,1.0,0.0,0.0,0.0,0.0,1.0,0.0,1.0,0.0,1.0,0.0,0.0,0.0,0.0,1.0,0.0,0.0,0.0
5832,img/05832.png,0.0,hitler giving a speech,train,5189,3214,159,['pc_empty'],['attack_empty'],['pc_empty'],['attack_empty'],0.0,0.0,1.0,0.0,0.0,0.0,1.0,0.0,0.0,0.0,0.0,0.0,0.0,0.0,0.0,0.0,1.0,0.0,0.0,0.0,1.0,0.0,0.0,0.0,0.0,0.0,0.0,0.0
7438,img/07438.png,0.0,how women win an argument,train,5194,1332,3995,['pc_empty'],['attack_empty'],['pc_empty'],['attack_empty'],0.0,0.0,1.0,0.0,0.0,0.0,1.0,0.0,0.0,0.0,0.0,0.0,0.0,0.0,0.0,0.0,1.0,0.0,0.0,0.0,1.0,0.0,0.0,0.0,0.0,0.0,0.0,0.0
3841,img/03841.png,1.0,when i grow up... lol nevermind,train,737,245,1126,['disability'],['inferiority'],['disability'],"['inferiority', 'inciting_violence']",1.0,0.0,0.0,0.0,0.0,0.0,0.0,0.0,0.0,0.0,0.0,1.0,0.0,0.0,1.0,0.0,0.0,0.0,0.0,0.0,0.0,0.0,0.0,0.0,1.0,1.0,0.0,0.0
2613,img/02613.png,0.0,after group sex mohammed is very tired,train,1025,337,4053,['pc_empty'],['attack_empty'],['pc_empty'],['attack_empty'],0.0,0.0,1.0,0.0,0.0,0.0,1.0,0.0,0.0,0.0,0.0,0.0,0.0,0.0,0.0,0.0,1.0,0.0,0.0,0.0,1.0,0.0,0.0,0.0,0.0,0.0,0.0,0.0
3675,img/03675.png,0.0,because of trump i got fired from my job,train,5209,3098,732,['pc_empty'],['attack_empty'],['pc_empty'],['attack_empty'],0.0,0.0,1.0,0.0,0.0,0.0,1.0,0.0,0.0,0.0,0.0,0.0,0.0,0.0,0.0,0.0,1.0,0.0,0.0,0.0,1.0,0.0,0.0,0.0,0.0,0.0,0.0,0.0
7561,img/07561.png,1.0,"ernie remembers the brave soldiers who fought before him. tonight, he would reenact their bold acts by smashing through his jewish neighbors glass window",train,5210,4910,4854,['religion'],['inciting_violence'],['religion'],"['mocking', 'inciting_violence']",0.0,0.0,0.0,0.0,1.0,0.0,0.0,0.0,0.0,0.0,1.0,0.0,0.0,0.0,0.0,0.0,0.0,0.0,1.0,0.0,0.0,0.0,0.0,0.0,1.0,0.0,1.0,0.0
2435,img/02435.png,0.0,when you type fidget spinner but it autocorrects to midget spinner,train,2621,818,3879,['disability'],['attack_empty'],['disability'],[],1.0,0.0,0.0,0.0,0.0,0.0,1.0,0.0,0.0,0.0,0.0,0.0,0.0,0.0,1.0,0.0,0.0,0.0,0.0,0.0,0.0,0.0,0.0,0.0,0.0,0.0,0.0,0.0
3715,img/03715.png,0.0,great at making martinis terrible at stealing tambourines,train,5216,1334,5762,['pc_empty'],['attack_empty'],['pc_empty'],['attack_empty'],0.0,0.0,1.0,0.0,0.0,0.0,1.0,0.0,0.0,0.0,0.0,0.0,0.0,0.0,0.0,0.0,1.0,0.0,0.0,0.0,1.0,0.0,0.0,0.0,0.0,0.0,0.0,0.0
6479,img/06479.png,1.0,when you've finally become a cop and see a black guy this is where the fun begins,train,5222,5673,5610,['race'],['inciting_violence'],['race'],"['dehumanizing', 'inciting_violence']",0.0,0.0,0.0,1.0,0.0,0.0,0.0,0.0,0.0,0.0,1.0,0.0,0.0,0.0,0.0,0.0,0.0,1.0,0.0,0.0,0.0,0.0,1.0,0.0,1.0,0.0,0.0,0.0
1243,img/01243.png,0.0,"when your human says ""who' s a good girl?"" and you already know it's you",train,5240,2132,2020,['pc_empty'],['attack_empty'],['pc_empty'],['attack_empty'],0.0,0.0,1.0,0.0,0.0,0.0,1.0,0.0,0.0,0.0,0.0,0.0,0.0,0.0,0.0,0.0,1.0,0.0,0.0,0.0,1.0,0.0,0.0,0.0,0.0,0.0,0.0,0.0
2891,img/02891.png,1.0,look! a blow up doll!,train,5252,1898,1293,"['religion', 'sex']",['dehumanizing'],"['religion', 'race', 'sex']",['dehumanizing'],0.0,0.0,0.0,0.0,1.0,1.0,0.0,0.0,1.0,0.0,0.0,0.0,0.0,0.0,0.0,0.0,0.0,1.0,1.0,1.0,0.0,0.0,1.0,0.0,0.0,0.0,0.0,0.0
3794,img/03794.png,1.0,tranny jesus died for your eyebrows,train,5266,4990,4934,['sex'],['slurs'],"['religion', 'sex']",['slurs'],0.0,0.0,0.0,0.0,0.0,1.0,0.0,0.0,0.0,0.0,0.0,0.0,0.0,1.0,0.0,0.0,0.0,0.0,1.0,1.0,0.0,0.0,0.0,0.0,0.0,0.0,0.0,1.0
4765,img/04765.png,1.0,"blame it all on my roots, i showed up in boots.. and ruined your jihad affair",train,5277,6733,1296,['religion'],['attack_empty'],"['religion', 'race']",[],0.0,0.0,0.0,0.0,1.0,0.0,1.0,0.0,0.0,0.0,0.0,0.0,0.0,0.0,0.0,0.0,0.0,1.0,1.0,0.0,0.0,0.0,0.0,0.0,0.0,0.0,0.0,0.0
7319,img/07319.png,0.0,"musslamic democrat, ilhan omar, has threatened members of congress. she's told several republicans that she'll send them ""shawarma"", to ""give them a taste of her culture"" share to say arrest her now!",train,5285,204,2835,['pc_empty'],['attack_empty'],['pc_empty'],['attack_empty'],0.0,0.0,1.0,0.0,0.0,0.0,1.0,0.0,0.0,0.0,0.0,0.0,0.0,0.0,0.0,0.0,1.0,0.0,0.0,0.0,1.0,0.0,0.0,0.0,0.0,0.0,0.0,0.0
6845,img/06845.png,1.0,"""whatcha thinkin' about, liberal cuck""? ""antifa getting their asses kicked, crying about the election, loving islam goatshaggers, butt sex, crying, more crying, and stuff...""",train,5301,4568,4496,['religion'],"['dehumanizing', 'slurs']","['nationality', 'religion']","['dehumanizing', 'slurs']",0.0,0.0,0.0,0.0,1.0,0.0,0.0,0.0,1.0,0.0,0.0,0.0,0.0,1.0,0.0,1.0,0.0,0.0,1.0,0.0,0.0,0.0,1.0,0.0,0.0,0.0,0.0,1.0
4928,img/04928.png,1.0,dishwasher for sale missing parts,train,4099,1150,117,"['sex', 'disability']","['dehumanizing', 'inferiority']","['disability', 'sex']","['inferiority', 'dehumanizing']",1.0,0.0,0.0,0.0,0.0,1.0,0.0,0.0,1.0,0.0,0.0,1.0,0.0,0.0,1.0,0.0,0.0,0.0,0.0,1.0,0.0,0.0,1.0,0.0,0.0,1.0,0.0,0.0
4971,img/04971.png,0.0,happy birthday sugar tits,train,5324,2409,2291,['pc_empty'],['attack_empty'],['pc_empty'],['attack_empty'],0.0,0.0,1.0,0.0,0.0,0.0,1.0,0.0,0.0,0.0,0.0,0.0,0.0,0.0,0.0,0.0,1.0,0.0,0.0,0.0,1.0,0.0,0.0,0.0,0.0,0.0,0.0,0.0
2654,img/02654.png,0.0,when people are spreading rumors but you're unbothered,train,5326,4551,4480,['pc_empty'],['attack_empty'],['pc_empty'],['attack_empty'],0.0,0.0,1.0,0.0,0.0,0.0,1.0,0.0,0.0,0.0,0.0,0.0,0.0,0.0,0.0,0.0,1.0,0.0,0.0,0.0,1.0,0.0,0.0,0.0,0.0,0.0,0.0,0.0
5498,img/05498.png,0.0,step one: turn on the gas,train,1028,340,453,['pc_empty'],['attack_empty'],['pc_empty'],['attack_empty'],0.0,0.0,1.0,0.0,0.0,0.0,1.0,0.0,0.0,0.0,0.0,0.0,0.0,0.0,0.0,0.0,1.0,0.0,0.0,0.0,1.0,0.0,0.0,0.0,0.0,0.0,0.0,0.0
5387,img/05387.png,0.0,is someone using the oven? cuz i smell gas,train,2071,657,3666,['pc_empty'],['attack_empty'],['pc_empty'],['attack_empty'],0.0,0.0,1.0,0.0,0.0,0.0,1.0,0.0,0.0,0.0,0.0,0.0,0.0,0.0,0.0,0.0,1.0,0.0,0.0,0.0,1.0,0.0,0.0,0.0,0.0,0.0,0.0,0.0
5926,img/05926.png,1.0,this sunday.. don't forget to set your bomb forward one hour,train,5362,1356,1307,"['religion', 'nationality']",['dehumanizing'],"['nationality', 'religion']",['dehumanizing'],0.0,1.0,0.0,0.0,1.0,0.0,0.0,0.0,1.0,0.0,0.0,0.0,0.0,0.0,0.0,1.0,0.0,0.0,1.0,0.0,0.0,0.0,1.0,0.0,0.0,0.0,0.0,0.0
7219,img/07219.png,0.0,a gorilla dreaming that she was kim burrell,train,5368,5025,1309,['pc_empty'],['attack_empty'],['pc_empty'],['attack_empty'],0.0,0.0,1.0,0.0,0.0,0.0,1.0,0.0,0.0,0.0,0.0,0.0,0.0,0.0,0.0,0.0,1.0,0.0,0.0,0.0,1.0,0.0,0.0,0.0,0.0,0.0,0.0,0.0
7659,img/07659.png,0.0,latinos will do anything to get into trump's america,train,5369,1357,5155,['pc_empty'],['attack_empty'],['pc_empty'],['attack_empty'],0.0,0.0,1.0,0.0,0.0,0.0,1.0,0.0,0.0,0.0,0.0,0.0,0.0,0.0,0.0,0.0,1.0,0.0,0.0,0.0,1.0,0.0,0.0,0.0,0.0,0.0,0.0,0.0
5948,img/05948.png,1.0,"i pull up in this and yell ""come on we got some redneck sh*t to do"" are you getting in?",train,1554,509,69,['pc_empty'],['attack_empty'],['pc_empty'],['attack_empty'],0.0,0.0,1.0,0.0,0.0,0.0,1.0,0.0,0.0,0.0,0.0,0.0,0.0,0.0,0.0,0.0,1.0,0.0,0.0,0.0,1.0,0.0,0.0,0.0,0.0,0.0,0.0,0.0
4813,img/04813.png,1.0,when you haven't stolen for over 2 weeks.,train,5294,1344,1311,['race'],['dehumanizing'],['race'],"['inferiority', 'dehumanizing']",0.0,0.0,0.0,1.0,0.0,0.0,0.0,0.0,1.0,0.0,0.0,0.0,0.0,0.0,0.0,0.0,0.0,1.0,0.0,0.0,0.0,0.0,1.0,0.0,0.0,1.0,0.0,0.0
6852,img/06852.png,0.0,"man committing genocide armed with nuclear weapons, gunboats, helicopter gunships, tanks, bombers, bulldozers, drones and as many arms as he can buy with the $4 billion per year america gives him.. plays the victim",train,5385,6200,1312,['pc_empty'],['attack_empty'],['pc_empty'],['attack_empty'],0.0,0.0,1.0,0.0,0.0,0.0,1.0,0.0,0.0,0.0,0.0,0.0,0.0,0.0,0.0,0.0,1.0,0.0,0.0,0.0,1.0,0.0,0.0,0.0,0.0,0.0,0.0,0.0
7623,img/07623.png,0.0,a handful of rich people should not run the country a handful of politicians should,train,5392,7425,7292,['pc_empty'],['attack_empty'],['pc_empty'],['attack_empty'],0.0,0.0,1.0,0.0,0.0,0.0,1.0,0.0,0.0,0.0,0.0,0.0,0.0,0.0,0.0,0.0,1.0,0.0,0.0,0.0,1.0,0.0,0.0,0.0,0.0,0.0,0.0,0.0
1835,img/01835.png,0.0,that makes my lady junk tingle,train,5408,7420,7287,['pc_empty'],['attack_empty'],['pc_empty'],['attack_empty'],0.0,0.0,1.0,0.0,0.0,0.0,1.0,0.0,0.0,0.0,0.0,0.0,0.0,0.0,0.0,0.0,1.0,0.0,0.0,0.0,1.0,0.0,0.0,0.0,0.0,0.0,0.0,0.0
2946,img/02946.png,1.0,is your girlfriend hot like me?,train,2732,840,348,['religion'],['mocking'],['religion'],['mocking'],0.0,0.0,0.0,0.0,1.0,0.0,0.0,0.0,0.0,0.0,0.0,0.0,1.0,0.0,0.0,0.0,0.0,0.0,1.0,0.0,0.0,0.0,0.0,0.0,0.0,0.0,1.0,0.0
7385,img/07385.png,1.0,i said glass of juice not gas the jews,train,431,146,7349,['religion'],['mocking'],['religion'],"['mocking', 'inciting_violence']",0.0,0.0,0.0,0.0,1.0,0.0,0.0,0.0,0.0,0.0,0.0,0.0,1.0,0.0,0.0,0.0,0.0,0.0,1.0,0.0,0.0,0.0,0.0,0.0,1.0,0.0,1.0,0.0
4712,img/04712.png,0.0,"just figured out trump conned you? not too fucking bright, are you?",train,5418,3707,442,['pc_empty'],['attack_empty'],['pc_empty'],['attack_empty'],0.0,0.0,1.0,0.0,0.0,0.0,1.0,0.0,0.0,0.0,0.0,0.0,0.0,0.0,0.0,0.0,1.0,0.0,0.0,0.0,1.0,0.0,0.0,0.0,0.0,0.0,0.0,0.0
3248,img/03248.png,0.0,when you just can't stop thinking about obama,train,5442,2378,2265,['pc_empty'],['attack_empty'],['pc_empty'],['attack_empty'],0.0,0.0,1.0,0.0,0.0,0.0,1.0,0.0,0.0,0.0,0.0,0.0,0.0,0.0,0.0,0.0,1.0,0.0,0.0,0.0,1.0,0.0,0.0,0.0,0.0,0.0,0.0,0.0
2967,img/02967.png,0.0,when the black kids start fighting at school,train,5457,1371,4770,['race'],['dehumanizing'],['race'],['dehumanizing'],0.0,0.0,0.0,1.0,0.0,0.0,0.0,0.0,1.0,0.0,0.0,0.0,0.0,0.0,0.0,0.0,0.0,1.0,0.0,0.0,0.0,0.0,1.0,0.0,0.0,0.0,0.0,0.0
2914,img/02914.png,0.0,the only thing that hinders you is your own motivation,train,5501,4874,1110,['pc_empty'],['attack_empty'],['pc_empty'],['attack_empty'],0.0,0.0,1.0,0.0,0.0,0.0,1.0,0.0,0.0,0.0,0.0,0.0,0.0,0.0,0.0,0.0,1.0,0.0,0.0,0.0,1.0,0.0,0.0,0.0,0.0,0.0,0.0,0.0
2358,img/02358.png,1.0,diary of a wimpy kid hard luck anne frank is one wimpy kid,train,5513,7452,348,['religion'],"['mocking', 'inferiority']",['religion'],"['mocking', 'inferiority']",0.0,0.0,0.0,0.0,1.0,0.0,0.0,0.0,0.0,0.0,0.0,1.0,1.0,0.0,0.0,0.0,0.0,0.0,1.0,0.0,0.0,0.0,0.0,0.0,0.0,1.0,1.0,0.0
4328,img/04328.png,0.0,if only dogs could pick up after themselves,train,5519,5549,1176,"['nationality', 'religion']",['dehumanizing'],"['nationality', 'religion', 'race']",['dehumanizing'],0.0,1.0,0.0,0.0,1.0,0.0,0.0,0.0,1.0,0.0,0.0,0.0,0.0,0.0,0.0,1.0,0.0,1.0,1.0,0.0,0.0,0.0,1.0,0.0,0.0,0.0,0.0,0.0
2735,img/02735.png,0.0,when each letter is a mental disorder,train,484,164,5545,['pc_empty'],['attack_empty'],['pc_empty'],['attack_empty'],0.0,0.0,1.0,0.0,0.0,0.0,1.0,0.0,0.0,0.0,0.0,0.0,0.0,0.0,0.0,0.0,1.0,0.0,0.0,0.0,1.0,0.0,0.0,0.0,0.0,0.0,0.0,0.0
3279,img/03279.png,0.0,aren't you tried of my jokes!,train,5534,2002,200,['pc_empty'],['attack_empty'],['pc_empty'],['attack_empty'],0.0,0.0,1.0,0.0,0.0,0.0,1.0,0.0,0.0,0.0,0.0,0.0,0.0,0.0,0.0,0.0,1.0,0.0,0.0,0.0,1.0,0.0,0.0,0.0,0.0,0.0,0.0,0.0
7325,img/07325.png,0.0,but i need you,train,5568,6129,597,['pc_empty'],['attack_empty'],['pc_empty'],['attack_empty'],0.0,0.0,1.0,0.0,0.0,0.0,1.0,0.0,0.0,0.0,0.0,0.0,0.0,0.0,0.0,0.0,1.0,0.0,0.0,0.0,1.0,0.0,0.0,0.0,0.0,0.0,0.0,0.0
3874,img/03874.png,1.0,one of the poor defenseless refugees we hear about she's smuggling 31 pounds of pure heroin,train,5583,3701,3597,['nationality'],['dehumanizing'],['nationality'],['dehumanizing'],0.0,1.0,0.0,0.0,0.0,0.0,0.0,0.0,1.0,0.0,0.0,0.0,0.0,0.0,0.0,1.0,0.0,0.0,0.0,0.0,0.0,0.0,1.0,0.0,0.0,0.0,0.0,0.0
3275,img/03275.png,0.0,the only time you can hang out with 2 dirty hookers and a tranny,train,3143,936,4000,['pc_empty'],['attack_empty'],['pc_empty'],['attack_empty'],0.0,0.0,1.0,0.0,0.0,0.0,1.0,0.0,0.0,0.0,0.0,0.0,0.0,0.0,0.0,0.0,1.0,0.0,0.0,0.0,1.0,0.0,0.0,0.0,0.0,0.0,0.0,0.0
1756,img/01756.png,0.0,she is a fast runner,train,5614,3855,1335,['pc_empty'],['attack_empty'],['pc_empty'],['attack_empty'],0.0,0.0,1.0,0.0,0.0,0.0,1.0,0.0,0.0,0.0,0.0,0.0,0.0,0.0,0.0,0.0,1.0,0.0,0.0,0.0,1.0,0.0,0.0,0.0,0.0,0.0,0.0,0.0
4873,img/04873.png,1.0,manual tranny automatic tranny rebuilt tranny,train,1011,331,726,['sex'],['slurs'],['sex'],"['dehumanizing', 'slurs']",0.0,0.0,0.0,0.0,0.0,1.0,0.0,0.0,0.0,0.0,0.0,0.0,0.0,1.0,0.0,0.0,0.0,0.0,0.0,1.0,0.0,0.0,1.0,0.0,0.0,0.0,0.0,1.0
5437,img/05437.png,0.0,this could be us but you keep escaping,train,5624,5024,4964,['pc_empty'],['attack_empty'],['pc_empty'],['attack_empty'],0.0,0.0,1.0,0.0,0.0,0.0,1.0,0.0,0.0,0.0,0.0,0.0,0.0,0.0,0.0,0.0,1.0,0.0,0.0,0.0,1.0,0.0,0.0,0.0,0.0,0.0,0.0,0.0
5943,img/05943.png,1.0,this is what rich white trash looks like and it's time to take out the trash!,train,5631,5631,5564,['race'],['dehumanizing'],"['race', 'class']","['dehumanizing', 'inciting_violence', 'contempt']",0.0,0.0,0.0,1.0,0.0,0.0,0.0,0.0,1.0,0.0,0.0,0.0,0.0,0.0,0.0,0.0,0.0,1.0,0.0,0.0,0.0,1.0,1.0,0.0,1.0,0.0,0.0,0.0
6179,img/06179.png,1.0,the face you make after you nut and the goat keeps sucking,train,1154,384,1338,['religion'],['dehumanizing'],"['religion', 'race']","['dehumanizing', 'contempt']",0.0,0.0,0.0,0.0,1.0,0.0,0.0,0.0,1.0,0.0,0.0,0.0,0.0,0.0,0.0,0.0,0.0,1.0,1.0,0.0,0.0,1.0,1.0,0.0,0.0,0.0,0.0,0.0
2831,img/02831.png,1.0,where's jaws when you need him ?,train,712,236,351,['nationality'],['inciting_violence'],"['nationality', 'race']",['inciting_violence'],0.0,1.0,0.0,0.0,0.0,0.0,0.0,0.0,0.0,0.0,1.0,0.0,0.0,0.0,0.0,1.0,0.0,1.0,0.0,0.0,0.0,0.0,0.0,0.0,1.0,0.0,0.0,0.0
6712,img/06712.png,0.0,smell that? thats why we have to use condoms,train,5644,5912,5856,['pc_empty'],['attack_empty'],['pc_empty'],['attack_empty'],0.0,0.0,1.0,0.0,0.0,0.0,1.0,0.0,0.0,0.0,0.0,0.0,0.0,0.0,0.0,0.0,1.0,0.0,0.0,0.0,1.0,0.0,0.0,0.0,0.0,0.0,0.0,0.0
5826,img/05826.png,1.0,"i'm not sexist. being sexist is wrong , and being wrong is for women",train,5645,237,5326,['sex'],['inferiority'],['sex'],"['inferiority', 'contempt']",0.0,0.0,0.0,0.0,0.0,1.0,0.0,0.0,0.0,0.0,0.0,1.0,0.0,0.0,0.0,0.0,0.0,0.0,0.0,1.0,0.0,1.0,0.0,0.0,0.0,1.0,0.0,0.0
2614,img/02614.png,0.0,black boyfriend white boyfriend,train,3779,1085,4226,['pc_empty'],['attack_empty'],['pc_empty'],['attack_empty'],0.0,0.0,1.0,0.0,0.0,0.0,1.0,0.0,0.0,0.0,0.0,0.0,0.0,0.0,0.0,0.0,1.0,0.0,0.0,0.0,1.0,0.0,0.0,0.0,0.0,0.0,0.0,0.0
4387,img/04387.png,0.0,"sit down kids, i will now tell you how i met your mother",train,2307,734,3712,['pc_empty'],['attack_empty'],['pc_empty'],['attack_empty'],0.0,0.0,1.0,0.0,0.0,0.0,1.0,0.0,0.0,0.0,0.0,0.0,0.0,0.0,0.0,0.0,1.0,0.0,0.0,0.0,1.0,0.0,0.0,0.0,0.0,0.0,0.0,0.0
3864,img/03864.png,1.0,you can't be the victim of a school shooting if you're the school shooter,train,5655,7210,7082,['race'],['dehumanizing'],['race'],['dehumanizing'],0.0,0.0,0.0,1.0,0.0,0.0,0.0,0.0,1.0,0.0,0.0,0.0,0.0,0.0,0.0,0.0,0.0,1.0,0.0,0.0,0.0,0.0,1.0,0.0,0.0,0.0,0.0,0.0
1892,img/01892.png,0.0,i did not divide the country the republican decision to obstruct every single thing i proposed to help us dig out of the financial crisis they caused divided the country,train,5659,1768,1680,['pc_empty'],['attack_empty'],['pc_empty'],['attack_empty'],0.0,0.0,1.0,0.0,0.0,0.0,1.0,0.0,0.0,0.0,0.0,0.0,0.0,0.0,0.0,0.0,1.0,0.0,0.0,0.0,1.0,0.0,0.0,0.0,0.0,0.0,0.0,0.0
4267,img/04267.png,1.0,i'm not saying it was muslims but it was muslims,train,1166,387,1295,['religion'],['dehumanizing'],['religion'],['dehumanizing'],0.0,0.0,0.0,0.0,1.0,0.0,0.0,0.0,1.0,0.0,0.0,0.0,0.0,0.0,0.0,0.0,0.0,0.0,1.0,0.0,0.0,0.0,1.0,0.0,0.0,0.0,0.0,0.0
1734,img/01734.png,0.0,and that was the last time we let uncle larry babysit,train,5136,1323,6179,['pc_empty'],['attack_empty'],['pc_empty'],['attack_empty'],0.0,0.0,1.0,0.0,0.0,0.0,1.0,0.0,0.0,0.0,0.0,0.0,0.0,0.0,0.0,0.0,1.0,0.0,0.0,0.0,1.0,0.0,0.0,0.0,0.0,0.0,0.0,0.0
3186,img/03186.png,0.0,removes polish with chemicals nobody bats an eye commits crimes against the polish starts ww2,train,5684,6732,443,['pc_empty'],['attack_empty'],['pc_empty'],['attack_empty'],0.0,0.0,1.0,0.0,0.0,0.0,1.0,0.0,0.0,0.0,0.0,0.0,0.0,0.0,0.0,0.0,1.0,0.0,0.0,0.0,1.0,0.0,0.0,0.0,0.0,0.0,0.0,0.0
3751,img/03751.png,0.0,"""i yelled catch ! i swear i thought she was ready """,train,5689,5253,5184,['pc_empty'],['attack_empty'],['pc_empty'],['attack_empty'],0.0,0.0,1.0,0.0,0.0,0.0,1.0,0.0,0.0,0.0,0.0,0.0,0.0,0.0,0.0,0.0,1.0,0.0,0.0,0.0,1.0,0.0,0.0,0.0,0.0,0.0,0.0,0.0
5231,img/05231.png,0.0,the name's bob... bob,train,5693,4571,984,['pc_empty'],['attack_empty'],['pc_empty'],['attack_empty'],0.0,0.0,1.0,0.0,0.0,0.0,1.0,0.0,0.0,0.0,0.0,0.0,0.0,0.0,0.0,0.0,1.0,0.0,0.0,0.0,1.0,0.0,0.0,0.0,0.0,0.0,0.0,0.0
2576,img/02576.png,0.0,this is a snakes mouth it all makes fucking sense now,train,871,290,7020,['pc_empty'],['attack_empty'],['pc_empty'],['attack_empty'],0.0,0.0,1.0,0.0,0.0,0.0,1.0,0.0,0.0,0.0,0.0,0.0,0.0,0.0,0.0,0.0,1.0,0.0,0.0,0.0,1.0,0.0,0.0,0.0,0.0,0.0,0.0,0.0
7294,img/07294.png,1.0,bruder you killed me so the jew could control your media so the jews could control your banks so the jews control you money so the jews could control your government so your children could die for israel so foreigners could destroy your cities so foreigners could run your civil and public services so you become a prisoner in your own homes so your people and race are lost forever,train,5709,2301,2195,['religion'],['dehumanizing'],"['nationality', 'religion']","['inferiority', 'dehumanizing']",0.0,0.0,0.0,0.0,1.0,0.0,0.0,0.0,1.0,0.0,0.0,0.0,0.0,0.0,0.0,1.0,0.0,0.0,1.0,0.0,0.0,0.0,1.0,0.0,0.0,1.0,0.0,0.0
2537,img/02537.png,0.0,arrest george soros for crimes against europe,train,5712,4878,4826,['pc_empty'],['attack_empty'],['pc_empty'],['attack_empty'],0.0,0.0,1.0,0.0,0.0,0.0,1.0,0.0,0.0,0.0,0.0,0.0,0.0,0.0,0.0,0.0,1.0,0.0,0.0,0.0,1.0,0.0,0.0,0.0,0.0,0.0,0.0,0.0
5761,img/05761.png,0.0,"don't shoot, i'm from the group why dont you post and comment? i'm shy, but i like stuff",train,5731,6099,6030,['pc_empty'],['attack_empty'],['pc_empty'],['attack_empty'],0.0,0.0,1.0,0.0,0.0,0.0,1.0,0.0,0.0,0.0,0.0,0.0,0.0,0.0,0.0,0.0,1.0,0.0,0.0,0.0,1.0,0.0,0.0,0.0,0.0,0.0,0.0,0.0
6892,img/06892.png,0.0,when you're trying to listen to the teacher in your school and the foreign exchange student keeps on crying,train,5733,6546,6437,['pc_empty'],['attack_empty'],['pc_empty'],['attack_empty'],0.0,0.0,1.0,0.0,0.0,0.0,1.0,0.0,0.0,0.0,0.0,0.0,0.0,0.0,0.0,0.0,1.0,0.0,0.0,0.0,1.0,0.0,0.0,0.0,0.0,0.0,0.0,0.0
1643,img/01643.png,0.0,i'm not a racist my shadow is black,train,2228,705,1824,['race'],['attack_empty'],['race'],[],0.0,0.0,0.0,1.0,0.0,0.0,1.0,0.0,0.0,0.0,0.0,0.0,0.0,0.0,0.0,0.0,0.0,1.0,0.0,0.0,0.0,0.0,0.0,0.0,0.0,0.0,0.0,0.0
4361,img/04361.png,1.0,islam turning every single country it touches into a shithole for over 1400 years,train,5759,7047,6929,['religion'],['contempt'],['religion'],"['inferiority', 'contempt']",0.0,0.0,0.0,0.0,1.0,0.0,0.0,1.0,0.0,0.0,0.0,0.0,0.0,0.0,0.0,0.0,0.0,0.0,1.0,0.0,0.0,1.0,0.0,0.0,0.0,1.0,0.0,0.0
6793,img/06793.png,0.0,"when asked what i did over the weekend i reply, ""why, what did you hear",train,5765,3847,3761,['pc_empty'],['attack_empty'],['pc_empty'],['attack_empty'],0.0,0.0,1.0,0.0,0.0,0.0,1.0,0.0,0.0,0.0,0.0,0.0,0.0,0.0,0.0,0.0,1.0,0.0,0.0,0.0,1.0,0.0,0.0,0.0,0.0,0.0,0.0,0.0
5642,img/05642.png,0.0,did you say dude blew his tranny???,train,2469,774,6428,['pc_empty'],['attack_empty'],['pc_empty'],['attack_empty'],0.0,0.0,1.0,0.0,0.0,0.0,1.0,0.0,0.0,0.0,0.0,0.0,0.0,0.0,0.0,0.0,1.0,0.0,0.0,0.0,1.0,0.0,0.0,0.0,0.0,0.0,0.0,0.0
4861,img/04861.png,0.0,"waiter, another order of crow for my anti-trump friends",train,5777,5023,4963,['pc_empty'],['attack_empty'],['pc_empty'],['attack_empty'],0.0,0.0,1.0,0.0,0.0,0.0,1.0,0.0,0.0,0.0,0.0,0.0,0.0,0.0,0.0,0.0,1.0,0.0,0.0,0.0,1.0,0.0,0.0,0.0,0.0,0.0,0.0,0.0
3875,img/03875.png,1.0,we're glad you're home the russians pooped in the hallway!,train,4027,1133,1330,['pc_empty'],['attack_empty'],['pc_empty'],['attack_empty'],0.0,0.0,1.0,0.0,0.0,0.0,1.0,0.0,0.0,0.0,0.0,0.0,0.0,0.0,0.0,0.0,1.0,0.0,0.0,0.0,1.0,0.0,0.0,0.0,0.0,0.0,0.0,0.0
1527,img/01527.png,0.0,oh no i can't run anymore,train,5782,1413,1361,['pc_empty'],['attack_empty'],['pc_empty'],['attack_empty'],0.0,0.0,1.0,0.0,0.0,0.0,1.0,0.0,0.0,0.0,0.0,0.0,0.0,0.0,0.0,0.0,1.0,0.0,0.0,0.0,1.0,0.0,0.0,0.0,0.0,0.0,0.0,0.0
2156,img/02156.png,0.0,never forget,train,3839,1098,806,['pc_empty'],['attack_empty'],['pc_empty'],['attack_empty'],0.0,0.0,1.0,0.0,0.0,0.0,1.0,0.0,0.0,0.0,0.0,0.0,0.0,0.0,0.0,0.0,1.0,0.0,0.0,0.0,1.0,0.0,0.0,0.0,0.0,0.0,0.0,0.0
5619,img/05619.png,1.0,official white house  holiday ornaments,train,5799,638,818,['pc_empty'],['attack_empty'],['pc_empty'],['attack_empty'],0.0,0.0,1.0,0.0,0.0,0.0,1.0,0.0,0.0,0.0,0.0,0.0,0.0,0.0,0.0,0.0,1.0,0.0,0.0,0.0,1.0,0.0,0.0,0.0,0.0,0.0,0.0,0.0
7286,img/07286.png,0.0,hiltler eating a meal with his family,train,5811,6963,20,['pc_empty'],['attack_empty'],['pc_empty'],['attack_empty'],0.0,0.0,1.0,0.0,0.0,0.0,1.0,0.0,0.0,0.0,0.0,0.0,0.0,0.0,0.0,0.0,1.0,0.0,0.0,0.0,1.0,0.0,0.0,0.0,0.0,0.0,0.0,0.0
1329,img/01329.png,1.0,saddle up motherfuckers it's time to play cowboys,train,3756,1080,1030,['pc_empty'],['attack_empty'],['pc_empty'],['attack_empty'],0.0,0.0,1.0,0.0,0.0,0.0,1.0,0.0,0.0,0.0,0.0,0.0,0.0,0.0,0.0,0.0,1.0,0.0,0.0,0.0,1.0,0.0,0.0,0.0,0.0,0.0,0.0,0.0
7692,img/07692.png,1.0,"hurry up son, the owner is coming",train,5819,1419,841,['race'],['dehumanizing'],"['race', 'sex']","['mocking', 'dehumanizing']",0.0,0.0,0.0,1.0,0.0,0.0,0.0,0.0,1.0,0.0,0.0,0.0,0.0,0.0,0.0,0.0,0.0,1.0,0.0,1.0,0.0,0.0,1.0,0.0,0.0,0.0,1.0,0.0
7356,img/07356.png,0.0,my husband told me to make him a sandwich i need a good comeback i would come back with a sandwich,train,5823,1420,4166,['sex'],['dehumanizing'],['sex'],['dehumanizing'],0.0,0.0,0.0,0.0,0.0,1.0,0.0,0.0,1.0,0.0,0.0,0.0,0.0,0.0,0.0,0.0,0.0,0.0,0.0,1.0,0.0,0.0,1.0,0.0,0.0,0.0,0.0,0.0
1529,img/01529.png,0.0,acceptance of individuality is not a disgusting thing,train,5825,3744,426,['pc_empty'],['attack_empty'],['pc_empty'],['attack_empty'],0.0,0.0,1.0,0.0,0.0,0.0,1.0,0.0,0.0,0.0,0.0,0.0,0.0,0.0,0.0,0.0,1.0,0.0,0.0,0.0,1.0,0.0,0.0,0.0,0.0,0.0,0.0,0.0
4675,img/04675.png,0.0,i called my boy whatchoo goin do bout that spray bottle now,train,5839,2426,2317,['pc_empty'],['attack_empty'],['pc_empty'],['attack_empty'],0.0,0.0,1.0,0.0,0.0,0.0,1.0,0.0,0.0,0.0,0.0,0.0,0.0,0.0,0.0,0.0,1.0,0.0,0.0,0.0,1.0,0.0,0.0,0.0,0.0,0.0,0.0,0.0
3482,img/03482.png,0.0,i try not to be bias,train,5847,5437,5381,['pc_empty'],['attack_empty'],['pc_empty'],['attack_empty'],0.0,0.0,1.0,0.0,0.0,0.0,1.0,0.0,0.0,0.0,0.0,0.0,0.0,0.0,0.0,0.0,1.0,0.0,0.0,0.0,1.0,0.0,0.0,0.0,0.0,0.0,0.0,0.0
6973,img/06973.png,0.0,what it looks like when cancer gets aids,train,3858,1101,3679,['pc_empty'],['attack_empty'],['pc_empty'],['attack_empty'],0.0,0.0,1.0,0.0,0.0,0.0,1.0,0.0,0.0,0.0,0.0,0.0,0.0,0.0,0.0,0.0,1.0,0.0,0.0,0.0,1.0,0.0,0.0,0.0,0.0,0.0,0.0,0.0
4156,img/04156.png,0.0,me after i take that first sip of mcdonald's sprite kwispy,train,5859,7186,7063,['pc_empty'],['attack_empty'],['pc_empty'],['attack_empty'],0.0,0.0,1.0,0.0,0.0,0.0,1.0,0.0,0.0,0.0,0.0,0.0,0.0,0.0,0.0,0.0,1.0,0.0,0.0,0.0,1.0,0.0,0.0,0.0,0.0,0.0,0.0,0.0
2647,img/02647.png,0.0,notice how the kenyan skidmark has been silent about the mueller report?,train,4573,1237,6448,['pc_empty'],['attack_empty'],['pc_empty'],['attack_empty'],0.0,0.0,1.0,0.0,0.0,0.0,1.0,0.0,0.0,0.0,0.0,0.0,0.0,0.0,0.0,0.0,1.0,0.0,0.0,0.0,1.0,0.0,0.0,0.0,0.0,0.0,0.0,0.0
3172,img/03172.png,0.0,im white trash and im in trouble,train,5882,1427,3055,['pc_empty'],['attack_empty'],['pc_empty'],['attack_empty'],0.0,0.0,1.0,0.0,0.0,0.0,1.0,0.0,0.0,0.0,0.0,0.0,0.0,0.0,0.0,0.0,1.0,0.0,0.0,0.0,1.0,0.0,0.0,0.0,0.0,0.0,0.0,0.0
6948,img/06948.png,0.0,you mean i don't have to pick it and i can eat it?!,train,4653,1248,6485,['pc_empty'],['attack_empty'],['pc_empty'],['attack_empty'],0.0,0.0,1.0,0.0,0.0,0.0,1.0,0.0,0.0,0.0,0.0,0.0,0.0,0.0,0.0,0.0,1.0,0.0,0.0,0.0,1.0,0.0,0.0,0.0,0.0,0.0,0.0,0.0
4718,img/04718.png,0.0,isis you mean them goat fuckers that don't like bacon,train,5892,5649,1080,['pc_empty'],['attack_empty'],['pc_empty'],['attack_empty'],0.0,0.0,1.0,0.0,0.0,0.0,1.0,0.0,0.0,0.0,0.0,0.0,0.0,0.0,0.0,0.0,1.0,0.0,0.0,0.0,1.0,0.0,0.0,0.0,0.0,0.0,0.0,0.0
6597,img/06597.png,0.0,we're all here cause we ain't all there,train,5893,5369,5311,['pc_empty'],['attack_empty'],['pc_empty'],['attack_empty'],0.0,0.0,1.0,0.0,0.0,0.0,1.0,0.0,0.0,0.0,0.0,0.0,0.0,0.0,0.0,0.0,1.0,0.0,0.0,0.0,1.0,0.0,0.0,0.0,0.0,0.0,0.0,0.0
1962,img/01962.png,0.0,i put makeup for my profile photo,train,5909,5562,657,['pc_empty'],['attack_empty'],['pc_empty'],['attack_empty'],0.0,0.0,1.0,0.0,0.0,0.0,1.0,0.0,0.0,0.0,0.0,0.0,0.0,0.0,0.0,0.0,1.0,0.0,0.0,0.0,1.0,0.0,0.0,0.0,0.0,0.0,0.0,0.0
2153,img/02153.png,0.0,when you're arguing with someone and trying notto hit them,train,5917,3110,3012,['pc_empty'],['attack_empty'],['pc_empty'],['attack_empty'],0.0,0.0,1.0,0.0,0.0,0.0,1.0,0.0,0.0,0.0,0.0,0.0,0.0,0.0,0.0,0.0,1.0,0.0,0.0,0.0,1.0,0.0,0.0,0.0,0.0,0.0,0.0,0.0
3128,img/03128.png,1.0,lazy day nothing to steal,train,2600,812,870,['race'],['dehumanizing'],['race'],"['inferiority', 'dehumanizing']",0.0,0.0,0.0,1.0,0.0,0.0,0.0,0.0,1.0,0.0,0.0,0.0,0.0,0.0,0.0,0.0,0.0,1.0,0.0,0.0,0.0,0.0,1.0,0.0,0.0,1.0,0.0,0.0
1349,img/01349.png,1.0,girl you're so special i'm gonna give you a gold star,train,5937,5000,667,['religion'],['mocking'],['religion'],['mocking'],0.0,0.0,0.0,0.0,1.0,0.0,0.0,0.0,0.0,0.0,0.0,0.0,1.0,0.0,0.0,0.0,0.0,0.0,1.0,0.0,0.0,0.0,0.0,0.0,0.0,0.0,1.0,0.0
3962,img/03962.png,0.0,where's my water?,train,5938,1436,6082,['pc_empty'],['attack_empty'],['pc_empty'],['attack_empty'],0.0,0.0,1.0,0.0,0.0,0.0,1.0,0.0,0.0,0.0,0.0,0.0,0.0,0.0,0.0,0.0,1.0,0.0,0.0,0.0,1.0,0.0,0.0,0.0,0.0,0.0,0.0,0.0
5612,img/05612.png,0.0,of all time the most underrated cook,train,5943,839,4378,['pc_empty'],['attack_empty'],['pc_empty'],['attack_empty'],0.0,0.0,1.0,0.0,0.0,0.0,1.0,0.0,0.0,0.0,0.0,0.0,0.0,0.0,0.0,0.0,1.0,0.0,0.0,0.0,1.0,0.0,0.0,0.0,0.0,0.0,0.0,0.0
3947,img/03947.png,1.0,no one: steven hawking:,train,5947,4715,34,['disability'],['inferiority'],['disability'],['inferiority'],1.0,0.0,0.0,0.0,0.0,0.0,0.0,0.0,0.0,0.0,0.0,1.0,0.0,0.0,1.0,0.0,0.0,0.0,0.0,0.0,0.0,0.0,0.0,0.0,0.0,1.0,0.0,0.0
1579,img/01579.png,1.0,"muslim figure: ""we must have pork-free menus or we will leave u.s"" bacon america great again!",train,5968,5498,684,['religion'],['exclusion'],['religion'],"['inferiority', 'exclusion']",0.0,0.0,0.0,0.0,1.0,0.0,0.0,0.0,0.0,1.0,0.0,0.0,0.0,0.0,0.0,0.0,0.0,0.0,1.0,0.0,0.0,0.0,0.0,1.0,0.0,1.0,0.0,0.0
7239,img/07239.png,0.0,a head diaper is required when you have shit for brains,train,710,235,5985,['pc_empty'],['attack_empty'],['pc_empty'],['attack_empty'],0.0,0.0,1.0,0.0,0.0,0.0,1.0,0.0,0.0,0.0,0.0,0.0,0.0,0.0,0.0,0.0,1.0,0.0,0.0,0.0,1.0,0.0,0.0,0.0,0.0,0.0,0.0,0.0
6824,img/06824.png,1.0,these aren't bears! these are just two fat gay fucks! pride,train,5995,1773,1683,['sex'],"['inferiority', 'contempt']",['sex'],"['inferiority', 'contempt']",0.0,0.0,0.0,0.0,0.0,1.0,0.0,1.0,0.0,0.0,0.0,1.0,0.0,0.0,0.0,0.0,0.0,0.0,0.0,1.0,0.0,1.0,0.0,0.0,0.0,1.0,0.0,0.0
6825,img/06825.png,1.0,"""at first, i didn t want to wear a hijab."" ""but my husband convinced me otherwise.""",train,114,38,199,['religion'],['dehumanizing'],['religion'],"['dehumanizing', 'inciting_violence']",0.0,0.0,0.0,0.0,1.0,0.0,0.0,0.0,1.0,0.0,0.0,0.0,0.0,0.0,0.0,0.0,0.0,0.0,1.0,0.0,0.0,0.0,1.0,0.0,1.0,0.0,0.0,0.0
3468,img/03468.png,0.0,"my dishwasher is acting strange, can anybody help",train,6021,764,654,['pc_empty'],['attack_empty'],['pc_empty'],['attack_empty'],0.0,0.0,1.0,0.0,0.0,0.0,1.0,0.0,0.0,0.0,0.0,0.0,0.0,0.0,0.0,0.0,1.0,0.0,0.0,0.0,1.0,0.0,0.0,0.0,0.0,0.0,0.0,0.0
5928,img/05928.png,0.0,"just because she weighed as much as two people, that doesn't mean that you had a threesome",train,3047,919,5161,['pc_empty'],['attack_empty'],['pc_empty'],['attack_empty'],0.0,0.0,1.0,0.0,0.0,0.0,1.0,0.0,0.0,0.0,0.0,0.0,0.0,0.0,0.0,0.0,1.0,0.0,0.0,0.0,1.0,0.0,0.0,0.0,0.0,0.0,0.0,0.0
2845,img/02845.png,0.0,they have sex with goats wipe their asses with their hands and drink camel piss but i'm the unclean one!,train,3844,739,5081,['pc_empty'],['attack_empty'],['pc_empty'],['attack_empty'],0.0,0.0,1.0,0.0,0.0,0.0,1.0,0.0,0.0,0.0,0.0,0.0,0.0,0.0,0.0,0.0,1.0,0.0,0.0,0.0,1.0,0.0,0.0,0.0,0.0,0.0,0.0,0.0
2716,img/02716.png,0.0,"felt cute might pray later, idk",train,6084,6390,861,['pc_empty'],['attack_empty'],['pc_empty'],['attack_empty'],0.0,0.0,1.0,0.0,0.0,0.0,1.0,0.0,0.0,0.0,0.0,0.0,0.0,0.0,0.0,0.0,1.0,0.0,0.0,0.0,1.0,0.0,0.0,0.0,0.0,0.0,0.0,0.0
3691,img/03691.png,0.0,koran class with the rohingya people,train,6085,2831,1387,['pc_empty'],['attack_empty'],['pc_empty'],['attack_empty'],0.0,0.0,1.0,0.0,0.0,0.0,1.0,0.0,0.0,0.0,0.0,0.0,0.0,0.0,0.0,0.0,1.0,0.0,0.0,0.0,1.0,0.0,0.0,0.0,0.0,0.0,0.0,0.0
2853,img/02853.png,1.0,"but islam can radicalize muslims muslims are not terrorist quran 8:39 ""kill all non believers till the only religion is islam""",train,6096,2806,2703,['religion'],['dehumanizing'],['religion'],"['dehumanizing', 'inciting_violence']",0.0,0.0,0.0,0.0,1.0,0.0,0.0,0.0,1.0,0.0,0.0,0.0,0.0,0.0,0.0,0.0,0.0,0.0,1.0,0.0,0.0,0.0,1.0,0.0,1.0,0.0,0.0,0.0
6513,img/06513.png,0.0,smile no matter what your going through,train,6102,6393,1001,['pc_empty'],['attack_empty'],['pc_empty'],['attack_empty'],0.0,0.0,1.0,0.0,0.0,0.0,1.0,0.0,0.0,0.0,0.0,0.0,0.0,0.0,0.0,0.0,1.0,0.0,0.0,0.0,1.0,0.0,0.0,0.0,0.0,0.0,0.0,0.0
2951,img/02951.png,0.0,protesters throwing smoke bombs,train,6110,7236,1391,['pc_empty'],['attack_empty'],['pc_empty'],['attack_empty'],0.0,0.0,1.0,0.0,0.0,0.0,1.0,0.0,0.0,0.0,0.0,0.0,0.0,0.0,0.0,0.0,1.0,0.0,0.0,0.0,1.0,0.0,0.0,0.0,0.0,0.0,0.0,0.0
2371,img/02371.png,0.0,why do all the mexican foos who work lmaooo at t-mobile look like this,train,6116,6446,6353,['nationality'],['inferiority'],"['nationality', 'race']",['inferiority'],0.0,1.0,0.0,0.0,0.0,0.0,0.0,0.0,0.0,0.0,0.0,1.0,0.0,0.0,0.0,1.0,0.0,1.0,0.0,0.0,0.0,0.0,0.0,0.0,0.0,1.0,0.0,0.0
5649,img/05649.png,0.0,you sicced all of your corrupt  goons after me for 3 years and i came out clean. now it's my turn to send my justice-seeking patriots after you and your corrupt goons let's see how you all come out!!!,train,6149,1055,4799,['pc_empty'],['attack_empty'],['pc_empty'],['attack_empty'],0.0,0.0,1.0,0.0,0.0,0.0,1.0,0.0,0.0,0.0,0.0,0.0,0.0,0.0,0.0,0.0,1.0,0.0,0.0,0.0,1.0,0.0,0.0,0.0,0.0,0.0,0.0,0.0
2483,img/02483.png,0.0,group of people rescued from medditaranian sea by italian coast guard,train,6165,5156,1291,['pc_empty'],['attack_empty'],['pc_empty'],['attack_empty'],0.0,0.0,1.0,0.0,0.0,0.0,1.0,0.0,0.0,0.0,0.0,0.0,0.0,0.0,0.0,0.0,1.0,0.0,0.0,0.0,1.0,0.0,0.0,0.0,0.0,0.0,0.0,0.0
4257,img/04257.png,0.0,"how sad it must be for supporters - believing that scientist, scholars, historians, economist, and journalists have devoted their entire lives to deceiving america, while a reality-tv star with decades of fraud and exhaustively-documented lying is your beacon of honesty",train,6166,2464,2355,['pc_empty'],['attack_empty'],['pc_empty'],['attack_empty'],0.0,0.0,1.0,0.0,0.0,0.0,1.0,0.0,0.0,0.0,0.0,0.0,0.0,0.0,0.0,0.0,1.0,0.0,0.0,0.0,1.0,0.0,0.0,0.0,0.0,0.0,0.0,0.0
2719,img/02719.png,1.0,your black neighbor after you called the cops,train,6168,1458,1380,['race'],['dehumanizing'],['race'],['dehumanizing'],0.0,0.0,0.0,1.0,0.0,0.0,0.0,0.0,1.0,0.0,0.0,0.0,0.0,0.0,0.0,0.0,0.0,1.0,0.0,0.0,0.0,0.0,1.0,0.0,0.0,0.0,0.0,0.0
1258,img/01258.png,0.0,ladies! if your man is offended by this he is a faggot. end of story,train,6180,1132,6132,['sex'],['slurs'],['sex'],['slurs'],0.0,0.0,0.0,0.0,0.0,1.0,0.0,0.0,0.0,0.0,0.0,0.0,0.0,1.0,0.0,0.0,0.0,0.0,0.0,1.0,0.0,0.0,0.0,0.0,0.0,0.0,0.0,1.0
1236,img/01236.png,0.0,meanwhile at the isis strip club,train,117,39,41,['pc_empty'],['attack_empty'],['pc_empty'],['attack_empty'],0.0,0.0,1.0,0.0,0.0,0.0,1.0,0.0,0.0,0.0,0.0,0.0,0.0,0.0,0.0,0.0,1.0,0.0,0.0,0.0,1.0,0.0,0.0,0.0,0.0,0.0,0.0,0.0
6875,img/06875.png,0.0,it didn't happen because of the actions of one man it happened because of people who were 'just doing their jobs',train,512,176,3079,['pc_empty'],['attack_empty'],['pc_empty'],['attack_empty'],0.0,0.0,1.0,0.0,0.0,0.0,1.0,0.0,0.0,0.0,0.0,0.0,0.0,0.0,0.0,0.0,1.0,0.0,0.0,0.0,1.0,0.0,0.0,0.0,0.0,0.0,0.0,0.0
6275,img/06275.png,0.0,"so you listen to rap music but you're offended by ""baby it's cold outside""",train,6196,3675,3567,['pc_empty'],['attack_empty'],['pc_empty'],['attack_empty'],0.0,0.0,1.0,0.0,0.0,0.0,1.0,0.0,0.0,0.0,0.0,0.0,0.0,0.0,0.0,0.0,1.0,0.0,0.0,0.0,1.0,0.0,0.0,0.0,0.0,0.0,0.0,0.0
1827,img/01827.png,0.0,if your man is offended by this then he's never been hunting,train,6212,5866,1083,['pc_empty'],['attack_empty'],['pc_empty'],['attack_empty'],0.0,0.0,1.0,0.0,0.0,0.0,1.0,0.0,0.0,0.0,0.0,0.0,0.0,0.0,0.0,0.0,1.0,0.0,0.0,0.0,1.0,0.0,0.0,0.0,0.0,0.0,0.0,0.0
7649,img/07649.png,0.0,i see no difference,train,6215,2489,2375,['pc_empty'],['attack_empty'],['pc_empty'],['attack_empty'],0.0,0.0,1.0,0.0,0.0,0.0,1.0,0.0,0.0,0.0,0.0,0.0,0.0,0.0,0.0,0.0,1.0,0.0,0.0,0.0,1.0,0.0,0.0,0.0,0.0,0.0,0.0,0.0
7431,img/07431.png,0.0,leave no dog behind,train,6223,1126,6267,['pc_empty'],['attack_empty'],['pc_empty'],['attack_empty'],0.0,0.0,1.0,0.0,0.0,0.0,1.0,0.0,0.0,0.0,0.0,0.0,0.0,0.0,0.0,0.0,1.0,0.0,0.0,0.0,1.0,0.0,0.0,0.0,0.0,0.0,0.0,0.0
6481,img/06481.png,0.0,where's kaepernick? i need my car washed,train,6234,3449,3365,['pc_empty'],['attack_empty'],['pc_empty'],['attack_empty'],0.0,0.0,1.0,0.0,0.0,0.0,1.0,0.0,0.0,0.0,0.0,0.0,0.0,0.0,0.0,0.0,1.0,0.0,0.0,0.0,1.0,0.0,0.0,0.0,0.0,0.0,0.0,0.0
5782,img/05782.png,1.0,you know what grinds my gears? niggers,train,6254,329,2046,['race'],['slurs'],['race'],['slurs'],0.0,0.0,0.0,1.0,0.0,0.0,0.0,0.0,0.0,0.0,0.0,0.0,0.0,1.0,0.0,0.0,0.0,1.0,0.0,0.0,0.0,0.0,0.0,0.0,0.0,0.0,0.0,1.0
2867,img/02867.png,0.0,russia #freesentsov #freekolchenko,train,6268,1866,1772,['pc_empty'],['attack_empty'],['pc_empty'],['attack_empty'],0.0,0.0,1.0,0.0,0.0,0.0,1.0,0.0,0.0,0.0,0.0,0.0,0.0,0.0,0.0,0.0,1.0,0.0,0.0,0.0,1.0,0.0,0.0,0.0,0.0,0.0,0.0,0.0
1382,img/01382.png,0.0,my body my choice,train,6280,2815,1404,['pc_empty'],['attack_empty'],['pc_empty'],['attack_empty'],0.0,0.0,1.0,0.0,0.0,0.0,1.0,0.0,0.0,0.0,0.0,0.0,0.0,0.0,0.0,0.0,1.0,0.0,0.0,0.0,1.0,0.0,0.0,0.0,0.0,0.0,0.0,0.0
4658,img/04658.png,0.0,"so, you think by being a a muslim sympathizer, this will somehow keep us from killing you ? you are a special kind of stupid",train,6294,706,7018,['religion'],['inciting_violence'],['religion'],"['inferiority', 'inciting_violence']",0.0,0.0,0.0,0.0,1.0,0.0,0.0,0.0,0.0,0.0,1.0,0.0,0.0,0.0,0.0,0.0,0.0,0.0,1.0,0.0,0.0,0.0,0.0,0.0,1.0,1.0,0.0,0.0
6951,img/06951.png,0.0,never forget united we stand,train,6303,1873,1405,['pc_empty'],['attack_empty'],['pc_empty'],['attack_empty'],0.0,0.0,1.0,0.0,0.0,0.0,1.0,0.0,0.0,0.0,0.0,0.0,0.0,0.0,0.0,0.0,1.0,0.0,0.0,0.0,1.0,0.0,0.0,0.0,0.0,0.0,0.0,0.0
3256,img/03256.png,0.0,when you ask for advice and they tell you to just be yourself you want me to get naked and start the revolution?,train,6306,1970,1871,['pc_empty'],['attack_empty'],['pc_empty'],['attack_empty'],0.0,0.0,1.0,0.0,0.0,0.0,1.0,0.0,0.0,0.0,0.0,0.0,0.0,0.0,0.0,0.0,1.0,0.0,0.0,0.0,1.0,0.0,0.0,0.0,0.0,0.0,0.0,0.0
5294,img/05294.png,0.0,a little bird told me it is going to be a beautiful day. i ate it,train,6316,4521,4449,['pc_empty'],['attack_empty'],['pc_empty'],['attack_empty'],0.0,0.0,1.0,0.0,0.0,0.0,1.0,0.0,0.0,0.0,0.0,0.0,0.0,0.0,0.0,0.0,1.0,0.0,0.0,0.0,1.0,0.0,0.0,0.0,0.0,0.0,0.0,0.0
6489,img/06489.png,1.0,a head diaper is required when you have shit for brains,train,710,235,4063,['religion'],['inferiority'],['religion'],"['inferiority', 'contempt', 'dehumanizing']",0.0,0.0,0.0,0.0,1.0,0.0,0.0,0.0,0.0,0.0,0.0,1.0,0.0,0.0,0.0,0.0,0.0,0.0,1.0,0.0,0.0,1.0,1.0,0.0,0.0,1.0,0.0,0.0
6198,img/06198.png,0.0,"""vieques u.s. territory march 2019"" constant military bomb explosions!! """,train,6331,5921,5861,['pc_empty'],['attack_empty'],['pc_empty'],['attack_empty'],0.0,0.0,1.0,0.0,0.0,0.0,1.0,0.0,0.0,0.0,0.0,0.0,0.0,0.0,0.0,0.0,1.0,0.0,0.0,0.0,1.0,0.0,0.0,0.0,0.0,0.0,0.0,0.0
7259,img/07259.png,0.0,come here girl let me smell yo butt,train,6356,4260,4188,['pc_empty'],['attack_empty'],['pc_empty'],['attack_empty'],0.0,0.0,1.0,0.0,0.0,0.0,1.0,0.0,0.0,0.0,0.0,0.0,0.0,0.0,0.0,0.0,1.0,0.0,0.0,0.0,1.0,0.0,0.0,0.0,0.0,0.0,0.0,0.0
6584,img/06584.png,1.0,when you consume too much trans fat,train,101,33,647,['sex'],['inferiority'],['sex'],['inferiority'],0.0,0.0,0.0,0.0,0.0,1.0,0.0,0.0,0.0,0.0,0.0,1.0,0.0,0.0,0.0,0.0,0.0,0.0,0.0,1.0,0.0,0.0,0.0,0.0,0.0,1.0,0.0,0.0
2768,img/02768.png,0.0,when you look in your neighbor's yard and see an illegal immigrant mowing their lawn,train,5491,1377,4831,['nationality'],['dehumanizing'],['nationality'],['dehumanizing'],0.0,1.0,0.0,0.0,0.0,0.0,0.0,0.0,1.0,0.0,0.0,0.0,0.0,0.0,0.0,1.0,0.0,0.0,0.0,0.0,0.0,0.0,1.0,0.0,0.0,0.0,0.0,0.0
3285,img/03285.png,0.0,i wanna see the most fucked up meme. lets see what you got,train,864,287,282,['pc_empty'],['attack_empty'],['pc_empty'],['attack_empty'],0.0,0.0,1.0,0.0,0.0,0.0,1.0,0.0,0.0,0.0,0.0,0.0,0.0,0.0,0.0,0.0,1.0,0.0,0.0,0.0,1.0,0.0,0.0,0.0,0.0,0.0,0.0,0.0
6349,img/06349.png,1.0,they still think i'm not a muslim they still think i'm a chick,train,6426,3439,3356,"['religion', 'sex']",['dehumanizing'],"['religion', 'race', 'sex']","['dehumanizing', 'contempt']",0.0,0.0,0.0,0.0,1.0,1.0,0.0,0.0,1.0,0.0,0.0,0.0,0.0,0.0,0.0,0.0,0.0,1.0,1.0,1.0,0.0,1.0,1.0,0.0,0.0,0.0,0.0,0.0
5942,img/05942.png,1.0,"""your majesty, what's the secret to a long life?"" ""well kate, don't leave william for a fucking muslism.""",train,6428,6176,6104,['religion'],['contempt'],['religion'],['contempt'],0.0,0.0,0.0,0.0,1.0,0.0,0.0,1.0,0.0,0.0,0.0,0.0,0.0,0.0,0.0,0.0,0.0,0.0,1.0,0.0,0.0,1.0,0.0,0.0,0.0,0.0,0.0,0.0
7126,img/07126.png,0.0,"these are kids, these are pigs please dont get us confused",train,6444,5610,956,['pc_empty'],['attack_empty'],['pc_empty'],['attack_empty'],0.0,0.0,1.0,0.0,0.0,0.0,1.0,0.0,0.0,0.0,0.0,0.0,0.0,0.0,0.0,0.0,1.0,0.0,0.0,0.0,1.0,0.0,0.0,0.0,0.0,0.0,0.0,0.0
1439,img/01439.png,0.0,im long and strong and down to get the goat hump on,train,1411,460,1148,['pc_empty'],['attack_empty'],['pc_empty'],['attack_empty'],0.0,0.0,1.0,0.0,0.0,0.0,1.0,0.0,0.0,0.0,0.0,0.0,0.0,0.0,0.0,0.0,1.0,0.0,0.0,0.0,1.0,0.0,0.0,0.0,0.0,0.0,0.0,0.0
7852,img/07852.png,0.0,"old people at weddings always poke me and say ""you're next."" so, i started doing the same thing to them at funerals",train,1276,422,4601,['pc_empty'],['attack_empty'],['pc_empty'],['attack_empty'],0.0,0.0,1.0,0.0,0.0,0.0,1.0,0.0,0.0,0.0,0.0,0.0,0.0,0.0,0.0,0.0,1.0,0.0,0.0,0.0,1.0,0.0,0.0,0.0,0.0,0.0,0.0,0.0
5918,img/05918.png,0.0,burning them was a horrific event in the history,train,6461,6944,1418,['pc_empty'],['attack_empty'],['pc_empty'],['attack_empty'],0.0,0.0,1.0,0.0,0.0,0.0,1.0,0.0,0.0,0.0,0.0,0.0,0.0,0.0,0.0,0.0,1.0,0.0,0.0,0.0,1.0,0.0,0.0,0.0,0.0,0.0,0.0,0.0
1245,img/01245.png,1.0,and that was the last nativity play my son was invited to take part in,train,1683,552,6667,['pc_empty'],['attack_empty'],['pc_empty'],['attack_empty'],0.0,0.0,1.0,0.0,0.0,0.0,1.0,0.0,0.0,0.0,0.0,0.0,0.0,0.0,0.0,0.0,1.0,0.0,0.0,0.0,1.0,0.0,0.0,0.0,0.0,0.0,0.0,0.0
1476,img/01476.png,0.0,im confident in my own skin,train,6471,2562,1219,['pc_empty'],['attack_empty'],['pc_empty'],['attack_empty'],0.0,0.0,1.0,0.0,0.0,0.0,1.0,0.0,0.0,0.0,0.0,0.0,0.0,0.0,0.0,0.0,1.0,0.0,0.0,0.0,1.0,0.0,0.0,0.0,0.0,0.0,0.0,0.0
5736,img/05736.png,1.0,"dad, what is humanity? i don't know son, we are zionist",train,6474,4170,4093,['religion'],['dehumanizing'],"['nationality', 'religion']","['inferiority', 'dehumanizing']",0.0,0.0,0.0,0.0,1.0,0.0,0.0,0.0,1.0,0.0,0.0,0.0,0.0,0.0,0.0,1.0,0.0,0.0,1.0,0.0,0.0,0.0,1.0,0.0,0.0,1.0,0.0,0.0
2389,img/02389.png,0.0,democrat jan schakowsky defends ilhan omar: 'she comes from a different culture' where they want to kill all the jews,train,6481,5911,5855,['religion'],"['inciting_violence', 'dehumanizing']","['nationality', 'race', 'religion']","['dehumanizing', 'inciting_violence']",0.0,0.0,0.0,0.0,1.0,0.0,0.0,0.0,1.0,0.0,1.0,0.0,0.0,0.0,0.0,1.0,0.0,1.0,1.0,0.0,0.0,0.0,1.0,0.0,1.0,0.0,0.0,0.0
4316,img/04316.png,0.0,"algebra and geometry are fine, but graphing is where you draw a line",train,6484,4924,4869,['pc_empty'],['attack_empty'],['pc_empty'],['attack_empty'],0.0,0.0,1.0,0.0,0.0,0.0,1.0,0.0,0.0,0.0,0.0,0.0,0.0,0.0,0.0,0.0,1.0,0.0,0.0,0.0,1.0,0.0,0.0,0.0,0.0,0.0,0.0,0.0
4579,img/04579.png,1.0,maybe the catholic church protects pedophile preists because the last time christianity shunned a pedophile he started islam?,train,6501,2060,1422,['religion'],['dehumanizing'],['religion'],"['inferiority', 'dehumanizing']",0.0,0.0,0.0,0.0,1.0,0.0,0.0,0.0,1.0,0.0,0.0,0.0,0.0,0.0,0.0,0.0,0.0,0.0,1.0,0.0,0.0,0.0,1.0,0.0,0.0,1.0,0.0,0.0
2984,img/02984.png,0.0,stop racism black children and white children are the same,train,5376,1359,3240,['pc_empty'],['attack_empty'],['pc_empty'],['attack_empty'],0.0,0.0,1.0,0.0,0.0,0.0,1.0,0.0,0.0,0.0,0.0,0.0,0.0,0.0,0.0,0.0,1.0,0.0,0.0,0.0,1.0,0.0,0.0,0.0,0.0,0.0,0.0,0.0
6859,img/06859.png,1.0,the entire world: the great war killed millions germany: you gotta pump those numbers up!,train,6508,6396,291,['race'],['mocking'],"['nationality', 'race', 'religion']","['mocking', 'inciting_violence']",0.0,0.0,0.0,1.0,0.0,0.0,0.0,0.0,0.0,0.0,0.0,0.0,1.0,0.0,0.0,1.0,0.0,1.0,1.0,0.0,0.0,0.0,0.0,0.0,1.0,0.0,1.0,0.0
3847,img/03847.png,0.0,meanwhile at the isis strip club,train,117,39,41,['pc_empty'],['attack_empty'],['pc_empty'],['attack_empty'],0.0,0.0,1.0,0.0,0.0,0.0,1.0,0.0,0.0,0.0,0.0,0.0,0.0,0.0,0.0,0.0,1.0,0.0,0.0,0.0,1.0,0.0,0.0,0.0,0.0,0.0,0.0,0.0
4782,img/04782.png,0.0,adorable african kid appreciating life,train,6516,5599,1025,['pc_empty'],['attack_empty'],['pc_empty'],['attack_empty'],0.0,0.0,1.0,0.0,0.0,0.0,1.0,0.0,0.0,0.0,0.0,0.0,0.0,0.0,0.0,0.0,1.0,0.0,0.0,0.0,1.0,0.0,0.0,0.0,0.0,0.0,0.0,0.0
7562,img/07562.png,0.0,rest in peace,train,6524,4974,1354,['pc_empty'],['attack_empty'],['pc_empty'],['attack_empty'],0.0,0.0,1.0,0.0,0.0,0.0,1.0,0.0,0.0,0.0,0.0,0.0,0.0,0.0,0.0,0.0,1.0,0.0,0.0,0.0,1.0,0.0,0.0,0.0,0.0,0.0,0.0,0.0
5914,img/05914.png,0.0,meanwhile at the isis strip club,train,117,39,41,['pc_empty'],['attack_empty'],['pc_empty'],['attack_empty'],0.0,0.0,1.0,0.0,0.0,0.0,1.0,0.0,0.0,0.0,0.0,0.0,0.0,0.0,0.0,0.0,1.0,0.0,0.0,0.0,1.0,0.0,0.0,0.0,0.0,0.0,0.0,0.0
4256,img/04256.png,0.0,me and styrofoam... yup...both white trash,train,4564,1236,3636,['pc_empty'],['attack_empty'],['pc_empty'],['attack_empty'],0.0,0.0,1.0,0.0,0.0,0.0,1.0,0.0,0.0,0.0,0.0,0.0,0.0,0.0,0.0,0.0,1.0,0.0,0.0,0.0,1.0,0.0,0.0,0.0,0.0,0.0,0.0,0.0
4759,img/04759.png,0.0,im ready to have some fun,train,6565,5474,352,['pc_empty'],['attack_empty'],['pc_empty'],['attack_empty'],0.0,0.0,1.0,0.0,0.0,0.0,1.0,0.0,0.0,0.0,0.0,0.0,0.0,0.0,0.0,0.0,1.0,0.0,0.0,0.0,1.0,0.0,0.0,0.0,0.0,0.0,0.0,0.0
4758,img/04758.png,0.0,"my fragile heart at my sex drive - stay back, slut",train,6578,6127,6057,['pc_empty'],['attack_empty'],['pc_empty'],['attack_empty'],0.0,0.0,1.0,0.0,0.0,0.0,1.0,0.0,0.0,0.0,0.0,0.0,0.0,0.0,0.0,0.0,1.0,0.0,0.0,0.0,1.0,0.0,0.0,0.0,0.0,0.0,0.0,0.0
2169,img/02169.png,1.0,"to see better, asians sometimes switch to fullscreen view",train,622,209,1237,['race'],['inferiority'],['race'],['inferiority'],0.0,0.0,0.0,1.0,0.0,0.0,0.0,0.0,0.0,0.0,0.0,1.0,0.0,0.0,0.0,0.0,0.0,1.0,0.0,0.0,0.0,0.0,0.0,0.0,0.0,1.0,0.0,0.0
3865,img/03865.png,0.0,after 3 million years of evolution we still love to relax,train,6587,3907,621,['pc_empty'],['attack_empty'],['pc_empty'],['attack_empty'],0.0,0.0,1.0,0.0,0.0,0.0,1.0,0.0,0.0,0.0,0.0,0.0,0.0,0.0,0.0,0.0,1.0,0.0,0.0,0.0,1.0,0.0,0.0,0.0,0.0,0.0,0.0,0.0
3678,img/03678.png,0.0,lock her up and throw away the key,train,6588,5471,5425,['pc_empty'],['attack_empty'],['pc_empty'],['attack_empty'],0.0,0.0,1.0,0.0,0.0,0.0,1.0,0.0,0.0,0.0,0.0,0.0,0.0,0.0,0.0,0.0,1.0,0.0,0.0,0.0,1.0,0.0,0.0,0.0,0.0,0.0,0.0,0.0
7486,img/07486.png,1.0,what's the difference between a walrus and a lesbian? one smells like fish and has a moustache and the other is a walrus!,train,119,41,1319,['sex'],['dehumanizing'],['sex'],"['inferiority', 'dehumanizing']",0.0,0.0,0.0,0.0,0.0,1.0,0.0,0.0,1.0,0.0,0.0,0.0,0.0,0.0,0.0,0.0,0.0,0.0,0.0,1.0,0.0,0.0,1.0,0.0,0.0,1.0,0.0,0.0
1894,img/01894.png,0.0,we haven't t seen any new jesus appearances on pancakes in a while i hope he's okay,train,6611,7494,7347,['pc_empty'],['attack_empty'],['pc_empty'],['attack_empty'],0.0,0.0,1.0,0.0,0.0,0.0,1.0,0.0,0.0,0.0,0.0,0.0,0.0,0.0,0.0,0.0,1.0,0.0,0.0,0.0,1.0,0.0,0.0,0.0,0.0,0.0,0.0,0.0
6248,img/06248.png,0.0,your black neighbor after you called the cops,train,6168,1458,4689,['pc_empty'],['attack_empty'],['pc_empty'],['attack_empty'],0.0,0.0,1.0,0.0,0.0,0.0,1.0,0.0,0.0,0.0,0.0,0.0,0.0,0.0,0.0,0.0,1.0,0.0,0.0,0.0,1.0,0.0,0.0,0.0,0.0,0.0,0.0,0.0
5972,img/05972.png,0.0,when you have to take another picture for mom,train,6652,2192,961,['pc_empty'],['attack_empty'],['pc_empty'],['attack_empty'],0.0,0.0,1.0,0.0,0.0,0.0,1.0,0.0,0.0,0.0,0.0,0.0,0.0,0.0,0.0,0.0,1.0,0.0,0.0,0.0,1.0,0.0,0.0,0.0,0.0,0.0,0.0,0.0
3281,img/03281.png,0.0,the weekend be like,train,6661,3180,720,['pc_empty'],['attack_empty'],['pc_empty'],['attack_empty'],0.0,0.0,1.0,0.0,0.0,0.0,1.0,0.0,0.0,0.0,0.0,0.0,0.0,0.0,0.0,0.0,1.0,0.0,0.0,0.0,1.0,0.0,0.0,0.0,0.0,0.0,0.0,0.0
1564,img/01564.png,0.0,puts on sunblock doesn't protect from harmful rays,train,798,270,261,['pc_empty'],['attack_empty'],['pc_empty'],['attack_empty'],0.0,0.0,1.0,0.0,0.0,0.0,1.0,0.0,0.0,0.0,0.0,0.0,0.0,0.0,0.0,0.0,1.0,0.0,0.0,0.0,1.0,0.0,0.0,0.0,0.0,0.0,0.0,0.0
5936,img/05936.png,0.0,i wish i was there and had my gun to help them,train,6693,4351,1064,['pc_empty'],['attack_empty'],['pc_empty'],['attack_empty'],0.0,0.0,1.0,0.0,0.0,0.0,1.0,0.0,0.0,0.0,0.0,0.0,0.0,0.0,0.0,0.0,1.0,0.0,0.0,0.0,1.0,0.0,0.0,0.0,0.0,0.0,0.0,0.0
6157,img/06157.png,0.0,dark humor is like food not everybody gets it,train,6698,1178,3237,['pc_empty'],['attack_empty'],['pc_empty'],['attack_empty'],0.0,0.0,1.0,0.0,0.0,0.0,1.0,0.0,0.0,0.0,0.0,0.0,0.0,0.0,0.0,0.0,1.0,0.0,0.0,0.0,1.0,0.0,0.0,0.0,0.0,0.0,0.0,0.0
5241,img/05241.png,1.0,"last year tyrone got a new job, started building his credit, and spending more time with his kids then something amazing started to happen!",train,1644,215,515,['race'],['inferiority'],"['disability', 'race']",['inferiority'],0.0,0.0,0.0,1.0,0.0,0.0,0.0,0.0,0.0,0.0,0.0,1.0,0.0,0.0,1.0,0.0,0.0,1.0,0.0,0.0,0.0,0.0,0.0,0.0,0.0,1.0,0.0,0.0
2687,img/02687.png,0.0,i hang a sock on my doorknob so my roommate knows not to come in because i'm busy fucking the other sock,train,6766,5135,5061,['pc_empty'],['attack_empty'],['pc_empty'],['attack_empty'],0.0,0.0,1.0,0.0,0.0,0.0,1.0,0.0,0.0,0.0,0.0,0.0,0.0,0.0,0.0,0.0,1.0,0.0,0.0,0.0,1.0,0.0,0.0,0.0,0.0,0.0,0.0,0.0
2365,img/02365.png,0.0,"quick, which one is a bb gun? oops, too late . . . you're dead",train,6793,5771,1140,['pc_empty'],['attack_empty'],['pc_empty'],['attack_empty'],0.0,0.0,1.0,0.0,0.0,0.0,1.0,0.0,0.0,0.0,0.0,0.0,0.0,0.0,0.0,0.0,1.0,0.0,0.0,0.0,1.0,0.0,0.0,0.0,0.0,0.0,0.0,0.0
3642,img/03642.png,0.0,when you catch your goat with another man,train,494,170,6743,['pc_empty'],['attack_empty'],['pc_empty'],['attack_empty'],0.0,0.0,1.0,0.0,0.0,0.0,1.0,0.0,0.0,0.0,0.0,0.0,0.0,0.0,0.0,0.0,1.0,0.0,0.0,0.0,1.0,0.0,0.0,0.0,0.0,0.0,0.0,0.0
3421,img/03421.png,1.0,"when you shoot up the school and somebody else gets blamed for it we stand here amid my achievement, not yours!",train,6818,5835,5774,['race'],['inciting_violence'],"['race', 'sex']","['dehumanizing', 'inciting_violence', 'contempt']",0.0,0.0,0.0,1.0,0.0,0.0,0.0,0.0,0.0,0.0,1.0,0.0,0.0,0.0,0.0,0.0,0.0,1.0,0.0,1.0,0.0,1.0,1.0,0.0,1.0,0.0,0.0,0.0
1547,img/01547.png,0.0,how mexicans be like... when they hear their friends kid is having a birthday party,train,6825,1090,4030,['pc_empty'],['attack_empty'],['pc_empty'],['attack_empty'],0.0,0.0,1.0,0.0,0.0,0.0,1.0,0.0,0.0,0.0,0.0,0.0,0.0,0.0,0.0,0.0,1.0,0.0,0.0,0.0,1.0,0.0,0.0,0.0,0.0,0.0,0.0,0.0
7836,img/07836.png,1.0,hi hacker bro we are muslim brotherhood,train,6829,6792,932,['pc_empty'],['attack_empty'],['pc_empty'],['attack_empty'],0.0,0.0,1.0,0.0,0.0,0.0,1.0,0.0,0.0,0.0,0.0,0.0,0.0,0.0,0.0,0.0,1.0,0.0,0.0,0.0,1.0,0.0,0.0,0.0,0.0,0.0,0.0,0.0
2481,img/02481.png,1.0,greetings tranny time to die,train,3519,1030,113,['sex'],"['inciting_violence', 'slurs']",['sex'],"['slurs', 'inciting_violence']",0.0,0.0,0.0,0.0,0.0,1.0,0.0,0.0,0.0,0.0,1.0,0.0,0.0,1.0,0.0,0.0,0.0,0.0,0.0,1.0,0.0,0.0,0.0,0.0,1.0,0.0,0.0,1.0
1794,img/01794.png,1.0,i beat children,train,6832,6936,6822,['pc_empty'],['attack_empty'],['pc_empty'],['attack_empty'],0.0,0.0,1.0,0.0,0.0,0.0,1.0,0.0,0.0,0.0,0.0,0.0,0.0,0.0,0.0,0.0,1.0,0.0,0.0,0.0,1.0,0.0,0.0,0.0,0.0,0.0,0.0,0.0
4891,img/04891.png,0.0,cannibalism,train,4053,1138,7026,['pc_empty'],['attack_empty'],['pc_empty'],['attack_empty'],0.0,0.0,1.0,0.0,0.0,0.0,1.0,0.0,0.0,0.0,0.0,0.0,0.0,0.0,0.0,0.0,1.0,0.0,0.0,0.0,1.0,0.0,0.0,0.0,0.0,0.0,0.0,0.0
6781,img/06781.png,1.0,how cops subdue whites blacks see the night and day responses,train,6834,7380,7249,['race'],['inciting_violence'],['race'],['inciting_violence'],0.0,0.0,0.0,1.0,0.0,0.0,0.0,0.0,0.0,0.0,1.0,0.0,0.0,0.0,0.0,0.0,0.0,1.0,0.0,0.0,0.0,0.0,0.0,0.0,1.0,0.0,0.0,0.0
6435,img/06435.png,1.0,"slave salesman:*slams hand on head* this baby can pick so much fucking cotton, only comes in one color tho",train,6839,3018,2922,['race'],"['dehumanizing', 'mocking']",['race'],"['mocking', 'dehumanizing']",0.0,0.0,0.0,1.0,0.0,0.0,0.0,0.0,1.0,0.0,0.0,0.0,1.0,0.0,0.0,0.0,0.0,1.0,0.0,0.0,0.0,0.0,1.0,0.0,0.0,0.0,1.0,0.0
6295,img/06295.png,0.0,are u a wizard?,train,2224,703,4018,['pc_empty'],['attack_empty'],['pc_empty'],['attack_empty'],0.0,0.0,1.0,0.0,0.0,0.0,1.0,0.0,0.0,0.0,0.0,0.0,0.0,0.0,0.0,0.0,1.0,0.0,0.0,0.0,1.0,0.0,0.0,0.0,0.0,0.0,0.0,0.0
1972,img/01972.png,0.0,you don't have a cat? this is your lucky day! i'm moving in!,train,6844,6707,6603,['pc_empty'],['attack_empty'],['pc_empty'],['attack_empty'],0.0,0.0,1.0,0.0,0.0,0.0,1.0,0.0,0.0,0.0,0.0,0.0,0.0,0.0,0.0,0.0,1.0,0.0,0.0,0.0,1.0,0.0,0.0,0.0,0.0,0.0,0.0,0.0
4138,img/04138.png,1.0,what do a bicycle and a nigger have in common? neither works without chains,train,6847,4037,3953,['race'],"['mocking', 'dehumanizing']",['race'],"['mocking', 'dehumanizing', 'slurs']",0.0,0.0,0.0,1.0,0.0,0.0,0.0,0.0,1.0,0.0,0.0,0.0,1.0,0.0,0.0,0.0,0.0,1.0,0.0,0.0,0.0,0.0,1.0,0.0,0.0,0.0,1.0,1.0
4682,img/04682.png,0.0,why can't we spend money on education instead of drugs,train,6850,787,5976,['pc_empty'],['attack_empty'],['pc_empty'],['attack_empty'],0.0,0.0,1.0,0.0,0.0,0.0,1.0,0.0,0.0,0.0,0.0,0.0,0.0,0.0,0.0,0.0,1.0,0.0,0.0,0.0,1.0,0.0,0.0,0.0,0.0,0.0,0.0,0.0
2367,img/02367.png,0.0,dodge owners be like don't take a picture,train,6851,1794,1703,['pc_empty'],['attack_empty'],['pc_empty'],['attack_empty'],0.0,0.0,1.0,0.0,0.0,0.0,1.0,0.0,0.0,0.0,0.0,0.0,0.0,0.0,0.0,0.0,1.0,0.0,0.0,0.0,1.0,0.0,0.0,0.0,0.0,0.0,0.0,0.0
4163,img/04163.png,1.0,i will kill this white man ooo wwe fans,train,6859,3914,3828,['race'],['inciting_violence'],"['race', 'sex']",['inciting_violence'],0.0,0.0,0.0,1.0,0.0,0.0,0.0,0.0,0.0,0.0,1.0,0.0,0.0,0.0,0.0,0.0,0.0,1.0,0.0,1.0,0.0,0.0,0.0,0.0,1.0,0.0,0.0,0.0
2351,img/02351.png,1.0,when karen helps u camouflage the crackhouse,train,3411,1004,689,['disability'],['inferiority'],['disability'],"['inferiority', 'dehumanizing']",1.0,0.0,0.0,0.0,0.0,0.0,0.0,0.0,0.0,0.0,0.0,1.0,0.0,0.0,1.0,0.0,0.0,0.0,0.0,0.0,0.0,0.0,1.0,0.0,0.0,1.0,0.0,0.0
1436,img/01436.png,1.0,when the school shooter accidently shoots the autistic kid but doesn't know that the tard strength makes him impervious to bullets,train,6869,3590,3492,['disability'],"['inciting_violence', 'inferiority']",['disability'],"['inferiority', 'inciting_violence', 'slurs']",1.0,0.0,0.0,0.0,0.0,0.0,0.0,0.0,0.0,0.0,1.0,1.0,0.0,0.0,1.0,0.0,0.0,0.0,0.0,0.0,0.0,0.0,0.0,0.0,1.0,1.0,0.0,1.0
7849,img/07849.png,1.0,sorry white guys but i only date black guys,train,4588,1241,4305,['race'],['dehumanizing'],['race'],"['dehumanizing', 'exclusion']",0.0,0.0,0.0,1.0,0.0,0.0,0.0,0.0,1.0,0.0,0.0,0.0,0.0,0.0,0.0,0.0,0.0,1.0,0.0,0.0,0.0,0.0,1.0,1.0,0.0,0.0,0.0,0.0
1954,img/01954.png,0.0,the best part about a prostitute dying on you is you get the second hour free,train,6886,4866,4817,['pc_empty'],['attack_empty'],['pc_empty'],['attack_empty'],0.0,0.0,1.0,0.0,0.0,0.0,1.0,0.0,0.0,0.0,0.0,0.0,0.0,0.0,0.0,0.0,1.0,0.0,0.0,0.0,1.0,0.0,0.0,0.0,0.0,0.0,0.0,0.0
3148,img/03148.png,0.0,fact: ethiopian food is so rare that locals dont even eat it ethiopian food,train,6896,4136,4054,['nationality'],['inferiority'],"['nationality', 'race']",['inferiority'],0.0,1.0,0.0,0.0,0.0,0.0,0.0,0.0,0.0,0.0,0.0,1.0,0.0,0.0,0.0,1.0,0.0,1.0,0.0,0.0,0.0,0.0,0.0,0.0,0.0,1.0,0.0,0.0
1548,img/01548.png,0.0,"what are they fighting over? is it: a) the last pan ducle b) he accidentally touch the homies hand passing a beer? c) foo used the last of the three flowers. d) homie said ""i got you on gas"" but he only has $3!",train,3167,941,3017,['pc_empty'],['attack_empty'],['pc_empty'],['attack_empty'],0.0,0.0,1.0,0.0,0.0,0.0,1.0,0.0,0.0,0.0,0.0,0.0,0.0,0.0,0.0,0.0,1.0,0.0,0.0,0.0,1.0,0.0,0.0,0.0,0.0,0.0,0.0,0.0
3276,img/03276.png,0.0,unless life also gives you water and sugar your lemonade is gonna suck,train,6904,3121,3023,['pc_empty'],['attack_empty'],['pc_empty'],['attack_empty'],0.0,0.0,1.0,0.0,0.0,0.0,1.0,0.0,0.0,0.0,0.0,0.0,0.0,0.0,0.0,0.0,1.0,0.0,0.0,0.0,1.0,0.0,0.0,0.0,0.0,0.0,0.0,0.0
1953,img/01953.png,1.0,muslim +hunt = less muslims,train,6908,6596,6491,['religion'],['inciting_violence'],['religion'],"['dehumanizing', 'inciting_violence', 'exclusion']",0.0,0.0,0.0,0.0,1.0,0.0,0.0,0.0,0.0,0.0,1.0,0.0,0.0,0.0,0.0,0.0,0.0,0.0,1.0,0.0,0.0,0.0,1.0,1.0,1.0,0.0,0.0,0.0
1763,img/01763.png,0.0,want a spin ?,train,6917,1797,744,['pc_empty'],['attack_empty'],['pc_empty'],['attack_empty'],0.0,0.0,1.0,0.0,0.0,0.0,1.0,0.0,0.0,0.0,0.0,0.0,0.0,0.0,0.0,0.0,1.0,0.0,0.0,0.0,1.0,0.0,0.0,0.0,0.0,0.0,0.0,0.0
1247,img/01247.png,1.0,you can't be racist if there is no other race,train,6919,2209,4,['race'],['mocking'],"['religion', 'race']",['mocking'],0.0,0.0,0.0,1.0,0.0,0.0,0.0,0.0,0.0,0.0,0.0,0.0,1.0,0.0,0.0,0.0,0.0,1.0,1.0,0.0,0.0,0.0,0.0,0.0,0.0,0.0,1.0,0.0
5743,img/05743.png,0.0,how your booty feels after the taco bell drops,train,6920,3880,3787,['pc_empty'],['attack_empty'],['pc_empty'],['attack_empty'],0.0,0.0,1.0,0.0,0.0,0.0,1.0,0.0,0.0,0.0,0.0,0.0,0.0,0.0,0.0,0.0,1.0,0.0,0.0,0.0,1.0,0.0,0.0,0.0,0.0,0.0,0.0,0.0
4819,img/04819.png,1.0,"jew: *walks out of the shower* hey man, can i get a towel? auschwitz guard:",train,6929,4478,4410,['religion'],['mocking'],['religion'],['mocking'],0.0,0.0,0.0,0.0,1.0,0.0,0.0,0.0,0.0,0.0,0.0,0.0,1.0,0.0,0.0,0.0,0.0,0.0,1.0,0.0,0.0,0.0,0.0,0.0,0.0,0.0,1.0,0.0
5261,img/05261.png,1.0,i'm deporting all mexicans!!! except the ones in baldwin park you fuckers are crazy!!!,train,6937,7371,7235,['pc_empty'],['attack_empty'],['pc_empty'],['attack_empty'],0.0,0.0,1.0,0.0,0.0,0.0,1.0,0.0,0.0,0.0,0.0,0.0,0.0,0.0,0.0,0.0,1.0,0.0,0.0,0.0,1.0,0.0,0.0,0.0,0.0,0.0,0.0,0.0
6589,img/06589.png,1.0,on ala akbar i will fuck ur goats,train,6941,7321,7190,['religion'],['dehumanizing'],"['religion', 'race']",['dehumanizing'],0.0,0.0,0.0,0.0,1.0,0.0,0.0,0.0,1.0,0.0,0.0,0.0,0.0,0.0,0.0,0.0,0.0,1.0,1.0,0.0,0.0,0.0,1.0,0.0,0.0,0.0,0.0,0.0
3185,img/03185.png,1.0,best thing about an ethiopian blowjob ? you know she's going to swallow,train,6946,4443,872,['nationality'],['contempt'],"['nationality', 'sex']","['inferiority', 'contempt']",0.0,1.0,0.0,0.0,0.0,0.0,0.0,1.0,0.0,0.0,0.0,0.0,0.0,0.0,0.0,1.0,0.0,0.0,0.0,1.0,0.0,1.0,0.0,0.0,0.0,1.0,0.0,0.0
2815,img/02815.png,1.0,how do i like my eggs? same as i like my niggers beaten and separated from the whites,train,4115,1152,3357,['race'],"['inciting_violence', 'exclusion', 'slurs']",['race'],"['slurs', 'inciting_violence', 'exclusion']",0.0,0.0,0.0,1.0,0.0,0.0,0.0,0.0,0.0,1.0,1.0,0.0,0.0,1.0,0.0,0.0,0.0,1.0,0.0,0.0,0.0,0.0,0.0,1.0,1.0,0.0,0.0,1.0
4397,img/04397.png,1.0,what do you call a a retarded jew? auschwistic,train,6997,28,2457,"['religion', 'disability']","['mocking', 'inferiority']","['disability', 'religion']","['mocking', 'inferiority']",1.0,0.0,0.0,0.0,1.0,0.0,0.0,0.0,0.0,0.0,0.0,1.0,1.0,0.0,1.0,0.0,0.0,0.0,1.0,0.0,0.0,0.0,0.0,0.0,0.0,1.0,1.0,0.0
4529,img/04529.png,1.0,"please, ' 'share' this piggy he upsets muslims",train,7009,7148,517,['religion'],['contempt'],['religion'],"['inferiority', 'contempt']",0.0,0.0,0.0,0.0,1.0,0.0,0.0,1.0,0.0,0.0,0.0,0.0,0.0,0.0,0.0,0.0,0.0,0.0,1.0,0.0,0.0,1.0,0.0,0.0,0.0,1.0,0.0,0.0
1649,img/01649.png,1.0,american cops when they graduate police academy let the black man come forth! let murder be done upon him!,train,7011,5374,834,"['race', 'nationality']","['inciting_violence', 'dehumanizing']","['nationality', 'race', 'sex']","['dehumanizing', 'inciting_violence']",0.0,1.0,0.0,1.0,0.0,0.0,0.0,0.0,1.0,0.0,1.0,0.0,0.0,0.0,0.0,1.0,0.0,1.0,0.0,1.0,0.0,0.0,1.0,0.0,1.0,0.0,0.0,0.0
2863,img/02863.png,1.0,white men are the biggest terror threat except for my white boyfriend,train,7018,1830,1742,"['race', 'sex']",['dehumanizing'],"['race', 'sex']",['dehumanizing'],0.0,0.0,0.0,1.0,0.0,1.0,0.0,0.0,1.0,0.0,0.0,0.0,0.0,0.0,0.0,0.0,0.0,1.0,0.0,1.0,0.0,0.0,1.0,0.0,0.0,0.0,0.0,0.0
6871,img/06871.png,1.0,"abdul, you moron! i said ""bag the oat and wheat""! not ""shag the goat meat""!",train,7029,6527,6418,"['race', 'religion']",['dehumanizing'],"['nationality', 'race', 'religion']","['inferiority', 'dehumanizing']",0.0,0.0,0.0,1.0,1.0,0.0,0.0,0.0,1.0,0.0,0.0,0.0,0.0,0.0,0.0,1.0,0.0,1.0,1.0,0.0,0.0,0.0,1.0,0.0,0.0,1.0,0.0,0.0
4268,img/04268.png,1.0,guess which one is which? 1. transgender; 2. suicide bomber or 3. a floor lamp,train,7041,3417,3330,"['religion', 'sex']",['dehumanizing'],"['religion', 'race', 'sex']",['dehumanizing'],0.0,0.0,0.0,0.0,1.0,1.0,0.0,0.0,1.0,0.0,0.0,0.0,0.0,0.0,0.0,0.0,0.0,1.0,1.0,1.0,0.0,0.0,1.0,0.0,0.0,0.0,0.0,0.0
3591,img/03591.png,1.0,"joins the democrat party to indulge in deep seated supremacist proclivities. ""helping"" minorities also loves black cock",train,7052,6133,6066,['race'],['attack_empty'],['race'],[],0.0,0.0,0.0,1.0,0.0,0.0,1.0,0.0,0.0,0.0,0.0,0.0,0.0,0.0,0.0,0.0,0.0,1.0,0.0,0.0,0.0,0.0,0.0,0.0,0.0,0.0,0.0,0.0
3764,img/03764.png,1.0,"my black flag brings all the goats to the yard and they're like allah akbar and then i'll put a bomb in a car, i'd teach u but i have no arms",train,7055,5556,7,"['religion', 'race']","['dehumanizing', 'inferiority']","['nationality', 'religion', 'race', 'disability']","['inferiority', 'dehumanizing', 'inciting_violence']",0.0,0.0,0.0,1.0,1.0,0.0,0.0,0.0,1.0,0.0,0.0,1.0,0.0,0.0,1.0,1.0,0.0,1.0,1.0,0.0,0.0,0.0,1.0,0.0,1.0,1.0,0.0,0.0
3745,img/03745.png,1.0,your order comes to $37.50 and your white privilege discount brings the total to $37.50,dev,6020,1439,1128,,,,,,,,,,,,,,,,,,,,,,,,,,,,,,,,
5279,img/05279.png,1.0,"knowing white people , that's probably the baby father",dev,7072,6511,293,,,,,,,,,,,,,,,,,,,,,,,,,,,,,,,,
1796,img/01796.png,1.0,life hack #23 how to get stoned with no weed,dev,7073,7414,774,,,,,,,,,,,,,,,,,,,,,,,,,,,,,,,,
2568,img/02568.png,1.0,whatsthe difference between heroin and i? cops think twice before shooting heroin,dev,6304,1467,46,,,,,,,,,,,,,,,,,,,,,,,,,,,,,,,,
2478,img/02478.png,1.0,must..resist...urge to.. kill whitey.,dev,7085,6144,1378,,,,,,,,,,,,,,,,,,,,,,,,,,,,,,,,
2143,img/02143.png,1.0,"doesnt have food, water, electricity proud of nuclear weapons",dev,7087,3115,7,,,,,,,,,,,,,,,,,,,,,,,,,,,,,,,,
5349,img/05349.png,0.0,normal day in a islamic country,dev,7089,7171,1444,,,,,,,,,,,,,,,,,,,,,,,,,,,,,,,,
6491,img/06491.png,1.0,tranny for sale,dev,4544,1235,552,,,,,,,,,,,,,,,,,,,,,,,,,,,,,,,,
4569,img/04569.png,0.0,when is the time to eat i am hungry,dev,7097,3447,1448,,,,,,,,,,,,,,,,,,,,,,,,,,,,,,,,
1925,img/01925.png,1.0,i am not racist i just don't like brown sugar,dev,6172,1459,1279,,,,,,,,,,,,,,,,,,,,,,,,,,,,,,,,
3567,img/03567.png,1.0,potato is my favorite color of the alphabet,dev,7106,1503,7111,,,,,,,,,,,,,,,,,,,,,,,,,,,,,,,,
4538,img/04538.png,0.0,"bows here, bows there, bows everywhere",dev,7112,4072,3993,,,,,,,,,,,,,,,,,,,,,,,,,,,,,,,,
6123,img/06123.png,1.0,a group of men,dev,977,320,544,,,,,,,,,,,,,,,,,,,,,,,,,,,,,,,,
3214,img/03214.png,0.0,bartender: how about a nice 12 yr old? him: boy or girl?,dev,7104,1502,4976,,,,,,,,,,,,,,,,,,,,,,,,,,,,,,,,
5126,img/05126.png,1.0,can you smell what the reich is cooking,dev,7124,1509,1454,,,,,,,,,,,,,,,,,,,,,,,,,,,,,,,,
5213,img/05213.png,0.0,the families of the hillsborough tragedy were denied legal aid.... but shamima begum gets it to fight for her uk citizenship our system is a sick joke! - martin costello,dev,7131,2016,1916,,,,,,,,,,,,,,,,,,,,,,,,,,,,,,,,
4857,img/04857.png,1.0,...even the dumb jews know that! trump is a racist.,dev,7146,5092,1278,,,,,,,,,,,,,,,,,,,,,,,,,,,,,,,,
1456,img/01456.png,1.0,they see them rollin..... they hating..,dev,7155,6255,1451,,,,,,,,,,,,,,,,,,,,,,,,,,,,,,,,
7135,img/07135.png,1.0,this is the greatest news manufacturing in 20th century,dev,2770,846,292,,,,,,,,,,,,,,,,,,,,,,,,,,,,,,,,
3524,img/03524.png,1.0,terrorist can come to this country way to easy,dev,2499,785,783,,,,,,,,,,,,,,,,,,,,,,,,,,,,,,,,
1967,img/01967.png,0.0,when you decide to stop racism by burning its symbol,dev,7183,3967,1446,,,,,,,,,,,,,,,,,,,,,,,,,,,,,,,,
6723,img/06723.png,1.0,the hardest part to eat in a vegetable,dev,5750,1411,1238,,,,,,,,,,,,,,,,,,,,,,,,,,,,,,,,
2157,img/02157.png,1.0,"mohammed i'm pregnant.... don't sass me, you know it's funny! ~cupcakes",dev,7187,1518,123,,,,,,,,,,,,,,,,,,,,,,,,,,,,,,,,
1765,img/01765.png,1.0,"after a girl dies, what organ in her body stays warm? my dick",dev,7193,6565,70,,,,,,,,,,,,,,,,,,,,,,,,,,,,,,,,
1742,img/01742.png,0.0,in just one hour from now i'll only have 4 hours left until i have to work a mere 3 hours,dev,7196,4060,3977,,,,,,,,,,,,,,,,,,,,,,,,,,,,,,,,
7429,img/07429.png,1.0,i'm about to have my 5th abortion fuck you batman i'm the real crime fighter,dev,7208,2898,2779,,,,,,,,,,,,,,,,,,,,,,,,,,,,,,,,
4769,img/04769.png,1.0,"if she's pouting like this and you don't immediately drop the argument , motherfucker you gay",dev,7214,2053,269,,,,,,,,,,,,,,,,,,,,,,,,,,,,,,,,
3197,img/03197.png,1.0,i'm no bird expert but i'm guessing it's 4 females and 1 male,dev,7220,2525,2415,,,,,,,,,,,,,,,,,,,,,,,,,,,,,,,,
3519,img/03519.png,1.0,i'm going home i'm russian,dev,7143,1513,1448,,,,,,,,,,,,,,,,,,,,,,,,,,,,,,,,
2145,img/02145.png,0.0,"and then i asked mom, what's for dinner?",dev,7237,1523,2178,,,,,,,,,,,,,,,,,,,,,,,,,,,,,,,,
7382,img/07382.png,1.0,wouldn't be the last time those people used the oven this way,dev,7241,1526,1469,,,,,,,,,,,,,,,,,,,,,,,,,,,,,,,,
7351,img/07351.png,0.0,"""plays uno steals all the green cards""",dev,7258,3797,3697,,,,,,,,,,,,,,,,,,,,,,,,,,,,,,,,
5938,img/05938.png,1.0,in the muslim world all gay men are well hung,dev,7264,1538,1478,,,,,,,,,,,,,,,,,,,,,,,,,,,,,,,,
6582,img/06582.png,1.0,they are terrorists anyone who doesn't agree is an idiot,dev,7272,1545,1481,,,,,,,,,,,,,,,,,,,,,,,,,,,,,,,,
1726,img/01726.png,1.0,a real man loads the dishwasher every night,dev,7229,1520,1000,,,,,,,,,,,,,,,,,,,,,,,,,,,,,,,,
2634,img/02634.png,1.0,and just like that... this sandwich maker doubles as an ironing board,dev,7300,1265,1493,,,,,,,,,,,,,,,,,,,,,,,,,,,,,,,,
7198,img/07198.png,1.0,islam is a religion of peace stop criticizing my religion,dev,7302,1558,1391,,,,,,,,,,,,,,,,,,,,,,,,,,,,,,,,
2364,img/02364.png,0.0,"a jewish shop owner, wears a kippah or yarmulke whilst in his shop in tehran",dev,7306,5639,1495,,,,,,,,,,,,,,,,,,,,,,,,,,,,,,,,
6352,img/06352.png,0.0,"and then i asked mom, can we go play?",dev,7316,6117,1499,,,,,,,,,,,,,,,,,,,,,,,,,,,,,,,,
2783,img/02783.png,1.0,a picture of my great great great grand grandfather's tractors they don't make them like they used to,dev,7290,1553,1484,,,,,,,,,,,,,,,,,,,,,,,,,,,,,,,,
2518,img/02518.png,0.0,when the dog bites you and you bite back to assert dominance,dev,7333,6258,1507,,,,,,,,,,,,,,,,,,,,,,,,,,,,,,,,
4621,img/04621.png,0.0,you are what you eat meanwhile in africa,dev,7281,1549,7154,,,,,,,,,,,,,,,,,,,,,,,,,,,,,,,,
3568,img/03568.png,0.0,time to play rich vs the constitution,dev,7340,2160,913,,,,,,,,,,,,,,,,,,,,,,,,,,,,,,,,
7653,img/07653.png,1.0,"in the last days there will be god hating scoffers, ridiculers, deniers and mockers following after their own lusts",dev,7341,1531,1490,,,,,,,,,,,,,,,,,,,,,,,,,,,,,,,,
3217,img/03217.png,0.0,"they are like sperm you get millions, but only one works",dev,7343,1572,6803,,,,,,,,,,,,,,,,,,,,,,,,,,,,,,,,
3798,img/03798.png,0.0,"hey, i just met you and this is crazy but here's your number... so camping, maybe?",dev,7346,1544,6989,,,,,,,,,,,,,,,,,,,,,,,,,,,,,,,,
5316,img/05316.png,0.0,doing o's with the smoke,dev,7355,1578,6400,,,,,,,,,,,,,,,,,,,,,,,,,,,,,,,,
6273,img/06273.png,1.0,the jihad squad,dev,7379,1583,1474,,,,,,,,,,,,,,,,,,,,,,,,,,,,,,,,
5439,img/05439.png,0.0,portable dishwasher slash sandwich maker,dev,7373,1582,1798,,,,,,,,,,,,,,,,,,,,,,,,,,,,,,,,
7528,img/07528.png,1.0,the latest and greatest. a truck that comes with a dishwasher!,dev,7239,1525,1514,,,,,,,,,,,,,,,,,,,,,,,,,,,,,,,,
1268,img/01268.png,0.0,father and daughter bonding time is the best like and share if you agree,dev,7382,3518,1512,,,,,,,,,,,,,,,,,,,,,,,,,,,,,,,,
5429,img/05429.png,,claims that her ancestors created a safe space for jews these are her ancestors,test,5493,1378,1239,,,,,,,,,,,,,,,,,,,,,,,,,,,,,,,,
1865,img/01865.png,,i'm this pretty because both my parents are white,test,755,252,3373,,,,,,,,,,,,,,,,,,,,,,,,,,,,,,,,
4615,img/04615.png,,it's the religion of peace. join exclusive islam!,test,7401,3272,3175,,,,,,,,,,,,,,,,,,,,,,,,,,,,,,,,
1936,img/01936.png,,we said we would never forget why are you voting them into our governement?,test,1391,14,1405,,,,,,,,,,,,,,,,,,,,,,,,,,,,,,,,
4958,img/04958.png,,how i see black people getting trolled on the internet,test,2890,876,571,,,,,,,,,,,,,,,,,,,,,,,,,,,,,,,,
2356,img/02356.png,,if i was arrested what do u think i got arrested 4?,test,7403,4002,188,,,,,,,,,,,,,,,,,,,,,,,,,,,,,,,,
5462,img/05462.png,,i'm not racist i hate white liberals more than anybody,test,5871,1425,36,,,,,,,,,,,,,,,,,,,,,,,,,,,,,,,,
1627,img/01627.png,,jew jerky: leave out in the sun until all moisture is gone store in a cool dark place for 3 days,test,1485,489,1175,,,,,,,,,,,,,,,,,,,,,,,,,,,,,,,,
7516,img/07516.png,,teacher: alright class take out your calculators mohammed:,test,2437,765,421,,,,,,,,,,,,,,,,,,,,,,,,,,,,,,,,
2789,img/02789.png,,when you got a warrant out for your arrest & you on the run.....,test,7407,7440,725,,,,,,,,,,,,,,,,,,,,,,,,,,,,,,,,
3976,img/03976.png,,"warning ""every"" country that has become involved in muslim immigration has eventually become an islamic state, and don't the fate of your country will be any different islam is a cancer for which there is no cure",test,7408,6310,6223,,,,,,,,,,,,,,,,,,,,,,,,,,,,,,,,
7291,img/07291.png,,it's a piece of cake if she's not awake,test,4204,1168,36,,,,,,,,,,,,,,,,,,,,,,,,,,,,,,,,
7392,img/07392.png,,once you go black ur a single mom!,test,7411,6314,6227,,,,,,,,,,,,,,,,,,,,,,,,,,,,,,,,
1284,img/01284.png,,muslims offend me,test,5119,1320,1756,,,,,,,,,,,,,,,,,,,,,,,,,,,,,,,,
2584,img/02584.png,,imagine being so disugsting there have to be laws to try to stop normal people from hating you,test,7429,1532,6357,,,,,,,,,,,,,,,,,,,,,,,,,,,,,,,,
5219,img/05219.png,,just admit it. white america was better,test,7437,1596,1529,,,,,,,,,,,,,,,,,,,,,,,,,,,,,,,,
5162,img/05162.png,,went down on a muslim bitch her pussy was the bomb!,test,7444,1601,3903,,,,,,,,,,,,,,,,,,,,,,,,,,,,,,,,
7652,img/07652.png,,ban the burka you must be fucking joking,test,7455,1609,7034,,,,,,,,,,,,,,,,,,,,,,,,,,,,,,,,
7689,img/07689.png,,man: i'd like to trade her in for newer one,test,7462,1613,2636,,,,,,,,,,,,,,,,,,,,,,,,,,,,,,,,
6931,img/06931.png,,the newest hate group the dumb stupid klan,test,7468,1616,1541,,,,,,,,,,,,,,,,,,,,,,,,,,,,,,,,
3146,img/03146.png,,this is inhuman the operation takes only a couple of seconds to perform but its image remains for years,test,7471,2032,1543,,,,,,,,,,,,,,,,,,,,,,,,,,,,,,,,
4879,img/04879.png,,i hear a funny joke about dishwashers,test,7472,3301,1526,,,,,,,,,,,,,,,,,,,,,,,,,,,,,,,,
6135,img/06135.png,,everyone should take care of their skin,test,7487,5734,5675,,,,,,,,,,,,,,,,,,,,,,,,,,,,,,,,
1634,img/01634.png,,"""aye, tone! why would dey delouse 'em if dey was just gonna whack 'em?!""",test,7500,1627,3312,,,,,,,,,,,,,,,,,,,,,,,,,,,,,,,,
7193,img/07193.png,,things i love to hunt,test,7433,1593,1539,,,,,,,,,,,,,,,,,,,,,,,,,,,,,,,,
3968,img/03968.png,,when you're watching the #roots remake but you're in an interracial relationship,test,7491,1625,5754,,,,,,,,,,,,,,,,,,,,,,,,,,,,,,,,
7396,img/07396.png,,this project is tough but it will save the world,test,7476,1619,1556,,,,,,,,,,,,,,,,,,,,,,,,,,,,,,,,
5968,img/05968.png,,what would you do if i got pregnant,test,7537,240,1550,,,,,,,,,,,,,,,,,,,,,,,,,,,,,,,,
4265,img/04265.png,,farming simulator 1800,test,7536,1640,1561,,,,,,,,,,,,,,,,,,,,,,,,,,,,,,,,
4716,img/04716.png,,"makeup artist $4,000 / month personal stylist $15,000 / week i can't tell the difference",test,7545,1630,5050,,,,,,,,,,,,,,,,,,,,,,,,,,,,,,,,
3164,img/03164.png,,party tonight? i'm down,test,2416,762,127,,,,,,,,,,,,,,,,,,,,,,,,,,,,,,,,
5218,img/05218.png,,things i love to pull behind my trunck,test,7546,1642,6170,,,,,,,,,,,,,,,,,,,,,,,,,,,,,,,,
7694,img/07694.png,,if i had a gone i could convert this fruit to vegetable,test,7489,1624,1564,,,,,,,,,,,,,,,,,,,,,,,,,,,,,,,,
3987,img/03987.png,,the newest hate group the dumb stupid klan,test,7468,1616,5556,,,,,,,,,,,,,,,,,,,,,,,,,,,,,,,,
6593,img/06593.png,,dss,test,7559,6542,1546,,,,,,,,,,,,,,,,,,,,,,,,,,,,,,,,
6329,img/06329.png,,president condemned capital punishment,test,7561,6674,1531,,,,,,,,,,,,,,,,,,,,,,,,,,,,,,,,
2751,img/02751.png,,just admit it white america was better,test,7563,1596,4225,,,,,,,,,,,,,,,,,,,,,,,,,,,,,,,,
4239,img/04239.png,,when you fart in crowd and  try to look normal,test,7568,7463,1566,,,,,,,,,,,,,,,,,,,,,,,,,,,,,,,,
5879,img/05879.png,,me watching the pride parade,test,7584,1652,4535,,,,,,,,,,,,,,,,,,,,,,,,,,,,,,,,
6243,img/06243.png,,(laughs in goat fucker),test,7589,1654,30,,,,,,,,,,,,,,,,,,,,,,,,,,,,,,,,
5792,img/05792.png,,when you just realize that you forgot to take the cake out of the oven,test,7597,3971,869,,,,,,,,,,,,,,,,,,,,,,,,,,,,,,,,
4583,img/04583.png,,mom won't let me use the oven with my jewish friends,test,2241,707,702,,,,,,,,,,,,,,,,,,,,,,,,,,,,,,,,
7612,img/07612.png,,"what is that wonderful smell? it smells like... caramel! oh, today we burnt the diabetics",test,7608,483,1574,,,,,,,,,,,,,,,,,,,,,,,,,,,,,,,,
3267,img/03267.png,,that feeling when you finish your homework in record time and have extra time to chill,test,7618,4894,1568,,,,,,,,,,,,,,,,,,,,,,,,,,,,,,,,
4127,img/04127.png,,here we go again. us paralympics team refuses to stand during st.,test,7632,3470,3379,,,,,,,,,,,,,,,,,,,,,,,,,,,,,,,,
4135,img/04135.png,,there's only one race the human race and that thing on the right? that's a monkey in human clothes,test,7643,1669,4172,,,,,,,,,,,,,,,,,,,,,,,,,,,,,,,,
5461,img/05461.png,,"me, an air force intellectual watching some marines get into a bar fight with some thai tranny hookers",test,7649,3012,2918,,,,,,,,,,,,,,,,,,,,,,,,,,,,,,,,
2846,img/02846.png,,the before image that not many people have seen,test,7650,3603,1405,,,,,,,,,,,,,,,,,,,,,,,,,,,,,,,,
3765,img/03765.png,,american kids all across american storefronts!!! freeway off n on ramps!!! street corners!!! begging for $$$ for the're alcohol!!! n drugs!!!,test,7667,3678,3570,,,,,,,,,,,,,,,,,,,,,,,,,,,,,,,,
4563,img/04563.png,,"yeah, we know ""no president has done what i have done.""",test,7672,4485,925,,,,,,,,,,,,,,,,,,,,,,,,,,,,,,,,
1459,img/01459.png,,trust me... ...they're re all terrorists,test,7673,1680,1672,,,,,,,,,,,,,,,,,,,,,,,,,,,,,,,,
5734,img/05734.png,,this man single handedly saved this animal from poachers,test,7681,4089,1589,,,,,,,,,,,,,,,,,,,,,,,,,,,,,,,,
1325,img/01325.png,,when your world cup team scores a goal,test,7684,3736,1590,,,,,,,,,,,,,,,,,,,,,,,,,,,,,,,,
3924,img/03924.png,,three k's a day keeps the minorities away,test,7686,6861,493,,,,,,,,,,,,,,,,,,,,,,,,,,,,,,,,
1359,img/01359.png,,area 51 naruto runners naruto runners let me iiiiiiiiiiiiin! let me in,test,7690,7375,7240,,,,,,,,,,,,,,,,,,,,,,,,,,,,,,,,
6524,img/06524.png,,how black women fight crime,test,7701,1690,1428,,,,,,,,,,,,,,,,,,,,,,,,,,,,,,,,
5791,img/05791.png,,"mohammed i'm pregnant.... don't sass me, you know it's funny! ~cupcakes",test,7187,1518,2622,,,,,,,,,,,,,,,,,,,,,,,,,,,,,,,,
7521,img/07521.png,,turns out out they were expecting something very different went gay clubbing with some friends,test,7708,220,1395,,,,,,,,,,,,,,,,,,,,,,,,,,,,,,,,
3624,img/03624.png,,just a traditional muslim man with a beard,test,7712,5378,7,,,,,,,,,,,,,,,,,,,,,,,,,,,,,,,,
4582,img/04582.png,,this has no place on american soil,test,7734,1700,7134,,,,,,,,,,,,,,,,,,,,,,,,,,,,,,,,
2514,img/02514.png,,"if they're in a relationship, who makes the sandwiches?",test,7745,1686,4695,,,,,,,,,,,,,,,,,,,,,,,,,,,,,,,,
5389,img/05389.png,,this pizza is so disgusting if you take it to italv you'll get arrested,test,7751,2542,20,,,,,,,,,,,,,,,,,,,,,,,,,,,,,,,,
5379,img/05379.png,,i'd like the porn in my room to be disabled we only have regular porn you sick bastard,test,5230,1337,5711,,,,,,,,,,,,,,,,,,,,,,,,,,,,,,,,
1324,img/01324.png,,the great train robbers,test,7807,4025,1611,,,,,,,,,,,,,,,,,,,,,,,,,,,,,,,,
5174,img/05174.png,,when you start burning calories instead of people,test,7809,1718,6370,,,,,,,,,,,,,,,,,,,,,,,,,,,,,,,,
4536,img/04536.png,,"he's not a great debater, he's not a smooth talking politician, he's not part of the establishment, but he is a true american patriot! we cannot sit back and watch them destroy this man who is trying to help us ! he can clean up america and they know it !",test,7810,6241,6171,,,,,,,,,,,,,,,,,,,,,,,,,,,,,,,,
1364,img/01364.png,,and that was the last nativity play my son was invited to take part in,test,1683,552,1591,,,,,,,,,,,,,,,,,,,,,,,,,,,,,,,,
1937,img/01937.png,,"when you find a shooter the same day you plan a bombing, so you team up",test,1726,564,1287,,,,,,,,,,,,,,,,,,,,,,,,,,,,,,,,
4319,img/04319.png,,"sometimes, you have to water your farm equipment so it doesn't overheat",test,7777,1707,1573,,,,,,,,,,,,,,,,,,,,,,,,,,,,,,,,
5864,img/05864.png,,trust me... ...they're re all terrorists,test,7673,1680,971,,,,,,,,,,,,,,,,,,,,,,,,,,,,,,,,
7265,img/07265.png,,muslim terror attacks are more frequent white terror attacks are more efficient,test,7884,6132,6064,,,,,,,,,,,,,,,,,,,,,,,,,,,,,,,,
5846,img/05846.png,,our insurance,test,7891,5597,960,,,,,,,,,,,,,,,,,,,,,,,,,,,,,,,,
6195,img/06195.png,,what do i do when my dishwasher stops? i should get back to scrubbing,test,7914,1732,654,,,,,,,,,,,,,,,,,,,,,,,,,,,,,,,,
5438,img/05438.png,,didn't get bought today success!,test,7936,1735,5392,,,,,,,,,,,,,,,,,,,,,,,,,,,,,,,,
6752,img/06752.png,,"the amish reject modern society without strapping explosives children proof that you can be completely devoted to your religion wear beards, dress modestly and reject modern society without strapping explosives to children",test,7937,4726,4683,,,,,,,,,,,,,,,,,,,,,,,,,,,,,,,,
7658,img/07658.png,,i was asked who my favourite x-men character was apparently my answer was inappropriate,test,7624,1664,7167,,,,,,,,,,,,,,,,,,,,,,,,,,,,,,,,
6387,img/06387.png,,when your leader is killed by a drone and you get to fuck his herd of goats,test,7580,1650,1632,,,,,,,,,,,,,,,,,,,,,,,,,,,,,,,,
7645,img/07645.png,,dem rep calls trump supporters 'just plain dumb' & 'racist' in letter on house floor.. what's your response?,test,7939,5224,5159,,,,,,,,,,,,,,,,,,,,,,,,,,,,,,,,
1836,img/01836.png,,can you hear me at the back?,test,7941,1881,1788,,,,,,,,,,,,,,,,,,,,,,,,,,,,,,,,
2649,img/02649.png,,and that was the last nativity play my son was invited to take part in,test,1683,552,3590,,,,,,,,,,,,,,,,,,,,,,,,,,,,,,,,
5978,img/05978.png,,i think it is safe now challenge accepted,test,5555,1389,819,,,,,,,,,,,,,,,,,,,,,,,,,,,,,,,,
6927,img/06927.png,,this is me not having any white guilt,test,7976,6079,6016,,,,,,,,,,,,,,,,,,,,,,,,,,,,,,,,
6231,img/06231.png,,do i need to dig up hitler to show you how to use an oven,test,5550,1387,20,,,,,,,,,,,,,,,,,,,,,,,,,,,,,,,,
6427,img/06427.png,,little girls are the devil,test,7999,6058,5999,,,,,,,,,,,,,,,,,,,,,,,,,,,,,,,,
6348,img/06348.png,,the look you give when your husband would rather fuck a goat then you,test,5020,1309,247,,,,,,,,,,,,,,,,,,,,,,,,,,,,,,,,
7596,img/07596.png,,the face you make when one of those damn apes cancels your show,test,7696,1688,6600,,,,,,,,,,,,,,,,,,,,,,,,,,,,,,,,
2416,img/02416.png,,how do you piss off a female archeologist? give her a used tampon and ask her what period it comes from,test,8016,4326,4261,,,,,,,,,,,,,,,,,,,,,,,,,,,,,,,,
7314,img/07314.png,,spending alot of time with your pets,test,7706,1692,2128,,,,,,,,,,,,,,,,,,,,,,,,,,,,,,,,
7451,img/07451.png,,actors costumed in the full regalia of the kkk,test,8025,5269,337,,,,,,,,,,,,,,,,,,,,,,,,,,,,,,,,
3869,img/03869.png,,a mother's love for the child is a divine thing,test,8041,3378,3293,,,,,,,,,,,,,,,,,,,,,,,,,,,,,,,,
