id,img,label,text,split,text_idx,pseudo_text_idx,pseudo_img_idx,gold_pc,gold_attack,pc,attack,disability_gold_pc,nationality_gold_pc,pc_empty_gold_pc,race_gold_pc,religion_gold_pc,sex_gold_pc,attack_empty_gold_attack,contempt_gold_attack,dehumanizing_gold_attack,exclusion_gold_attack,inciting_violence_gold_attack,inferiority_gold_attack,mocking_gold_attack,slurs_gold_attack,disability_pc,nationality_pc,pc_empty_pc,race_pc,religion_pc,sex_pc,attack_empty_attack,contempt_attack,dehumanizing_attack,exclusion_attack,inciting_violence_attack,inferiority_attack,mocking_attack,slurs_attack,description,keywords
2973,img/02973.png,0.0,how long can i run? till the chain tightens,train,8,2,3364,['pc_empty'],['attack_empty'],['pc_empty'],['attack_empty'],0.0,0.0,1.0,0.0,0.0,0.0,1.0,0.0,0.0,0.0,0.0,0.0,0.0,0.0,0.0,0.0,1.0,0.0,0.0,0.0,1.0,0.0,0.0,0.0,0.0,0.0,0.0,0.0,"A dog is shown with its tongue hanging out of its mouth, wearing a collar attached to a chain.","dog, tongue, collar, chain, pet, animal"
2146,img/02146.png,0.0,from the bottom of my heart i would like to sincerely apologize..... for being white,train,20,3056,2958,['pc_empty'],['attack_empty'],['pc_empty'],['attack_empty'],0.0,0.0,1.0,0.0,0.0,0.0,1.0,0.0,0.0,0.0,0.0,0.0,0.0,0.0,0.0,0.0,1.0,0.0,0.0,0.0,1.0,0.0,0.0,0.0,0.0,0.0,0.0,0.0,Several birds are perched together on a wooden branch against a neutral background.,"birds, perched, wooden branch, group, neutral background"
1569,img/01569.png,0.0,when you can't decide to pre heat the oven or just throw the meal in right away,train,38,11,3825,['pc_empty'],['attack_empty'],['pc_empty'],['attack_empty'],0.0,0.0,1.0,0.0,0.0,0.0,1.0,0.0,0.0,0.0,0.0,0.0,0.0,0.0,0.0,0.0,1.0,0.0,0.0,0.0,1.0,0.0,0.0,0.0,0.0,0.0,0.0,0.0,"Two women are in a kitchen, with one holding a knife and the other smiling, possibly preparing a meal together.","kitchen, two women, knife, smiling, meal preparation"
6418,img/06418.png,0.0,1 bomb every minute,train,40,12,4914,['pc_empty'],['attack_empty'],['pc_empty'],['attack_empty'],0.0,0.0,1.0,0.0,0.0,0.0,1.0,0.0,0.0,0.0,0.0,0.0,0.0,0.0,0.0,0.0,1.0,0.0,0.0,0.0,1.0,0.0,0.0,0.0,0.0,0.0,0.0,0.0,"A person's hands are holding a red bag filled with visible wires, suggesting the bag may contain an electronic device or components.","hands, red bag, wires, electronic device, components"
4876,img/04876.png,0.0,goin,train,45,5592,21,['pc_empty'],['attack_empty'],['pc_empty'],['attack_empty'],0.0,0.0,1.0,0.0,0.0,0.0,1.0,0.0,0.0,0.0,0.0,0.0,0.0,0.0,0.0,0.0,1.0,0.0,0.0,0.0,1.0,0.0,0.0,0.0,0.0,0.0,0.0,0.0,A single fishing hook with a sharp curved point is shown clearly against a plain white background.,"fishing hook, curved point, sharp, single, white background"
2497,img/02497.png,0.0,you're a wizard motherfucker,train,59,3010,2909,['pc_empty'],['attack_empty'],['pc_empty'],['attack_empty'],0.0,0.0,1.0,0.0,0.0,0.0,1.0,0.0,0.0,0.0,0.0,0.0,0.0,0.0,0.0,0.0,1.0,0.0,0.0,0.0,1.0,0.0,0.0,0.0,0.0,0.0,0.0,0.0,"A man wearing a black leather jacket and a hat is present in the image, appearing to embody a rebellious or unconventional persona.","man, black leather jacket, hat, rebellious, unconventional, portrait"
2476,img/02476.png,0.0,im never doing a garden again!,train,75,7275,27,['pc_empty'],['attack_empty'],['pc_empty'],['attack_empty'],0.0,0.0,1.0,0.0,0.0,0.0,1.0,0.0,0.0,0.0,0.0,0.0,0.0,0.0,0.0,0.0,1.0,0.0,0.0,0.0,1.0,0.0,0.0,0.0,0.0,0.0,0.0,0.0,A woman is walking through a field while carrying a basket.,"woman, field, walking, basket, outdoors"
6937,img/06937.png,0.0,"coming soon to your neighborhood 300,000 islamic heathens demanding the usa change to suit thier sick religion",train,76,4964,4916,['religion'],['dehumanizing'],['religion'],"['dehumanizing', 'contempt']",0.0,0.0,0.0,0.0,1.0,0.0,0.0,0.0,1.0,0.0,0.0,0.0,0.0,0.0,0.0,0.0,0.0,0.0,1.0,0.0,0.0,1.0,1.0,0.0,0.0,0.0,0.0,0.0,"The image shows a group of people walking together through a foggy environment, making their figures partially obscured by the mist.","group, people, fog, walking, mist, obscured, environment"
5762,img/05762.png,0.0,"listen bitch, before you start fucking with me you should know my team is bigger",train,77,6092,6026,['pc_empty'],['attack_empty'],['pc_empty'],['attack_empty'],0.0,0.0,1.0,0.0,0.0,0.0,1.0,0.0,0.0,0.0,0.0,0.0,0.0,0.0,0.0,0.0,1.0,0.0,0.0,0.0,1.0,0.0,0.0,0.0,0.0,0.0,0.0,0.0,"A black and white photo shows a woman sitting alone at a table, with a serious or assertive expression on her face, creating a tense atmosphere.","black and white, woman, sitting, table, serious expression, tense atmosphere, alone"
5384,img/05384.png,0.0,spending quality time with dad,train,100,32,2219,['pc_empty'],['attack_empty'],['pc_empty'],['attack_empty'],0.0,0.0,1.0,0.0,0.0,0.0,1.0,0.0,0.0,0.0,0.0,0.0,0.0,0.0,0.0,0.0,1.0,0.0,0.0,0.0,1.0,0.0,0.0,0.0,0.0,0.0,0.0,0.0,"A man and a young woman are sharing a close, affectionate moment together in an open field, with greenery visible around them.","man, woman, affection, field, outdoors, greenery, togetherness"
1845,img/01845.png,0.0,when you consume too much trans fat,train,101,33,4549,['pc_empty'],['attack_empty'],['pc_empty'],['attack_empty'],0.0,0.0,1.0,0.0,0.0,0.0,1.0,0.0,0.0,0.0,0.0,0.0,0.0,0.0,0.0,0.0,1.0,0.0,0.0,0.0,1.0,0.0,0.0,0.0,0.0,0.0,0.0,0.0,"A heavyset woman is sitting in shallow water at the beach, with waves around her and sand visible.","woman, beach, water, waves, sand, sitting, fat, outdoors"
5249,img/05249.png,0.0,i am still so confused about the strategies in this game,train,113,2361,2250,['pc_empty'],['attack_empty'],['pc_empty'],['attack_empty'],0.0,0.0,1.0,0.0,0.0,0.0,1.0,0.0,0.0,0.0,0.0,0.0,0.0,0.0,0.0,0.0,1.0,0.0,0.0,0.0,1.0,0.0,0.0,0.0,0.0,0.0,0.0,0.0,"A man is seated at a table covered with various denominations of money, appearing to be focused or thoughtful.","man, table, money, cash, seated, focused, denominations"
3271,img/03271.png,0.0,when your wife and girlfriend dont get along,train,124,2335,46,['pc_empty'],['attack_empty'],['pc_empty'],['attack_empty'],0.0,0.0,1.0,0.0,0.0,0.0,1.0,0.0,0.0,0.0,0.0,0.0,0.0,0.0,0.0,0.0,1.0,0.0,0.0,0.0,1.0,0.0,0.0,0.0,0.0,0.0,0.0,0.0,A bearded man wearing a white shirt is pointing directly at the camera with a serious expression.,"man, beard, white shirt, pointing, camera, serious expression"
3258,img/03258.png,1.0,"i heard we can get free steroids in australia please help feed and house this poor, defenceless refugee. don't be racist and let me in!",train,155,2461,2352,['nationality'],['exclusion'],"['nationality', 'race']",['exclusion'],0.0,1.0,0.0,0.0,0.0,0.0,0.0,0.0,0.0,1.0,0.0,0.0,0.0,0.0,0.0,1.0,0.0,1.0,0.0,0.0,0.0,0.0,0.0,1.0,0.0,0.0,0.0,0.0,"A man is positioned in front of a brick wall, appearing to be a refugee seeking assistance.","man, brick wall, refugee, assistance, urban"
6431,img/06431.png,0.0,when the employee asks what bra size you wear,train,158,6386,59,['pc_empty'],['attack_empty'],['pc_empty'],['attack_empty'],0.0,0.0,1.0,0.0,0.0,0.0,1.0,0.0,0.0,0.0,0.0,0.0,0.0,0.0,0.0,0.0,1.0,0.0,0.0,0.0,1.0,0.0,0.0,0.0,0.0,0.0,0.0,0.0,"Two women are positioned side by side, facing the camera.","women, side by side, camera, portrait, female"
5172,img/05172.png,0.0,islam is the religion of peace! if you don't agree i kill you!,train,162,57,60,['religion'],['dehumanizing'],['religion'],"['dehumanizing', 'inciting_violence']",0.0,0.0,0.0,0.0,1.0,0.0,0.0,0.0,1.0,0.0,0.0,0.0,0.0,0.0,0.0,0.0,0.0,0.0,1.0,0.0,0.0,0.0,1.0,0.0,1.0,0.0,0.0,0.0,"Three young girls are sitting together on a bench, all facing the camera and smiling.","three girls, sitting, bench, smiling, young, together, camera"
6873,img/06873.png,1.0,just got a bootleg copy of muslim porn deep goat,train,172,63,1757,['religion'],['dehumanizing'],['religion'],['dehumanizing'],0.0,0.0,0.0,0.0,1.0,0.0,0.0,0.0,1.0,0.0,0.0,0.0,0.0,0.0,0.0,0.0,0.0,0.0,1.0,0.0,0.0,0.0,1.0,0.0,0.0,0.0,0.0,0.0,"Two goats are standing in a field, with a building visible in the background under daylight.","goats, field, building, daylight, animals, outdoors"
6359,img/06359.png,0.0,what women think they'll do when the economy collapses vs what they'll actually do,train,174,64,2293,['pc_empty'],['attack_empty'],['pc_empty'],['attack_empty'],0.0,0.0,1.0,0.0,0.0,0.0,1.0,0.0,0.0,0.0,0.0,0.0,0.0,0.0,0.0,0.0,1.0,0.0,0.0,0.0,1.0,0.0,0.0,0.0,0.0,0.0,0.0,0.0,"A woman is sitting at a table, focused on her laptop, with a cup nearby, suggesting she is working or browsing online in a calm indoor environment.","woman, laptop, table, cup, indoor, sitting, focused, working, browsing"
5712,img/05712.png,0.0,god will forgive you no matter what you've done sweet,train,183,68,4430,['pc_empty'],['attack_empty'],['pc_empty'],['attack_empty'],0.0,0.0,1.0,0.0,0.0,0.0,1.0,0.0,0.0,0.0,0.0,0.0,0.0,0.0,0.0,0.0,1.0,0.0,0.0,0.0,1.0,0.0,0.0,0.0,0.0,0.0,0.0,0.0,"A woman is positioned in front of a wall painted with large, colorful wings, giving the illusion that she has angel wings.","woman, wings, wall, painting, angel, colorful, illusion"
4823,img/04823.png,0.0,definitely a new cultural era!,train,202,4153,4067,['pc_empty'],['attack_empty'],['pc_empty'],['attack_empty'],0.0,0.0,1.0,0.0,0.0,0.0,1.0,0.0,0.0,0.0,0.0,0.0,0.0,0.0,0.0,0.0,1.0,0.0,0.0,0.0,1.0,0.0,0.0,0.0,0.0,0.0,0.0,0.0,"A group of people are gathered together holding a large rainbow flag, representing unity and diversity.","group, people, rainbow flag, unity, diversity"
2691,img/02691.png,0.0,teaching them how to hunt young,train,214,3375,83,['pc_empty'],['attack_empty'],['pc_empty'],['attack_empty'],0.0,0.0,1.0,0.0,0.0,0.0,1.0,0.0,0.0,0.0,0.0,0.0,0.0,0.0,0.0,0.0,1.0,0.0,0.0,0.0,1.0,0.0,0.0,0.0,0.0,0.0,0.0,0.0,"A man wearing a striped shirt is present near a field, appearing to demonstrate or interact with others, possibly engaging in an educational outdoor activity.","man, striped shirt, field, outdoor, demonstration, education, group, teaching"
4683,img/04683.png,0.0,"when you make a meme using a different language that everyone can still understand: no es mucho, pero es trabajo honesto",train,222,5113,5047,['pc_empty'],['attack_empty'],['pc_empty'],['attack_empty'],0.0,0.0,1.0,0.0,0.0,0.0,1.0,0.0,0.0,0.0,0.0,0.0,0.0,0.0,0.0,0.0,1.0,0.0,0.0,0.0,1.0,0.0,0.0,0.0,0.0,0.0,0.0,0.0,"A man wearing a trench coat stands outdoors, facing the camera with a neutral expression.","man, trench coat, outdoors, neutral expression, standing, photo"
2485,img/02485.png,0.0,real friendship is sending them a link to something terrible so you can both be traumatised at the same time i torture all my friends. it's how i show love,train,236,4954,4899,['pc_empty'],['attack_empty'],['pc_empty'],['attack_empty'],0.0,0.0,1.0,0.0,0.0,0.0,1.0,0.0,0.0,0.0,0.0,0.0,0.0,0.0,0.0,0.0,1.0,0.0,0.0,0.0,1.0,0.0,0.0,0.0,0.0,0.0,0.0,0.0,A man wearing a black shirt and a blue jacket is present in the image.,"man, black shirt, blue jacket, male, clothing, person, outfit"
5269,img/05269.png,0.0,been talking shit about trump since day one. now crying like bitches after getting called out,train,255,88,93,['pc_empty'],['attack_empty'],['pc_empty'],['attack_empty'],0.0,0.0,1.0,0.0,0.0,0.0,1.0,0.0,0.0,0.0,0.0,0.0,0.0,0.0,0.0,0.0,1.0,0.0,0.0,0.0,1.0,0.0,0.0,0.0,0.0,0.0,0.0,0.0,"Several women are gathered closely together, appearing to be part of a group, with all individuals visibly female.","women, group, together, female, gathered"
6458,img/06458.png,0.0,"oh, you're tired of my anti-trump posts? why don't you pray for me to stop?",train,259,89,4237,['pc_empty'],['attack_empty'],['pc_empty'],['attack_empty'],0.0,0.0,1.0,0.0,0.0,0.0,1.0,0.0,0.0,0.0,0.0,0.0,0.0,0.0,0.0,0.0,1.0,0.0,0.0,0.0,1.0,0.0,0.0,0.0,0.0,0.0,0.0,0.0,"A man is sitting in a restaurant, eating a slice of pizza, with a neutral expression on his face.","man, restaurant, pizza, eating, slice, neutral expression, sitting"
4175,img/04175.png,1.0,im not racist because racism is a crime and crime is for black people,train,292,5332,5261,['race'],['dehumanizing'],['race'],['dehumanizing'],0.0,0.0,0.0,1.0,0.0,0.0,0.0,0.0,1.0,0.0,0.0,0.0,0.0,0.0,0.0,0.0,0.0,1.0,0.0,0.0,0.0,0.0,1.0,0.0,0.0,0.0,0.0,0.0,"A man wearing a dress shirt and tie is posing with a gesture that appears positive, such as a thumbs up.","man, dress shirt, tie, gesture, thumbs up, posing"
3241,img/03241.png,1.0,when black people make white jokes when white people make black jokes,train,305,104,3257,['pc_empty'],['attack_empty'],['pc_empty'],['attack_empty'],0.0,0.0,1.0,0.0,0.0,0.0,1.0,0.0,0.0,0.0,0.0,0.0,0.0,0.0,0.0,0.0,1.0,0.0,0.0,0.0,1.0,0.0,0.0,0.0,0.0,0.0,0.0,0.0,"Two men are present, one wearing a black shirt and the other wearing a red and white shirt, standing or sitting near each other with neutral expressions.","two men, black shirt, red and white shirt, neutral expressions, together, people, clothing"
2139,img/02139.png,0.0,no less beautiful,train,317,2329,117,['pc_empty'],['attack_empty'],['pc_empty'],['attack_empty'],0.0,0.0,1.0,0.0,0.0,0.0,1.0,0.0,0.0,0.0,0.0,0.0,0.0,0.0,0.0,0.0,1.0,0.0,0.0,0.0,1.0,0.0,0.0,0.0,0.0,0.0,0.0,0.0,A woman wearing a white dress poses elegantly in front of a red carpet backdrop.,"woman, white dress, red carpet, elegant, fashion, formal, posing"
6832,img/06832.png,1.0,government shills hate him!!! <<< this aussie shitposter removes 50 muslims with this one weird trick and basically you are fucking accelerated!,train,319,1949,1850,"['religion', 'nationality']",['exclusion'],"['nationality', 'religion']","['inferiority', 'contempt', 'exclusion']",0.0,1.0,0.0,0.0,1.0,0.0,0.0,0.0,0.0,1.0,0.0,0.0,0.0,0.0,0.0,1.0,0.0,0.0,1.0,0.0,0.0,1.0,0.0,1.0,0.0,1.0,0.0,0.0,A man is shown wearing a coat.,"man, coat, male, outerwear, person"
4278,img/04278.png,0.0,never let someone who has done nothing tell you how to do anything,train,322,5627,118,['pc_empty'],['attack_empty'],['pc_empty'],['attack_empty'],0.0,0.0,1.0,0.0,0.0,0.0,1.0,0.0,0.0,0.0,0.0,0.0,0.0,0.0,0.0,0.0,1.0,0.0,0.0,0.0,1.0,0.0,0.0,0.0,0.0,0.0,0.0,0.0,"A woman with long brown hair is looking upward directly at the camera, with a neutral expression on her face.","woman, long brown hair, looking up, camera, neutral expression"
3246,img/03246.png,0.0,mobile nun,train,332,2179,120,['pc_empty'],['attack_empty'],['pc_empty'],['attack_empty'],0.0,0.0,1.0,0.0,0.0,0.0,1.0,0.0,0.0,0.0,0.0,0.0,0.0,0.0,0.0,0.0,1.0,0.0,0.0,0.0,1.0,0.0,0.0,0.0,0.0,0.0,0.0,0.0,"The image shows a close-up view of a person dressed in formal attire, including a suit jacket and tie.","close-up, person, suit, tie, formal attire"
1389,img/01389.png,0.0,confession-every sunday around brunch time i take my cat to the mall and make people take pictures of us,train,347,5787,5726,['pc_empty'],['attack_empty'],['pc_empty'],['attack_empty'],0.0,0.0,1.0,0.0,0.0,0.0,1.0,0.0,0.0,0.0,0.0,0.0,0.0,0.0,0.0,0.0,1.0,0.0,0.0,0.0,1.0,0.0,0.0,0.0,0.0,0.0,0.0,0.0,"A man is holding a cat in his arms, and they appear to be together in a public place such as a mall.","man, cat, holding, public place, mall, companionship, indoor, arms"
6471,img/06471.png,1.0,"colin kaepernick and his evil white oppressors oh wait, those are his parents!",train,357,3856,3767,['race'],['inferiority'],['race'],['inferiority'],0.0,0.0,0.0,1.0,0.0,0.0,0.0,0.0,0.0,0.0,0.0,1.0,0.0,0.0,0.0,0.0,0.0,1.0,0.0,0.0,0.0,0.0,0.0,0.0,0.0,1.0,0.0,0.0,"A group of people is posing together on a pink carpet, likely at a formal or public event.","group, people, pink carpet, posing, event, public, formal"
7698,img/07698.png,0.0,"go ahead, call the cops see who cums first",train,358,6439,6347,['pc_empty'],['attack_empty'],['pc_empty'],['attack_empty'],0.0,0.0,1.0,0.0,0.0,0.0,1.0,0.0,0.0,0.0,0.0,0.0,0.0,0.0,0.0,0.0,1.0,0.0,0.0,0.0,1.0,0.0,0.0,0.0,0.0,0.0,0.0,0.0,A sloth bear is climbing up a tree branch in a natural outdoor setting.,"sloth bear, tree branch, climbing, outdoor, nature"
1896,img/01896.png,0.0,terrorism is just part and parcel of living in a big city. sadiq khan london mayor tokyo: over 13 million people no islamic terrorism,train,359,7039,6923,['pc_empty'],['attack_empty'],['pc_empty'],['attack_empty'],0.0,0.0,1.0,0.0,0.0,0.0,1.0,0.0,0.0,0.0,0.0,0.0,0.0,0.0,0.0,0.0,1.0,0.0,0.0,0.0,1.0,0.0,0.0,0.0,0.0,0.0,0.0,0.0,"A man wearing a suit is present in the foreground, while a cityscape stretches out behind him.","man, suit, cityscape, urban, background, foreground, male, buildings"
4263,img/04263.png,1.0,holocaust jokes are offensive ann frankly aren't funny,train,366,3790,132,['religion'],['mocking'],['religion'],['mocking'],0.0,0.0,0.0,0.0,1.0,0.0,0.0,0.0,0.0,0.0,0.0,0.0,1.0,0.0,0.0,0.0,0.0,0.0,1.0,0.0,0.0,0.0,0.0,0.0,0.0,0.0,1.0,0.0,A bearded man wearing a black hat is pictured against a plain background.,"man, beard, black hat, plain background, portrait"
6218,img/06218.png,0.0,thats a little savage,train,379,132,5368,['pc_empty'],['attack_empty'],['pc_empty'],['attack_empty'],0.0,0.0,1.0,0.0,0.0,0.0,1.0,0.0,0.0,0.0,0.0,0.0,0.0,0.0,0.0,0.0,1.0,0.0,0.0,0.0,1.0,0.0,0.0,0.0,0.0,0.0,0.0,0.0,A young girl is playfully sticking out her tongue while in a forest setting.,"young girl, tongue sticking out, forest, playful, outdoors"
2849,img/02849.png,1.0,abba ree i can fryyy,train,380,5547,5502,['race'],['inferiority'],['race'],['inferiority'],0.0,0.0,0.0,1.0,0.0,0.0,0.0,0.0,0.0,0.0,0.0,1.0,0.0,0.0,0.0,0.0,0.0,1.0,0.0,0.0,0.0,0.0,0.0,0.0,0.0,1.0,0.0,0.0,"A person wearing a white shirt is singing into a microphone, likely performing music.","person, white shirt, microphone, singing, music, performance"
5183,img/05183.png,0.0,when you run out of bras and have to hold the girls up on your own,train,404,5698,5631,['pc_empty'],['attack_empty'],['pc_empty'],['attack_empty'],0.0,0.0,1.0,0.0,0.0,0.0,1.0,0.0,0.0,0.0,0.0,0.0,0.0,0.0,0.0,0.0,1.0,0.0,0.0,0.0,1.0,0.0,0.0,0.0,0.0,0.0,0.0,0.0,A woman wearing a brown tank top and black panties is using her hands to support or hold her chest.,"woman, brown tank top, black panties, supporting chest, hands, underwear, female, clothing"
3251,img/03251.png,0.0,it is disgusting to laugh at gender dysphoria,train,425,144,153,['pc_empty'],['attack_empty'],['pc_empty'],['attack_empty'],0.0,0.0,1.0,0.0,0.0,0.0,1.0,0.0,0.0,0.0,0.0,0.0,0.0,0.0,0.0,0.0,1.0,0.0,0.0,0.0,1.0,0.0,0.0,0.0,0.0,0.0,0.0,0.0,"Two women are wrapped together in a rainbow-colored blanket, closely positioned to each other, with the rainbow colors symbolizing LGBTQ+ pride.","women, rainbow blanket, LGBTQ+, together, symbolism"
4651,img/04651.png,0.0,what every muslim looks like to me,train,428,145,7173,['pc_empty'],['attack_empty'],['pc_empty'],['attack_empty'],0.0,0.0,1.0,0.0,0.0,0.0,1.0,0.0,0.0,0.0,0.0,0.0,0.0,0.0,0.0,0.0,1.0,0.0,0.0,0.0,1.0,0.0,0.0,0.0,0.0,0.0,0.0,0.0,"Three women are posing together for a selfie, with each of them holding or facing a smartphone camera.","women, selfie, group, smartphone, posing, photography"
5129,img/05129.png,1.0,"you ever get laid in a sleeping bag? it's awful. you can't even move, you're drenched in sweat, and your scout master is covering your mouth",train,456,6680,6569,['pc_empty'],['attack_empty'],['pc_empty'],['attack_empty'],0.0,0.0,1.0,0.0,0.0,0.0,1.0,0.0,0.0,0.0,0.0,0.0,0.0,0.0,0.0,0.0,1.0,0.0,0.0,0.0,1.0,0.0,0.0,0.0,0.0,0.0,0.0,0.0,"A man dressed in a black suit is seated on a chair, appearing formal and somewhat pensive, in a plain and neutral setting.","man, black suit, chair, seated, formal, indoor, neutral background"
7249,img/07249.png,0.0,obama throws first pitch at an all-star game,train,465,6825,6713,['pc_empty'],['attack_empty'],['pc_empty'],['attack_empty'],0.0,0.0,1.0,0.0,0.0,0.0,1.0,0.0,0.0,0.0,0.0,0.0,0.0,0.0,0.0,0.0,1.0,0.0,0.0,0.0,1.0,0.0,0.0,0.0,0.0,0.0,0.0,0.0,A man wearing a black hoodie is in the act of throwing a baseball on a sports field.,"man, black hoodie, throwing, baseball, sports field, pitch, action, athletic, outdoors"
4568,img/04568.png,0.0,me during no shave november,train,472,6847,163,['pc_empty'],['attack_empty'],['pc_empty'],['attack_empty'],0.0,0.0,1.0,0.0,0.0,0.0,1.0,0.0,0.0,0.0,0.0,0.0,0.0,0.0,0.0,0.0,1.0,0.0,0.0,0.0,1.0,0.0,0.0,0.0,0.0,0.0,0.0,0.0,A woman with visible facial hair is kneeling down in a lush garden surrounded by various green plants.,"woman, facial hair, kneeling, garden, plants, lush, greenery"
4253,img/04253.png,0.0,sad world history,train,480,6935,166,['pc_empty'],['attack_empty'],['pc_empty'],['attack_empty'],0.0,0.0,1.0,0.0,0.0,0.0,1.0,0.0,0.0,0.0,0.0,0.0,0.0,0.0,0.0,0.0,1.0,0.0,0.0,0.0,1.0,0.0,0.0,0.0,0.0,0.0,0.0,0.0,"The image depicts a historical black and white photograph showing a large group of soldiers gathered together, suggesting a significant military event or moment captured from the past.","black and white, soldiers, historical, military, group photo, photograph, large group"
3685,img/03685.png,0.0,not all angels reside in heaven.. many walk the battlefield.,train,483,7169,7049,['pc_empty'],['attack_empty'],['pc_empty'],['attack_empty'],0.0,0.0,1.0,0.0,0.0,0.0,1.0,0.0,0.0,0.0,0.0,0.0,0.0,0.0,0.0,0.0,1.0,0.0,0.0,0.0,1.0,0.0,0.0,0.0,0.0,0.0,0.0,0.0,"Two soldiers are walking together along a path in a barren desert landscape, wearing military uniforms and carrying equipment.","soldiers, desert, path, military uniforms, equipment, walking, barren landscape"
7192,img/07192.png,1.0,when you're a nazi officer and someone gives you the name and location of a jewish family,train,488,6140,6073,['religion'],['mocking'],['religion'],"['mocking', 'inciting_violence']",0.0,0.0,0.0,0.0,1.0,0.0,0.0,0.0,0.0,0.0,0.0,0.0,1.0,0.0,0.0,0.0,0.0,0.0,1.0,0.0,0.0,0.0,0.0,0.0,1.0,0.0,1.0,0.0,"A black and white photograph shows several uniformed officers standing together, wearing similar clothing and caps, with serious expressions.","black and white, police officers, uniform, group, caps, serious expressions"
1392,img/01392.png,0.0,hello jesus thanks for making a way!,train,489,7068,6954,['pc_empty'],['attack_empty'],['pc_empty'],['attack_empty'],0.0,0.0,1.0,0.0,0.0,0.0,1.0,0.0,0.0,0.0,0.0,0.0,0.0,0.0,0.0,0.0,1.0,0.0,0.0,0.0,1.0,0.0,0.0,0.0,0.0,0.0,0.0,0.0,"A young girl is holding a cellphone to her ear, appearing to engage in a phone conversation.","girl, cellphone, conversation, child, phone call"
1524,img/01524.png,1.0,when you catch your goat with another man,train,494,170,171,['pc_empty'],['attack_empty'],['pc_empty'],['attack_empty'],0.0,0.0,1.0,0.0,0.0,0.0,1.0,0.0,0.0,0.0,0.0,0.0,0.0,0.0,0.0,0.0,1.0,0.0,0.0,0.0,1.0,0.0,0.0,0.0,0.0,0.0,0.0,0.0,A person is holding a gun partially concealed inside a pocket.,"person, gun, pocket, concealed, holding"
4326,img/04326.png,1.0,when the chow mein was on point but you kinda miss your cat,train,501,2155,173,['race'],['attack_empty'],"['nationality', 'race']",[],0.0,0.0,0.0,1.0,0.0,0.0,1.0,0.0,0.0,0.0,0.0,0.0,0.0,0.0,0.0,1.0,0.0,1.0,0.0,0.0,0.0,0.0,0.0,0.0,0.0,0.0,0.0,0.0,"A man wearing a yellow shirt is sitting and eating a bowl of noodles, with a thoughtful or slightly wistful expression on his face.","man, yellow shirt, noodles, eating, bowl, thoughtful, sitting"
4296,img/04296.png,0.0,now imagine if native american cowboys rode bicycles,train,517,2960,2847,['pc_empty'],['attack_empty'],['pc_empty'],['attack_empty'],0.0,0.0,1.0,0.0,0.0,0.0,1.0,0.0,0.0,0.0,0.0,0.0,0.0,0.0,0.0,0.0,1.0,0.0,0.0,0.0,1.0,0.0,0.0,0.0,0.0,0.0,0.0,0.0,"A black and white photo showing two men sitting side by side next to a bicycle, with a simple background.","black and white, two men, sitting, bicycle, photo"
1658,img/01658.png,0.0,first rule of fight club.,train,519,6209,6137,['pc_empty'],['attack_empty'],['pc_empty'],['attack_empty'],0.0,0.0,1.0,0.0,0.0,0.0,1.0,0.0,0.0,0.0,0.0,0.0,0.0,0.0,0.0,0.0,1.0,0.0,0.0,0.0,1.0,0.0,0.0,0.0,0.0,0.0,0.0,0.0,The image consists of three separate photographs featuring a woman with brown hair and blue eyes.,"woman, brown hair, blue eyes, three photos, portrait"
4325,img/04325.png,0.0,its a 3-day weekend pace yourself,train,558,3547,3441,['pc_empty'],['attack_empty'],['pc_empty'],['attack_empty'],0.0,0.0,1.0,0.0,0.0,0.0,1.0,0.0,0.0,0.0,0.0,0.0,0.0,0.0,0.0,0.0,1.0,0.0,0.0,0.0,1.0,0.0,0.0,0.0,0.0,0.0,0.0,0.0,"A person is seated at a table with a drinking glass placed in front of them, appearing relaxed.","person, table, glass, seated, indoor, drinking, relaxed"
7258,img/07258.png,1.0,"some crazy rez girls be like: ""if you ever leave me, i'll punch myself in the face and tell cops you did it""",train,559,6135,6069,['pc_empty'],['attack_empty'],['pc_empty'],['attack_empty'],0.0,0.0,1.0,0.0,0.0,0.0,1.0,0.0,0.0,0.0,0.0,0.0,0.0,0.0,0.0,0.0,1.0,0.0,0.0,0.0,1.0,0.0,0.0,0.0,0.0,0.0,0.0,0.0,A woman is shown wearing a feathered headdress on her head.,"woman, feather, headdress, head, portrait"
4162,img/04162.png,0.0,one of the most brillant minds in science,train,561,6482,192,['pc_empty'],['attack_empty'],['pc_empty'],['attack_empty'],0.0,0.0,1.0,0.0,0.0,0.0,1.0,0.0,0.0,0.0,0.0,0.0,0.0,0.0,0.0,0.0,1.0,0.0,0.0,0.0,1.0,0.0,0.0,0.0,0.0,0.0,0.0,0.0,"A man is sitting in a chair, wearing a camera around his neck, appearing thoughtful.","man, chair, camera, neck, sitting, thoughtful"
6357,img/06357.png,0.0,it's time to stop this,train,562,5963,193,['pc_empty'],['attack_empty'],['pc_empty'],['attack_empty'],0.0,0.0,1.0,0.0,0.0,0.0,1.0,0.0,0.0,0.0,0.0,0.0,0.0,0.0,0.0,0.0,1.0,0.0,0.0,0.0,1.0,0.0,0.0,0.0,0.0,0.0,0.0,0.0,"A young woman is seated on a bed beside a man in a softly lit room, both showing neutral or contemplative expressions.","young woman, man, bed, seated, neutral expression, room, contemplative"
7591,img/07591.png,0.0,democrats claim daca kids shouldn't t have to pay for their parent's crimes.. ...but white people are still responsible for 17th century slave owners??,train,585,196,6820,['pc_empty'],['attack_empty'],['pc_empty'],['attack_empty'],0.0,0.0,1.0,0.0,0.0,0.0,1.0,0.0,0.0,0.0,0.0,0.0,0.0,0.0,0.0,0.0,1.0,0.0,0.0,0.0,1.0,0.0,0.0,0.0,0.0,0.0,0.0,0.0,"A woman with her arms crossed in front of her face, appearing to conceal or protect herself, with no visible background details.","woman, arms crossed, face covered, concealment, protection"
6483,img/06483.png,1.0,"one day, long, long ago, there lived a woman who did not whine, nag or bitch. but it was a long time ago, and it was just one day. ~the end~",train,590,5711,5646,['sex'],['inferiority'],['sex'],"['inferiority', 'contempt']",0.0,0.0,0.0,0.0,0.0,1.0,0.0,0.0,0.0,0.0,0.0,1.0,0.0,0.0,0.0,0.0,0.0,0.0,0.0,1.0,0.0,1.0,0.0,0.0,0.0,1.0,0.0,0.0,"A woman is sitting on a white couch with her arms crossed, looking calm and composed.","woman, white couch, arms crossed, sitting, calm, composed, indoor, portrait"
1492,img/01492.png,0.0,i don't like the sun so i wear a visor,train,606,3772,35,['pc_empty'],['attack_empty'],['pc_empty'],['attack_empty'],0.0,0.0,1.0,0.0,0.0,0.0,1.0,0.0,0.0,0.0,0.0,0.0,0.0,0.0,0.0,0.0,1.0,0.0,0.0,0.0,1.0,0.0,0.0,0.0,0.0,0.0,0.0,0.0,"A woman is on a beach near the ocean, wearing a visor to shield herself from the sun.","woman, beach, ocean, visor, sun, outdoor, headwear"
3957,img/03957.png,0.0,lawn darts muslim style,train,633,212,6677,['pc_empty'],['attack_empty'],['pc_empty'],['attack_empty'],0.0,0.0,1.0,0.0,0.0,0.0,1.0,0.0,0.0,0.0,0.0,0.0,0.0,0.0,0.0,0.0,1.0,0.0,0.0,0.0,1.0,0.0,0.0,0.0,0.0,0.0,0.0,0.0,"A dart is shown accurately striking the center of a circular dartboard, highlighting precision in the throw.","dart, dartboard, center, precision, target, throw, circular, game"
1526,img/01526.png,0.0,put the money in a bag. now! that will be $0.15,train,649,3160,3061,['pc_empty'],['attack_empty'],['pc_empty'],['attack_empty'],0.0,0.0,1.0,0.0,0.0,0.0,1.0,0.0,0.0,0.0,0.0,0.0,0.0,0.0,0.0,0.0,1.0,0.0,0.0,0.0,1.0,0.0,0.0,0.0,0.0,0.0,0.0,0.0,"A woman is near a cash register, interacting with it while handling money and a small bag.","woman, cash register, money, bag, transaction, interaction"
2519,img/02519.png,1.0,it's funny because he's fat!,train,684,4126,4045,['pc_empty'],['attack_empty'],['pc_empty'],['attack_empty'],0.0,0.0,1.0,0.0,0.0,0.0,1.0,0.0,0.0,0.0,0.0,0.0,0.0,0.0,0.0,0.0,1.0,0.0,0.0,0.0,1.0,0.0,0.0,0.0,0.0,0.0,0.0,0.0,A man wearing a suit and hat is facing the camera and pointing his finger towards it.,"man, suit, hat, pointing, camera, finger, facing, clothing"
5984,img/05984.png,0.0,removes polish with chemicals nobody bats an eye removes polish with chemicals everyrody loses his shit,train,694,231,1833,['pc_empty'],['attack_empty'],['pc_empty'],['attack_empty'],0.0,0.0,1.0,0.0,0.0,0.0,1.0,0.0,0.0,0.0,0.0,0.0,0.0,0.0,0.0,0.0,1.0,0.0,0.0,0.0,1.0,0.0,0.0,0.0,0.0,0.0,0.0,0.0,"A young boy is skateboarding down a ramp in an indoor environment, wearing casual clothes and focusing on his movement.","boy, skateboard, ramp, indoors, casual clothes, movement, focus"
3298,img/03298.png,0.0,thanks for visiting,train,707,3925,235,['pc_empty'],['attack_empty'],['pc_empty'],['attack_empty'],0.0,0.0,1.0,0.0,0.0,0.0,1.0,0.0,0.0,0.0,0.0,0.0,0.0,0.0,0.0,0.0,1.0,0.0,0.0,0.0,1.0,0.0,0.0,0.0,0.0,0.0,0.0,0.0,"A woman is sitting in a wheelchair, holding a cat on her lap, in what appears to be an indoor setting.","woman, wheelchair, cat, indoor, sitting, lap, holding"
3187,img/03187.png,0.0,every dad: *shaves beard* his own baby: i've never met this man in my life,train,730,2978,2869,['pc_empty'],['attack_empty'],['pc_empty'],['attack_empty'],0.0,0.0,1.0,0.0,0.0,0.0,1.0,0.0,0.0,0.0,0.0,0.0,0.0,0.0,0.0,0.0,1.0,0.0,0.0,0.0,1.0,0.0,0.0,0.0,0.0,0.0,0.0,0.0,A man wearing a costume resembling Loki from the Marvel universe is present at a comic convention event.,"man, Loki, costume, comic convention, Marvel, cosplay, event"
3574,img/03574.png,0.0,pull up your pants and back away from the goat!!,train,731,242,6734,['pc_empty'],['attack_empty'],['pc_empty'],['attack_empty'],0.0,0.0,1.0,0.0,0.0,0.0,1.0,0.0,0.0,0.0,0.0,0.0,0.0,0.0,0.0,0.0,1.0,0.0,0.0,0.0,1.0,0.0,0.0,0.0,0.0,0.0,0.0,0.0,A person is standing on a grassy field near a baby goat and its mother.,"person, baby goat, mother goat, grassy field, outdoors"
5841,img/05841.png,1.0,what's worse than ants in your pants? uncles,train,735,244,5239,['pc_empty'],['attack_empty'],['pc_empty'],['attack_empty'],0.0,0.0,1.0,0.0,0.0,0.0,1.0,0.0,0.0,0.0,0.0,0.0,0.0,0.0,0.0,0.0,1.0,0.0,0.0,0.0,1.0,0.0,0.0,0.0,0.0,0.0,0.0,0.0,"A man, a woman, and a child are sitting together on a couch in a room.","man, woman, child, couch, sitting, room, family, together"
4798,img/04798.png,0.0,are you bored? join spastics with special admin powers now,train,753,251,3179,['pc_empty'],['attack_empty'],['pc_empty'],['attack_empty'],0.0,0.0,1.0,0.0,0.0,0.0,1.0,0.0,0.0,0.0,0.0,0.0,0.0,0.0,0.0,0.0,1.0,0.0,0.0,0.0,1.0,0.0,0.0,0.0,0.0,0.0,0.0,0.0,"A dog is mid-air with its mouth open, seemingly in an active or playful state.","dog, jumping, mid-air, mouth open, playful"
1475,img/01475.png,1.0,last time muslims invaded europe vlad stuck poles up their asses and made a fucking forest be like vlad,train,770,6371,6281,['religion'],['inciting_violence'],"['race', 'religion']",['inciting_violence'],0.0,0.0,0.0,0.0,1.0,0.0,0.0,0.0,0.0,0.0,1.0,0.0,0.0,0.0,0.0,0.0,0.0,1.0,1.0,0.0,0.0,0.0,0.0,0.0,1.0,0.0,0.0,0.0,"The image is a painting depicting a man with long black hair, wearing a crown on his head, suggesting he is a royal or historical figure.","painting, man, long black hair, crown, royal, historical figure"
2841,img/02841.png,0.0,birthday because i don't care if it's happy,train,796,4733,260,['pc_empty'],['attack_empty'],['pc_empty'],['attack_empty'],0.0,0.0,1.0,0.0,0.0,0.0,1.0,0.0,0.0,0.0,0.0,0.0,0.0,0.0,0.0,0.0,1.0,0.0,0.0,0.0,1.0,0.0,0.0,0.0,0.0,0.0,0.0,0.0,A man dressed in a suit and tie is positioned in front of a large poster.,"man, suit, tie, poster, formal, male, portrait"
6392,img/06392.png,0.0,don't forget guys may is buy your wife a new gun month,train,813,2921,2806,['pc_empty'],['attack_empty'],['pc_empty'],['attack_empty'],0.0,0.0,1.0,0.0,0.0,0.0,1.0,0.0,0.0,0.0,0.0,0.0,0.0,0.0,0.0,0.0,1.0,0.0,0.0,0.0,1.0,0.0,0.0,0.0,0.0,0.0,0.0,0.0,A woman wearing a wedding dress is holding a gun in her hand.,"woman, wedding dress, gun, bride, holding, hand, white dress"
3971,img/03971.png,0.0,so i was sucking on her t*ts then the husband walks in and i just sk*t myself,train,816,4942,87,['pc_empty'],['attack_empty'],['pc_empty'],['attack_empty'],0.0,0.0,1.0,0.0,0.0,0.0,1.0,0.0,0.0,0.0,0.0,0.0,0.0,0.0,0.0,0.0,1.0,0.0,0.0,0.0,1.0,0.0,0.0,0.0,0.0,0.0,0.0,0.0,A woman is holding a baby who is wearing a party hat.,"woman, baby, party hat, holding, child, female, mother, celebration"
5123,img/05123.png,1.0,when cops question someone who just got robbed did anything seem strange? like maybe something black?,train,849,5713,5650,['race'],['dehumanizing'],['race'],['dehumanizing'],0.0,0.0,0.0,1.0,0.0,0.0,0.0,0.0,1.0,0.0,0.0,0.0,0.0,0.0,0.0,0.0,0.0,1.0,0.0,0.0,0.0,0.0,1.0,0.0,0.0,0.0,0.0,0.0,"A man and a woman are sitting on the floor facing each other, possibly engaged in a serious conversation, with a neutral indoor background.","man, woman, sitting, floor, conversation, indoor, serious, together"
6439,img/06439.png,0.0,back to the... hall of fame 19th annual rock and roll,train,862,3807,281,['pc_empty'],['attack_empty'],['pc_empty'],['attack_empty'],0.0,0.0,1.0,0.0,0.0,0.0,1.0,0.0,0.0,0.0,0.0,0.0,0.0,0.0,0.0,0.0,1.0,0.0,0.0,0.0,1.0,0.0,0.0,0.0,0.0,0.0,0.0,0.0,A man in a suit is present at the 19th annual Rock and Roll Hall of Fame event.,"man, suit, Rock and Roll Hall of Fame, event, annual, 19th"
5798,img/05798.png,0.0,when they become besties over the same dude,train,863,5612,5546,['pc_empty'],['attack_empty'],['pc_empty'],['attack_empty'],0.0,0.0,1.0,0.0,0.0,0.0,1.0,0.0,0.0,0.0,0.0,0.0,0.0,0.0,0.0,0.0,1.0,0.0,0.0,0.0,1.0,0.0,0.0,0.0,0.0,0.0,0.0,0.0,"A group of young women standing together on a red carpet at an awards event, with a colorful Nickelodeon kids' choice awards backdrop behind them.","group, women, red carpet, awards event, Nickelodeon, kids' choice awards, backdrop, young, fashion, public event"
7124,img/07124.png,0.0,how to wink at a muslim,train,880,6296,6215,['pc_empty'],['attack_empty'],['pc_empty'],['attack_empty'],0.0,0.0,1.0,0.0,0.0,0.0,1.0,0.0,0.0,0.0,0.0,0.0,0.0,0.0,0.0,0.0,1.0,0.0,0.0,0.0,1.0,0.0,0.0,0.0,0.0,0.0,0.0,0.0,A black and white illustration of a man wearing a formal tuxedo.,"black and white, illustration, man, tuxedo, formal wear"
2769,img/02769.png,0.0,"think we just discovered ""cop crack"" bacon wrapped donuts mother of god",train,887,2003,1899,['pc_empty'],['attack_empty'],['pc_empty'],['attack_empty'],0.0,0.0,1.0,0.0,0.0,0.0,1.0,0.0,0.0,0.0,0.0,0.0,0.0,0.0,0.0,0.0,1.0,0.0,0.0,0.0,1.0,0.0,0.0,0.0,0.0,0.0,0.0,0.0,A poster features a man wearing a hat and holding a donut wrapped in bacon.,"poster, man, hat, donut, bacon, food, holding, wrapping"
6239,img/06239.png,0.0,cameraman: i don't understan- psychic kid: trust me this will be really funny someday,train,890,298,4772,['pc_empty'],['attack_empty'],['pc_empty'],['attack_empty'],0.0,0.0,1.0,0.0,0.0,0.0,1.0,0.0,0.0,0.0,0.0,0.0,0.0,0.0,0.0,0.0,1.0,0.0,0.0,0.0,1.0,0.0,0.0,0.0,0.0,0.0,0.0,0.0,"A man is photographing a young boy on a sandy beach, with the boy posing for the camera as waves are visible in the background.","man, boy, beach, camera, photograph, waves, posing"
6798,img/06798.png,0.0,news from 20th century,train,899,6597,292,['pc_empty'],['attack_empty'],['pc_empty'],['attack_empty'],0.0,0.0,1.0,0.0,0.0,0.0,1.0,0.0,0.0,0.0,0.0,0.0,0.0,0.0,0.0,0.0,1.0,0.0,0.0,0.0,1.0,0.0,0.0,0.0,0.0,0.0,0.0,0.0,"A black and white photograph from the 20th century showing a group of people walking along a street, with buildings visible in the background.","black and white, 20th century, people, street, buildings, photograph"
7615,img/07615.png,0.0,i put the ape in rape,train,927,308,2151,['pc_empty'],['attack_empty'],['pc_empty'],['attack_empty'],0.0,0.0,1.0,0.0,0.0,0.0,1.0,0.0,0.0,0.0,0.0,0.0,0.0,0.0,0.0,0.0,1.0,0.0,0.0,0.0,1.0,0.0,0.0,0.0,0.0,0.0,0.0,0.0,An orangutan is holding a baby in its mouth.,"orangutan, baby, animal, mouth, holding"
6197,img/06197.png,0.0,want proof firefighters do it better? ask a police officer's wife,train,945,6001,304,['pc_empty'],['attack_empty'],['pc_empty'],['attack_empty'],0.0,0.0,1.0,0.0,0.0,0.0,1.0,0.0,0.0,0.0,0.0,0.0,0.0,0.0,0.0,0.0,1.0,0.0,0.0,0.0,1.0,0.0,0.0,0.0,0.0,0.0,0.0,0.0,"A man dressed in a suit and tie is positioned in front of a stage backdrop, likely in an indoor setting.","man, suit, tie, stage, indoor, formal, backdrop"
7215,img/07215.png,0.0,"dogs are cute, great compantions, and can be taught to obey and protect. a better option than a gun",train,955,7369,309,['pc_empty'],['attack_empty'],['pc_empty'],['attack_empty'],0.0,0.0,1.0,0.0,0.0,0.0,1.0,0.0,0.0,0.0,0.0,0.0,0.0,0.0,0.0,0.0,1.0,0.0,0.0,0.0,1.0,0.0,0.0,0.0,0.0,0.0,0.0,0.0,"The image shows a series of photographs featuring a dog next to a gun, highlighting the contrast between the animal and the weapon.","dog, gun, photographs, contrast, animal, series"
7312,img/07312.png,0.0,yeah bitches totalinarism is a sham,train,960,3435,312,['pc_empty'],['attack_empty'],['pc_empty'],['attack_empty'],0.0,0.0,1.0,0.0,0.0,0.0,1.0,0.0,0.0,0.0,0.0,0.0,0.0,0.0,0.0,0.0,1.0,0.0,0.0,0.0,1.0,0.0,0.0,0.0,0.0,0.0,0.0,0.0,"A black and white photograph shows a man sitting on a couch, facing the camera.","black and white, man, couch, photograph, seated"
6893,img/06893.png,1.0,you rape em we scrape em no fetus can defetus,train,962,316,5277,['sex'],['inciting_violence'],['sex'],['inciting_violence'],0.0,0.0,0.0,0.0,0.0,1.0,0.0,0.0,0.0,0.0,1.0,0.0,0.0,0.0,0.0,0.0,0.0,0.0,0.0,1.0,0.0,0.0,0.0,0.0,1.0,0.0,0.0,0.0,A hand is holding a piece of paper that features a drawing or image of a heart prominently displayed on it.,"hand, paper, heart, drawing, image"
2947,img/02947.png,0.0,meanwhile at the isis strip club,train,117,39,41,['pc_empty'],['attack_empty'],['pc_empty'],['attack_empty'],0.0,0.0,1.0,0.0,0.0,0.0,1.0,0.0,0.0,0.0,0.0,0.0,0.0,0.0,0.0,0.0,1.0,0.0,0.0,0.0,1.0,0.0,0.0,0.0,0.0,0.0,0.0,0.0,Several people are gathered together near a group of sheep in an open outdoor area.,"people, sheep, group, outdoors, gathered, herd, animals"
6153,img/06153.png,0.0,i had a bad dream about the ku klux klan,train,965,5007,313,['pc_empty'],['attack_empty'],['pc_empty'],['attack_empty'],0.0,0.0,1.0,0.0,0.0,0.0,1.0,0.0,0.0,0.0,0.0,0.0,0.0,0.0,0.0,0.0,1.0,0.0,0.0,0.0,1.0,0.0,0.0,0.0,0.0,0.0,0.0,0.0,A group of women dressed in white clothing is gathered in front of a house.,"women, white clothing, group, house, gathering"
1642,img/01642.png,1.0,this would be racist if black people could read,train,827,280,4913,['race'],"['inferiority', 'contempt']",['race'],"['inferiority', 'contempt']",0.0,0.0,0.0,1.0,0.0,0.0,0.0,1.0,0.0,0.0,0.0,1.0,0.0,0.0,0.0,0.0,0.0,1.0,0.0,0.0,0.0,1.0,0.0,0.0,0.0,1.0,0.0,0.0,"A man wearing glasses is smiling directly at the camera, appearing friendly and approachable.","man, glasses, smiling, camera, friendly, approachable"
1468,img/01468.png,0.0,"assad: my son exploded better than yours, lol hamid:",train,979,321,5513,['pc_empty'],['attack_empty'],['pc_empty'],['attack_empty'],0.0,0.0,1.0,0.0,0.0,0.0,1.0,0.0,0.0,0.0,0.0,0.0,0.0,0.0,0.0,0.0,1.0,0.0,0.0,0.0,1.0,0.0,0.0,0.0,0.0,0.0,0.0,0.0,"A young child is sitting on a toilet in a bathroom, appearing to be in the middle of toilet training or personal hygiene, with standard bathroom fixtures visible around her.","child, toilet, bathroom, personal hygiene, toilet training, fixtures"
7826,img/07826.png,0.0,any time you have to rely upon your enemy for a job you're in bad shape!,train,996,4254,4180,['pc_empty'],['attack_empty'],['pc_empty'],['attack_empty'],0.0,0.0,1.0,0.0,0.0,0.0,1.0,0.0,0.0,0.0,0.0,0.0,0.0,0.0,0.0,0.0,1.0,0.0,0.0,0.0,1.0,0.0,0.0,0.0,0.0,0.0,0.0,0.0,A man dressed in a formal business suit is holding a stack of money in his hands.,"man, business suit, money, holding, formal, stack, business, person"
1275,img/01275.png,0.0,if you think t willl stop eating palony and viannas voetsek!!! stupid no brain here,train,997,7155,7043,['pc_empty'],['attack_empty'],['pc_empty'],['attack_empty'],0.0,0.0,1.0,0.0,0.0,0.0,1.0,0.0,0.0,0.0,0.0,0.0,0.0,0.0,0.0,0.0,1.0,0.0,0.0,0.0,1.0,0.0,0.0,0.0,0.0,0.0,0.0,0.0,"A man dressed in a suit and tie is speaking into several microphones, appearing to address an audience or the media.","man, suit, tie, microphones, speaking, media, address, audience"
4762,img/04762.png,0.0,scientist are working hard to cure them all,train,1010,330,3320,['pc_empty'],['attack_empty'],['pc_empty'],['attack_empty'],0.0,0.0,1.0,0.0,0.0,0.0,1.0,0.0,0.0,0.0,0.0,0.0,0.0,0.0,0.0,0.0,1.0,0.0,0.0,0.0,1.0,0.0,0.0,0.0,0.0,0.0,0.0,0.0,"Several people are lying in hospital beds, suggesting a medical setting where patients are receiving care.","hospital, patients, beds, people, medical care, sick, treatment"
7234,img/07234.png,0.0,that's enough facebook for today this sammich isn't going to make itself,train,1021,335,5827,['pc_empty'],['attack_empty'],['pc_empty'],['attack_empty'],0.0,0.0,1.0,0.0,0.0,0.0,1.0,0.0,0.0,0.0,0.0,0.0,0.0,0.0,0.0,0.0,1.0,0.0,0.0,0.0,1.0,0.0,0.0,0.0,0.0,0.0,0.0,0.0,"A man is wearing a white shirt, sitting at a table with food in front of him.","man, white shirt, table, food, sitting"
3927,img/03927.png,1.0,after group sex mohammed is very tired,train,1025,337,257,['religion'],['dehumanizing'],"['nationality', 'religion', 'race']",['dehumanizing'],0.0,0.0,0.0,0.0,1.0,0.0,0.0,0.0,1.0,0.0,0.0,0.0,0.0,0.0,0.0,1.0,0.0,1.0,1.0,0.0,0.0,0.0,1.0,0.0,0.0,0.0,0.0,0.0,"Several goats are standing together near a structure, possibly on a patch of ground adjacent to the building.","goats, group, building, structure, ground, together"
1793,img/01793.png,1.0,don't mind me i'm only watering my muslims,train,1036,2568,2450,['religion'],['inciting_violence'],['religion'],"['dehumanizing', 'inciting_violence']",0.0,0.0,0.0,0.0,1.0,0.0,0.0,0.0,0.0,0.0,1.0,0.0,0.0,0.0,0.0,0.0,0.0,0.0,1.0,0.0,0.0,0.0,1.0,0.0,1.0,0.0,0.0,0.0,A black and white photograph showing a person wearing a gas mask.,"black and white, photograph, person, gas mask, old photo"
4892,img/04892.png,0.0,send him to... meowschwitz,train,1039,345,6816,['pc_empty'],['attack_empty'],['pc_empty'],['attack_empty'],0.0,0.0,1.0,0.0,0.0,0.0,1.0,0.0,0.0,0.0,0.0,0.0,0.0,0.0,0.0,0.0,1.0,0.0,0.0,0.0,1.0,0.0,0.0,0.0,0.0,0.0,0.0,0.0,A man wearing a suit is holding a baby on his lap.,"man, suit, baby, lap, holding, adult, child"
4695,img/04695.png,1.0,when a badge and gun aren't enough to cope with your fragile senses of self worth and masculinity: roadhouse!,train,1044,4007,3918,['pc_empty'],['attack_empty'],['pc_empty'],['attack_empty'],0.0,0.0,1.0,0.0,0.0,0.0,1.0,0.0,0.0,0.0,0.0,0.0,0.0,0.0,0.0,0.0,1.0,0.0,0.0,0.0,1.0,0.0,0.0,0.0,0.0,0.0,0.0,0.0,"Several young men are gathered together, appearing to participate in a game involving a baseball bat.","young men, group, game, baseball bat, gathered"
2795,img/02795.png,0.0,police academy graduation ceremony,train,1049,348,4152,['pc_empty'],['attack_empty'],['pc_empty'],['attack_empty'],0.0,0.0,1.0,0.0,0.0,0.0,1.0,0.0,0.0,0.0,0.0,0.0,0.0,0.0,0.0,0.0,1.0,0.0,0.0,0.0,1.0,0.0,0.0,0.0,0.0,0.0,0.0,0.0,"A man and a woman are shaking hands in a classroom setting, with other people present, likely as part of an official ceremony.","man, woman, shaking hands, classroom, ceremony, people, official"
5483,img/05483.png,0.0,the only thing more vile than the attitude of these anti americans.. is the absolute ignorance of the delusional people that voted for them,train,1066,2135,2024,['pc_empty'],['attack_empty'],['pc_empty'],['attack_empty'],0.0,0.0,1.0,0.0,0.0,0.0,1.0,0.0,0.0,0.0,0.0,0.0,0.0,0.0,0.0,0.0,1.0,0.0,0.0,0.0,1.0,0.0,0.0,0.0,0.0,0.0,0.0,0.0,"A woman wearing a white head wrap is shown in the image, with a neutral expression on her face.","woman, white head wrap, neutral expression, headwear, portrait"
5917,img/05917.png,1.0,stephen hawking reincarnated as a chair,train,1084,2169,34,['disability'],['inferiority'],['disability'],"['inferiority', 'dehumanizing']",1.0,0.0,0.0,0.0,0.0,0.0,0.0,0.0,0.0,0.0,0.0,1.0,0.0,0.0,1.0,0.0,0.0,0.0,0.0,0.0,0.0,0.0,1.0,0.0,0.0,1.0,0.0,0.0,"The image shows a black office chair with a distinctive cow print pattern, possibly intended to humorously reference Stephen Hawking as a chair.","office chair, black, cow print, pattern, Stephen Hawking, humor, reincarnation, furniture"
1749,img/01749.png,0.0,so then we told them cannabis is dangerous and pharmaceuticals are good for you,train,1087,4090,4009,['pc_empty'],['attack_empty'],['pc_empty'],['attack_empty'],0.0,0.0,1.0,0.0,0.0,0.0,1.0,0.0,0.0,0.0,0.0,0.0,0.0,0.0,0.0,0.0,1.0,0.0,0.0,0.0,1.0,0.0,0.0,0.0,0.0,0.0,0.0,0.0,"A group of people are sitting closely together, appearing to be engaged in conversation.","group, people, sitting, conversation, together"
3162,img/03162.png,0.0,recruiter added me on linkedin so i guess things are getting pretty serious,train,1113,3609,3505,['pc_empty'],['attack_empty'],['pc_empty'],['attack_empty'],0.0,0.0,1.0,0.0,0.0,0.0,1.0,0.0,0.0,0.0,0.0,0.0,0.0,0.0,0.0,0.0,1.0,0.0,0.0,0.0,1.0,0.0,0.0,0.0,0.0,0.0,0.0,0.0,"A man sitting at a table and talking on a cell phone, appearing to be engaged in a conversation.","man, cell phone, sitting, table, conversation, indoor, talking"
4591,img/04591.png,0.0,rep. ilhan omar: 9/11 was 'some people did something' here's your something 2977 people dead by terrorism,train,1158,2187,68,['pc_empty'],['attack_empty'],['pc_empty'],['attack_empty'],0.0,0.0,1.0,0.0,0.0,0.0,1.0,0.0,0.0,0.0,0.0,0.0,0.0,0.0,0.0,0.0,1.0,0.0,0.0,0.0,1.0,0.0,0.0,0.0,0.0,0.0,0.0,0.0,The image shows the World Trade Center's twin towers engulfed in flames during the 9/11 terrorist attacks in New York City.,"World Trade Center, twin towers, fire, 9/11, terrorist attack, New York City"
5372,img/05372.png,0.0,"healthcare is a right and the government should pay for it guns are a right, should the government pay for them too?",train,1163,386,2280,['pc_empty'],['attack_empty'],['pc_empty'],['attack_empty'],0.0,0.0,1.0,0.0,0.0,0.0,1.0,0.0,0.0,0.0,0.0,0.0,0.0,0.0,0.0,0.0,1.0,0.0,0.0,0.0,1.0,0.0,0.0,0.0,0.0,0.0,0.0,0.0,"A man dressed formally in a suit and tie is speaking at a podium, possibly addressing an audience about important social or political topics.","man, suit, tie, speech, podium, formal, address, audience, politics"
6412,img/06412.png,1.0,when you eat your rehab romance booty in the laundry room but she's day 3 sick,train,468,159,386,['pc_empty'],['attack_empty'],['pc_empty'],['attack_empty'],0.0,0.0,1.0,0.0,0.0,0.0,1.0,0.0,0.0,0.0,0.0,0.0,0.0,0.0,0.0,0.0,1.0,0.0,0.0,0.0,1.0,0.0,0.0,0.0,0.0,0.0,0.0,0.0,"A woman and a man are interacting together indoors, with the man dressed formally in a suit and the setting suggesting a private or domestic environment such as a laundry room.","woman, man, suit, indoors, private environment, laundry room, interaction, domestic"
4827,img/04827.png,1.0,me: puts bag of popcorn into the microwave every one else at the senior center:,train,1199,395,232,['disability'],['inferiority'],"['disability', 'race']","['mocking', 'inferiority']",1.0,0.0,0.0,0.0,0.0,0.0,0.0,0.0,0.0,0.0,0.0,1.0,0.0,0.0,1.0,0.0,0.0,1.0,0.0,0.0,0.0,0.0,0.0,0.0,0.0,1.0,1.0,0.0,"An elderly man wearing a baseball cap is sitting indoors, positioned in front of a window, with natural light coming through.","elderly man, baseball cap, sitting, window, indoors, natural light"
6547,img/06547.png,1.0,hide and seek european champion  1942-1944,train,1204,399,348,['religion'],['mocking'],"['nationality', 'religion']","['mocking', 'inferiority']",0.0,0.0,0.0,0.0,1.0,0.0,0.0,0.0,0.0,0.0,0.0,0.0,1.0,0.0,0.0,1.0,0.0,0.0,1.0,0.0,0.0,0.0,0.0,0.0,0.0,1.0,1.0,0.0,"A close-up image of a doll with a smiling face, featuring realistic human-like facial features reminiscent of European styles from the mid-20th century.","doll, close-up, smile, face, European, realistic, mid-20th century"
4912,img/04912.png,1.0,immigrantswave our flag invaders wave their own,train,1214,405,392,['nationality'],['dehumanizing'],"['nationality', 'race']","['inferiority', 'dehumanizing']",0.0,1.0,0.0,0.0,0.0,0.0,0.0,0.0,1.0,0.0,0.0,0.0,0.0,0.0,0.0,1.0,0.0,1.0,0.0,0.0,0.0,0.0,1.0,0.0,0.0,1.0,0.0,0.0,A man wearing a green and white uniform is holding a flag.,"man, green and white uniform, flag, holding, person"
1274,img/01274.png,0.0,how you guys think you looks like but when pados wale pandit jee sees you taba renso,train,1226,410,5128,['pc_empty'],['attack_empty'],['pc_empty'],['attack_empty'],0.0,0.0,1.0,0.0,0.0,0.0,1.0,0.0,0.0,0.0,0.0,0.0,0.0,0.0,0.0,0.0,1.0,0.0,0.0,0.0,1.0,0.0,0.0,0.0,0.0,0.0,0.0,0.0,A man wearing a hat and a jacket is leaning against a wall in a casual manner.,"man, hat, jacket, wall, leaning, casual, clothing"
4619,img/04619.png,1.0,"the most popular, but least talked about, white trash barbie! kids b like ""not my fault you didn't pay the cable!""",train,1256,7424,7290,['race'],['dehumanizing'],['race'],['dehumanizing'],0.0,0.0,0.0,1.0,0.0,0.0,0.0,0.0,1.0,0.0,0.0,0.0,0.0,0.0,0.0,0.0,0.0,1.0,0.0,0.0,0.0,0.0,1.0,0.0,0.0,0.0,0.0,0.0,"A doll is sitting on a bathroom sink, with visible bathroom fixtures in the background.","doll, bathroom, sink, sitting, fixtures"
2971,img/02971.png,1.0,what do you get when you cross harvey price with a pritt stick? a sticky black spastic,train,1265,3152,3054,"['race', 'disability']",['inferiority'],"['disability', 'race']","['inferiority', 'dehumanizing']",1.0,0.0,0.0,1.0,0.0,0.0,0.0,0.0,0.0,0.0,0.0,1.0,0.0,0.0,1.0,0.0,0.0,1.0,0.0,0.0,0.0,0.0,1.0,0.0,0.0,1.0,0.0,0.0,A man is wearing a white jacket.,"man, white jacket, clothing, male, outerwear"
4976,img/04976.png,0.0,shit someone added too much soap to the dishwasher again,train,1272,420,413,['pc_empty'],['attack_empty'],['pc_empty'],['attack_empty'],0.0,0.0,1.0,0.0,0.0,0.0,1.0,0.0,0.0,0.0,0.0,0.0,0.0,0.0,0.0,0.0,1.0,0.0,0.0,0.0,1.0,0.0,0.0,0.0,0.0,0.0,0.0,0.0,A man is in a kitchen where soap suds and foam are overflowing from the dishwasher onto the floor.,"man, kitchen, dishwasher, soap suds, foam, overflow, floor"
2987,img/02987.png,0.0,not my president not my residents,train,801,271,7145,['pc_empty'],['attack_empty'],['pc_empty'],['attack_empty'],0.0,0.0,1.0,0.0,0.0,0.0,1.0,0.0,0.0,0.0,0.0,0.0,0.0,0.0,0.0,0.0,1.0,0.0,0.0,0.0,1.0,0.0,0.0,0.0,0.0,0.0,0.0,0.0,"A man dressed in a suit and tie is speaking into a microphone, likely addressing an audience in a formal setting.","man, suit, tie, microphone, speaking, formal, audience, address"
4986,img/04986.png,0.0,the enemy within linda sarsour ocasio-cortez rashida tlaib ilhan omar,train,1297,50,5413,['pc_empty'],['attack_empty'],['pc_empty'],['attack_empty'],0.0,0.0,1.0,0.0,0.0,0.0,1.0,0.0,0.0,0.0,0.0,0.0,0.0,0.0,0.0,0.0,1.0,0.0,0.0,0.0,1.0,0.0,0.0,0.0,0.0,0.0,0.0,0.0,"A woman wearing a headscarf is speaking into a microphone, possibly giving a public speech or participating in a discussion.","woman, headscarf, microphone, speech, public speaking, discussion"
1974,img/01974.png,1.0,hiroshima hiroshima nagasaki everybody needs a friend,train,1323,6260,6189,['pc_empty'],['attack_empty'],['pc_empty'],['attack_empty'],0.0,0.0,1.0,0.0,0.0,0.0,1.0,0.0,0.0,0.0,0.0,0.0,0.0,0.0,0.0,0.0,1.0,0.0,0.0,0.0,1.0,0.0,0.0,0.0,0.0,0.0,0.0,0.0,A man is examining a map that features a prominent red ball located centrally.,"man, map, red ball, examining, central position"
7248,img/07248.png,1.0,it is disgusting to laugh at gender dysphoria,train,425,144,426,['pc_empty'],['attack_empty'],['pc_empty'],['attack_empty'],0.0,0.0,1.0,0.0,0.0,0.0,1.0,0.0,0.0,0.0,0.0,0.0,0.0,0.0,0.0,0.0,1.0,0.0,0.0,0.0,1.0,0.0,0.0,0.0,0.0,0.0,0.0,0.0,A woman wearing a bikini top is dancing outdoors on the street.,"woman, bikini top, dancing, street, outdoors"
1842,img/01842.png,0.0,it's a wiener pit kinda like your mouth,train,1331,1754,1655,['pc_empty'],['attack_empty'],['pc_empty'],['attack_empty'],0.0,0.0,1.0,0.0,0.0,0.0,1.0,0.0,0.0,0.0,0.0,0.0,0.0,0.0,0.0,0.0,1.0,0.0,0.0,0.0,1.0,0.0,0.0,0.0,0.0,0.0,0.0,0.0,"Two images show a dog with a long, slender body, likely a dachshund mix, looking up toward the camera against a simple background.","dog, dachshund, pet, canine, camera, animal, portrait, slender, long body"
2457,img/02457.png,1.0,i hate when i see a black out in my neighborhood but i still offer my neighbors a candle,train,1351,446,433,['race'],['contempt'],['race'],['contempt'],0.0,0.0,0.0,1.0,0.0,0.0,0.0,1.0,0.0,0.0,0.0,0.0,0.0,0.0,0.0,0.0,0.0,1.0,0.0,0.0,0.0,1.0,0.0,0.0,0.0,0.0,0.0,0.0,"A person dressed in a white outfit is holding up one hand, possibly offering something or gesturing, with their face partially visible.","person, white costume, hand up, gesture, offering, partially visible face"
7592,img/07592.png,0.0,justin come here the chevy faggots are mad again,train,1383,2825,446,['sex'],['slurs'],['sex'],['slurs'],0.0,0.0,0.0,0.0,0.0,1.0,0.0,0.0,0.0,0.0,0.0,0.0,0.0,1.0,0.0,0.0,0.0,0.0,0.0,1.0,0.0,0.0,0.0,0.0,0.0,0.0,0.0,1.0,"A woman is seated at a table using a laptop computer, with her attention focused on the screen.","woman, table, laptop, computer, seated, indoors, technology, working"
2917,img/02917.png,1.0,islamaphobe no i just hate the mother fuckers,train,1395,4132,4050,['religion'],['contempt'],['religion'],['contempt'],0.0,0.0,0.0,0.0,1.0,0.0,0.0,1.0,0.0,0.0,0.0,0.0,0.0,0.0,0.0,0.0,0.0,0.0,1.0,0.0,0.0,1.0,0.0,0.0,0.0,0.0,0.0,0.0,Several soldiers are walking together through an open doorway in what appears to be a structured or built environment.,"soldiers, group, doorway, walking, structured environment"
3759,img/03759.png,0.0,what's the difference between hillary and putin? putin actually wins the elections he rigs,train,1396,2812,2709,['pc_empty'],['attack_empty'],['pc_empty'],['attack_empty'],0.0,0.0,1.0,0.0,0.0,0.0,1.0,0.0,0.0,0.0,0.0,0.0,0.0,0.0,0.0,0.0,1.0,0.0,0.0,0.0,1.0,0.0,0.0,0.0,0.0,0.0,0.0,0.0,The image shows a collage featuring multiple images of Hillary Clinton's face.,"collage, Hillary Clinton, face, multiple images, portrait"
2945,img/02945.png,1.0,you've been hungerstruck!,train,1082,361,449,['nationality'],['inferiority'],"['nationality', 'class']","['inferiority', 'contempt']",0.0,1.0,0.0,0.0,0.0,0.0,0.0,0.0,0.0,0.0,0.0,1.0,0.0,0.0,0.0,1.0,0.0,0.0,0.0,0.0,0.0,1.0,0.0,0.0,0.0,1.0,0.0,0.0,"A black and white photograph features a man sitting on the ground, appearing exhausted or weary, with minimal background details.","black and white, man, sitting, ground, weary, exhausted, photograph"
4786,img/04786.png,1.0,"being transgender is a mental illness it's a rejection of reality, leads to anxiety, depression, and in some cases self-mutilation and/or suicide. that's not healthy",train,1412,383,238,['sex'],['inferiority'],['sex'],"['inferiority', 'dehumanizing']",0.0,0.0,0.0,0.0,0.0,1.0,0.0,0.0,0.0,0.0,0.0,1.0,0.0,0.0,0.0,0.0,0.0,0.0,0.0,1.0,0.0,0.0,1.0,0.0,0.0,1.0,0.0,0.0,A black and white bird with a bright red beak is perched on a grassy hilltop against a natural outdoor background.,"bird, black and white, red beak, hill, outdoors, perched, nature"
4356,img/04356.png,0.0,i only wear silk panties cotton ones remind me of slavery,train,729,241,3902,['race'],['mocking'],['race'],['mocking'],0.0,0.0,0.0,1.0,0.0,0.0,0.0,0.0,0.0,0.0,0.0,0.0,1.0,0.0,0.0,0.0,0.0,1.0,0.0,0.0,0.0,0.0,0.0,0.0,0.0,0.0,1.0,0.0,A man with a large afro hairstyle is smiling gently at the camera against a plain background.,"man, afro, smile, portrait, gentle, camera, plain background"
5741,img/05741.png,0.0,during a speed chase which song are you blasting in your car ?,train,1339,441,430,['pc_empty'],['attack_empty'],['pc_empty'],['attack_empty'],0.0,0.0,1.0,0.0,0.0,0.0,1.0,0.0,0.0,0.0,0.0,0.0,0.0,0.0,0.0,0.0,1.0,0.0,0.0,0.0,1.0,0.0,0.0,0.0,0.0,0.0,0.0,0.0,"Several cars are parked along the side of a road, some appearing to be pulled over as if after a high-speed event.","cars, roadside, parked, vehicles, street, pulled over, outdoors"
7582,img/07582.png,0.0,when you're not only the gay friend but also have the sickest memes,train,1440,1974,458,['pc_empty'],['attack_empty'],['pc_empty'],['attack_empty'],0.0,0.0,1.0,0.0,0.0,0.0,1.0,0.0,0.0,0.0,0.0,0.0,0.0,0.0,0.0,0.0,1.0,0.0,0.0,0.0,1.0,0.0,0.0,0.0,0.0,0.0,0.0,0.0,"A stylized face featuring vibrant green, blue, and pink colors, with exaggerated facial features and a wide, expressive smile.","stylized face, vibrant colors, green, blue, pink, big smile, exaggerated features, expressive"
5813,img/05813.png,0.0,roses are red candles drip wax breaking news man tries to trade kidnapped baby for 15 big macs,train,1463,6840,6728,['pc_empty'],['attack_empty'],['pc_empty'],['attack_empty'],0.0,0.0,1.0,0.0,0.0,0.0,1.0,0.0,0.0,0.0,0.0,0.0,0.0,0.0,0.0,0.0,1.0,0.0,0.0,0.0,1.0,0.0,0.0,0.0,0.0,0.0,0.0,0.0,"The image shows the front of a McDonald's restaurant, featuring the recognizable yellow awning and exterior signage.","McDonald's, restaurant, yellow awning, storefront, signage"
3615,img/03615.png,0.0,joke time 3 muslims walk into a bar.,train,1465,477,2983,['pc_empty'],['attack_empty'],['pc_empty'],['attack_empty'],0.0,0.0,1.0,0.0,0.0,0.0,1.0,0.0,0.0,0.0,0.0,0.0,0.0,0.0,0.0,0.0,1.0,0.0,0.0,0.0,1.0,0.0,0.0,0.0,0.0,0.0,0.0,0.0,"A wooden door stands ajar in a dimly lit room, with bright light streaming through the opening and illuminating part of the floor.","wooden door, ajar, light, opening, dimly lit room, bright, floor, interior"
5148,img/05148.png,1.0,the hardest part of breaking up with a japanese girlfriend is having to drop the bomb on her twice before she gets it,train,1466,478,2870,"['nationality', 'sex']",['inciting_violence'],"['nationality', 'race', 'sex']","['mocking', 'inciting_violence']",0.0,1.0,0.0,0.0,0.0,1.0,0.0,0.0,0.0,0.0,1.0,0.0,0.0,0.0,0.0,1.0,0.0,1.0,0.0,1.0,0.0,0.0,0.0,0.0,1.0,0.0,1.0,0.0,A woman with long brown hair is smiling at the camera.,"woman, long brown hair, smiling, portrait, face, camera, female"
5672,img/05672.png,0.0,i pushed my life alert necklace now i'm waiting on those sexy emt guys to show up,train,1492,4304,4234,['pc_empty'],['attack_empty'],['pc_empty'],['attack_empty'],0.0,0.0,1.0,0.0,0.0,0.0,1.0,0.0,0.0,0.0,0.0,0.0,0.0,0.0,0.0,0.0,1.0,0.0,0.0,0.0,1.0,0.0,0.0,0.0,0.0,0.0,0.0,0.0,"An elderly man is lying in bed with his head resting on a pillow, appearing to wait for assistance while wearing a life alert necklace.","elderly man, bed, pillow, life alert necklace, waiting, assistance"
3296,img/03296.png,0.0,come on over i'm having a party the place is crawling with pussy,train,1511,497,2403,['pc_empty'],['attack_empty'],['pc_empty'],['attack_empty'],0.0,0.0,1.0,0.0,0.0,0.0,1.0,0.0,0.0,0.0,0.0,0.0,0.0,0.0,0.0,0.0,1.0,0.0,0.0,0.0,1.0,0.0,0.0,0.0,0.0,0.0,0.0,0.0,Multiple women with red lipstick are gathered together and looking at the camera.,"women, group, red lipstick, gathered, camera, together"
3268,img/03268.png,0.0,hey mom the goats asshole is inside out. what do?,train,1512,498,4074,['pc_empty'],['attack_empty'],['pc_empty'],['attack_empty'],0.0,0.0,1.0,0.0,0.0,0.0,1.0,0.0,0.0,0.0,0.0,0.0,0.0,0.0,0.0,0.0,1.0,0.0,0.0,0.0,1.0,0.0,0.0,0.0,0.0,0.0,0.0,0.0,"A young girl and a woman are inside a barn together, near a goat that appears to have a medical issue.","girl, woman, barn, goat, medical issue, animal, indoors"
4918,img/04918.png,0.0,why do asians have eyes like this? isn't it hard to see?,train,1526,502,4229,['race'],['inferiority'],['race'],['inferiority'],0.0,0.0,0.0,1.0,0.0,0.0,0.0,0.0,0.0,0.0,0.0,1.0,0.0,0.0,0.0,0.0,0.0,1.0,0.0,0.0,0.0,0.0,0.0,0.0,0.0,1.0,0.0,0.0,"A woman is lying in bed with her face partially covered by her hands, appearing distressed or upset.","woman, bed, lying, hands, distress, upset, face, covering"
6375,img/06375.png,0.0,we have peace but we can give wars,train,1559,4530,4462,['pc_empty'],['attack_empty'],['pc_empty'],['attack_empty'],0.0,0.0,1.0,0.0,0.0,0.0,1.0,0.0,0.0,0.0,0.0,0.0,0.0,0.0,0.0,0.0,1.0,0.0,0.0,0.0,1.0,0.0,0.0,0.0,0.0,0.0,0.0,0.0,Two men are standing side by side; one is wearing a blue shirt and the other is dressed in white attire that resembles clerical or priestly clothing.,"two men, blue shirt, white attire, priest, side by side"
3845,img/03845.png,1.0,rev al sharpton that gorilla was 17 black and unarmed,train,1563,512,494,['race'],['dehumanizing'],['race'],['dehumanizing'],0.0,0.0,0.0,1.0,0.0,0.0,0.0,0.0,1.0,0.0,0.0,0.0,0.0,0.0,0.0,0.0,0.0,1.0,0.0,0.0,0.0,0.0,1.0,0.0,0.0,0.0,0.0,0.0,"A man wearing a suit and tie is speaking into a microphone, appearing to address an audience.","man, suit, tie, microphone, speaking, audience, formal, public speaking"
7285,img/07285.png,0.0,shame on you fork tongued devils,train,1572,515,2661,['pc_empty'],['attack_empty'],['pc_empty'],['attack_empty'],0.0,0.0,1.0,0.0,0.0,0.0,1.0,0.0,0.0,0.0,0.0,0.0,0.0,0.0,0.0,0.0,1.0,0.0,0.0,0.0,1.0,0.0,0.0,0.0,0.0,0.0,0.0,0.0,"A simple drawing featuring various kitchen utensils, such as forks and spoons, arranged on a plain white background.","drawing, kitchen utensils, fork, spoon, white background, simple, illustration"
5912,img/05912.png,0.0,look at me i'm the european now,train,1576,2271,2162,['pc_empty'],['attack_empty'],['pc_empty'],['attack_empty'],0.0,0.0,1.0,0.0,0.0,0.0,1.0,0.0,0.0,0.0,0.0,0.0,0.0,0.0,0.0,0.0,1.0,0.0,0.0,0.0,1.0,0.0,0.0,0.0,0.0,0.0,0.0,0.0,"A man is touching his nose with his hand, facing the camera.","man, nose, hand, face, camera, touching"
5719,img/05719.png,1.0,"islamomopolitan special feature: know your place, how to survive your women: daily beating why men treat you like cattle",train,1588,6044,5986,"['religion', 'sex']",['dehumanizing'],"['religion', 'sex']","['dehumanizing', 'inciting_violence']",0.0,0.0,0.0,0.0,1.0,1.0,0.0,0.0,1.0,0.0,0.0,0.0,0.0,0.0,0.0,0.0,0.0,0.0,1.0,1.0,0.0,0.0,1.0,0.0,1.0,0.0,0.0,0.0,"A woman wearing a black veil with her face visible, looking directly at the camera against a plain background.","woman, black veil, face, camera, plain background, islamic clothing, portrait"
3418,img/03418.png,0.0,i got a flat on my way to the store,train,1598,5830,371,['pc_empty'],['attack_empty'],['pc_empty'],['attack_empty'],0.0,0.0,1.0,0.0,0.0,0.0,1.0,0.0,0.0,0.0,0.0,0.0,0.0,0.0,0.0,0.0,1.0,0.0,0.0,0.0,1.0,0.0,0.0,0.0,0.0,0.0,0.0,0.0,"Two men are interacting and laughing together, appearing to share a light-hearted moment, with their attention focused on each other.","men, laughing, interaction, together, focus, light-hearted"
1568,img/01568.png,1.0,do you think a terrorist has or could infiltrate our goverment ???,train,1601,522,231,['religion'],['dehumanizing'],"['race', 'religion', 'sex']",['dehumanizing'],0.0,0.0,0.0,0.0,1.0,0.0,0.0,0.0,1.0,0.0,0.0,0.0,0.0,0.0,0.0,0.0,0.0,1.0,1.0,1.0,0.0,0.0,1.0,0.0,0.0,0.0,0.0,0.0,"A woman wearing a headscarf is positioned in front of a large government building with a dome, resembling the capitol.","woman, headscarf, government building, dome, capitol, politics, architecture"
6725,img/06725.png,0.0,"open's inbox ""let me suck your dick"" opens profile: it's your crazy ex gf",train,1609,5286,5217,['pc_empty'],['attack_empty'],['pc_empty'],['attack_empty'],0.0,0.0,1.0,0.0,0.0,0.0,1.0,0.0,0.0,0.0,0.0,0.0,0.0,0.0,0.0,0.0,1.0,0.0,0.0,0.0,1.0,0.0,0.0,0.0,0.0,0.0,0.0,0.0,"A man dressed in a formal suit is seated at a desk, using a laptop in what appears to be an office setting.","man, suit, desk, laptop, office, seated, formal attire"
4719,img/04719.png,0.0,how you see it how the turkey sees it,train,1628,5534,5489,['pc_empty'],['attack_empty'],['pc_empty'],['attack_empty'],0.0,0.0,1.0,0.0,0.0,0.0,1.0,0.0,0.0,0.0,0.0,0.0,0.0,0.0,0.0,0.0,1.0,0.0,0.0,0.0,1.0,0.0,0.0,0.0,0.0,0.0,0.0,0.0,"The image consists of two separate pictures, each showing a man and a woman eating food, likely turkey, from two different perspectives.","man, woman, eating, food, turkey, two pictures, perspectives"
5421,img/05421.png,0.0,there was a 4 car pile-up in mexico today 93 people died,train,1629,533,1900,['pc_empty'],['attack_empty'],['pc_empty'],['attack_empty'],0.0,0.0,1.0,0.0,0.0,0.0,1.0,0.0,0.0,0.0,0.0,0.0,0.0,0.0,0.0,0.0,1.0,0.0,0.0,0.0,1.0,0.0,0.0,0.0,0.0,0.0,0.0,0.0,"A truck is parked by the roadside in a mountainous area, with rugged terrain and natural scenery visible in the background.","truck, mountain, parked, roadside, terrain, scenery, nature"
2548,img/02548.png,0.0,oi are you looking at me?,train,1637,3551,3443,['pc_empty'],['attack_empty'],['pc_empty'],['attack_empty'],0.0,0.0,1.0,0.0,0.0,0.0,1.0,0.0,0.0,0.0,0.0,0.0,0.0,0.0,0.0,0.0,1.0,0.0,0.0,0.0,1.0,0.0,0.0,0.0,0.0,0.0,0.0,0.0,"A small bird is sitting on a tree branch, facing toward the camera.","bird, tree branch, small, perched, facing camera"
6945,img/06945.png,0.0,"""culebra u.s. territory"" u.s.miltary bomb explosions march 2019",train,1641,5730,5669,['pc_empty'],['attack_empty'],['pc_empty'],['attack_empty'],0.0,0.0,1.0,0.0,0.0,0.0,1.0,0.0,0.0,0.0,0.0,0.0,0.0,0.0,0.0,0.0,1.0,0.0,0.0,0.0,1.0,0.0,0.0,0.0,0.0,0.0,0.0,0.0,"A large explosion occurs in the center of a body of water, with water being forcefully displaced and a significant burst rising above the surface.","explosion, water, body of water, blast, force, displacement, burst, surface"
6847,img/06847.png,0.0,matte black gloss black,train,1661,543,5507,['pc_empty'],['attack_empty'],['pc_empty'],['attack_empty'],0.0,0.0,1.0,0.0,0.0,0.0,1.0,0.0,0.0,0.0,0.0,0.0,0.0,0.0,0.0,0.0,1.0,0.0,0.0,0.0,1.0,0.0,0.0,0.0,0.0,0.0,0.0,0.0,"The image shows an abstract black and white background with prominent areas of matte and glossy black textures, creating a contrast between the dull and shiny surfaces.","abstract, black and white, matte, glossy, texture, contrast, background"
1293,img/01293.png,0.0,when you forget to wash your hands,train,1662,5126,444,['pc_empty'],['attack_empty'],['pc_empty'],['attack_empty'],0.0,0.0,1.0,0.0,0.0,0.0,1.0,0.0,0.0,0.0,0.0,0.0,0.0,0.0,0.0,0.0,1.0,0.0,0.0,0.0,1.0,0.0,0.0,0.0,0.0,0.0,0.0,0.0,"A person’s hand is shown with a thick layer of melted chocolate covering the skin, appearing messy and sticky.","hand, melted chocolate, messy, sticky, skin, person"
3124,img/03124.png,0.0,muhammed fixing his calculator,train,1680,1937,1837,['religion'],['dehumanizing'],"['religion', 'race']",['dehumanizing'],0.0,0.0,0.0,0.0,1.0,0.0,0.0,0.0,1.0,0.0,0.0,0.0,0.0,0.0,0.0,0.0,0.0,1.0,1.0,0.0,0.0,0.0,1.0,0.0,0.0,0.0,0.0,0.0,"A man is seated at a table, focusing on repairing a calculator, with a mobile phone placed nearby.","man, table, calculator, repair, seated, mobile phone, focus"
6985,img/06985.png,0.0,"their average iq is about 70-80, few points above being retarded",train,1681,551,97,['pc_empty'],['attack_empty'],['pc_empty'],['attack_empty'],0.0,0.0,1.0,0.0,0.0,0.0,1.0,0.0,0.0,0.0,0.0,0.0,0.0,0.0,0.0,0.0,1.0,0.0,0.0,0.0,1.0,0.0,0.0,0.0,0.0,0.0,0.0,0.0,"A bird is captured mid-flight above a wire fence in an open outdoor setting, with clear sky in the background.","bird, flying, fence, outdoor, sky"
7436,img/07436.png,0.0,"if the government says, ""you don't need a gun"" you need a gun!",train,1717,2106,1996,['pc_empty'],['attack_empty'],['pc_empty'],['attack_empty'],0.0,0.0,1.0,0.0,0.0,0.0,1.0,0.0,0.0,0.0,0.0,0.0,0.0,0.0,0.0,0.0,1.0,0.0,0.0,0.0,1.0,0.0,0.0,0.0,0.0,0.0,0.0,0.0,A black and white photo shows a person riding a horse.,"black and white, photo, person, horse, riding, equestrian, outdoors"
7463,img/07463.png,0.0,meanwhile at the isis strip club,train,117,39,41,['pc_empty'],['attack_empty'],['pc_empty'],['attack_empty'],0.0,0.0,1.0,0.0,0.0,0.0,1.0,0.0,0.0,0.0,0.0,0.0,0.0,0.0,0.0,0.0,1.0,0.0,0.0,0.0,1.0,0.0,0.0,0.0,0.0,0.0,0.0,0.0,Several men are gathered together in front of a sheep.,"men, group, sheep, gathered, front"
2935,img/02935.png,0.0,copsuckers be like the whole boot daddy,train,1851,4026,3940,['pc_empty'],['attack_empty'],['pc_empty'],['attack_empty'],0.0,0.0,1.0,0.0,0.0,0.0,1.0,0.0,0.0,0.0,0.0,0.0,0.0,0.0,0.0,0.0,1.0,0.0,0.0,0.0,1.0,0.0,0.0,0.0,0.0,0.0,0.0,0.0,"A man with a surprised expression on his face, looking directly at the camera.","man, surprised, expression, face, camera, direct, portrait"
5214,img/05214.png,1.0,pull up your pants and back away from the goat!!,train,731,242,584,['pc_empty'],['attack_empty'],['pc_empty'],['attack_empty'],0.0,0.0,1.0,0.0,0.0,0.0,1.0,0.0,0.0,0.0,0.0,0.0,0.0,0.0,0.0,0.0,1.0,0.0,0.0,0.0,1.0,0.0,0.0,0.0,0.0,0.0,0.0,0.0,Two individuals wearing camouflage clothing are present in an outdoor wooded setting.,"two people, camouflage, clothing, wooded area, outdoors, individuals, forest, nature"
1576,img/01576.png,0.0,when your ex ask you for help,train,1856,5141,587,['pc_empty'],['attack_empty'],['pc_empty'],['attack_empty'],0.0,0.0,1.0,0.0,0.0,0.0,1.0,0.0,0.0,0.0,0.0,0.0,0.0,0.0,0.0,0.0,1.0,0.0,0.0,0.0,1.0,0.0,0.0,0.0,0.0,0.0,0.0,0.0,The image shows two separate scenes featuring a man in the process of jumping off a cliff.,"man, jumping, cliff, two pictures, outdoor, scene"
2467,img/02467.png,0.0,how much did the holo cost,train,1863,600,5841,['pc_empty'],['attack_empty'],['pc_empty'],['attack_empty'],0.0,0.0,1.0,0.0,0.0,0.0,1.0,0.0,0.0,0.0,0.0,0.0,0.0,0.0,0.0,0.0,1.0,0.0,0.0,0.0,1.0,0.0,0.0,0.0,0.0,0.0,0.0,0.0,"A man is on a stage facing an audience, likely presenting or discussing a topic related to the cost of a hologram.","man, stage, audience, presentation, hologram, cost, discussion"
5781,img/05781.png,0.0,hitler comedy called mein fuhrer,train,1875,6656,596,['pc_empty'],['attack_empty'],['pc_empty'],['attack_empty'],0.0,0.0,1.0,0.0,0.0,0.0,1.0,0.0,0.0,0.0,0.0,0.0,0.0,0.0,0.0,0.0,1.0,0.0,0.0,0.0,1.0,0.0,0.0,0.0,0.0,0.0,0.0,0.0,"A black and white photograph featuring a man, possibly Adolf Hitler, raising his hands in the air with a serious facial expression.","black and white, man, raised hands, Adolf Hitler, photograph, serious expression"
5468,img/05468.png,0.0,when you lose your jewelry,train,1890,2990,558,['pc_empty'],['attack_empty'],['pc_empty'],['attack_empty'],0.0,0.0,1.0,0.0,0.0,0.0,1.0,0.0,0.0,0.0,0.0,0.0,0.0,0.0,0.0,0.0,1.0,0.0,0.0,0.0,1.0,0.0,0.0,0.0,0.0,0.0,0.0,0.0,"Several children are in the ocean water, actively searching or looking for something, possibly in the sand or shallow area.","children, ocean, water, searching, beach, group"
7618,img/07618.png,0.0,protesting death to the middle east,train,1895,2079,603,['pc_empty'],['attack_empty'],['pc_empty'],['attack_empty'],0.0,0.0,1.0,0.0,0.0,0.0,1.0,0.0,0.0,0.0,0.0,0.0,0.0,0.0,0.0,0.0,1.0,0.0,0.0,0.0,1.0,0.0,0.0,0.0,0.0,0.0,0.0,0.0,"Three men are present, with one bearded man in the foreground and two men in the background, appearing to participate in a protest.","bearded man, three men, protest, foreground, background, participants"
3681,img/03681.png,0.0,when you're muslim but you have oil,train,1926,620,4246,['pc_empty'],['attack_empty'],['pc_empty'],['attack_empty'],0.0,0.0,1.0,0.0,0.0,0.0,1.0,0.0,0.0,0.0,0.0,0.0,0.0,0.0,0.0,0.0,1.0,0.0,0.0,0.0,1.0,0.0,0.0,0.0,0.0,0.0,0.0,0.0,"Several men are seated close together, wearing traditional clothing, suggesting a formal or cultural gathering.","men, sitting, traditional clothing, group, gathering, culture"
7465,img/07465.png,0.0,"until you give the white man back his god, everything i post is going to offend you",train,1938,4378,4309,['race'],['contempt'],"['race', 'religion', 'sex']",['contempt'],0.0,0.0,0.0,1.0,0.0,0.0,0.0,1.0,0.0,0.0,0.0,0.0,0.0,0.0,0.0,0.0,0.0,1.0,1.0,1.0,0.0,1.0,0.0,0.0,0.0,0.0,0.0,0.0,A man wearing a black polo shirt and black pants is present in the image.,"man, black polo shirt, black pants, male, clothing"
5716,img/05716.png,0.0,give me a dog treat human,train,1959,4371,613,['pc_empty'],['attack_empty'],['pc_empty'],['attack_empty'],0.0,0.0,1.0,0.0,0.0,0.0,1.0,0.0,0.0,0.0,0.0,0.0,0.0,0.0,0.0,0.0,1.0,0.0,0.0,0.0,1.0,0.0,0.0,0.0,0.0,0.0,0.0,0.0,The image consists of two separate pictures showing a dog and a man wearing a black jacket.,"dog, man, black jacket, two pictures, compilation, human, canine, portrait"
4187,img/04187.png,0.0,this is how muslims celebrate new year,train,1961,631,4368,['pc_empty'],['attack_empty'],['pc_empty'],['attack_empty'],0.0,0.0,1.0,0.0,0.0,0.0,1.0,0.0,0.0,0.0,0.0,0.0,0.0,0.0,0.0,0.0,1.0,0.0,0.0,0.0,1.0,0.0,0.0,0.0,0.0,0.0,0.0,0.0,"Several individuals are dancing together on a wooden floor, possibly as part of a group activity or celebration.","group, people, dancing, wooden floor, celebration, activity"
7469,img/07469.png,0.0,where is the criminal?,train,1973,6066,617,['pc_empty'],['attack_empty'],['pc_empty'],['attack_empty'],0.0,0.0,1.0,0.0,0.0,0.0,1.0,0.0,0.0,0.0,0.0,0.0,0.0,0.0,0.0,0.0,1.0,0.0,0.0,0.0,1.0,0.0,0.0,0.0,0.0,0.0,0.0,0.0,"A police officer is aiming a handgun directly toward the viewer, with a focused expression, indicating a situation involving law enforcement intervention.","police officer, handgun, aiming, law enforcement, firearm, focused expression"
6541,img/06541.png,1.0,"hey i just met you and this is crazy, but here's my number i'll gas your baby",train,2008,643,629,['religion'],['mocking'],['religion'],"['mocking', 'inciting_violence']",0.0,0.0,0.0,0.0,1.0,0.0,0.0,0.0,0.0,0.0,0.0,0.0,1.0,0.0,0.0,0.0,0.0,0.0,1.0,0.0,0.0,0.0,0.0,0.0,1.0,0.0,1.0,0.0,"A black and white photograph features a man wearing a formal suit, captured against a plain background.","black and white, photograph, man, suit, formal, plain background"
4863,img/04863.png,0.0,a little hood. a little hippie.,train,2010,2856,2743,['pc_empty'],['attack_empty'],['pc_empty'],['attack_empty'],0.0,0.0,1.0,0.0,0.0,0.0,1.0,0.0,0.0,0.0,0.0,0.0,0.0,0.0,0.0,0.0,1.0,0.0,0.0,0.0,1.0,0.0,0.0,0.0,0.0,0.0,0.0,0.0,"A woman is wearing a furry coat and holding a cigarette, with a small hood on her coat and a slightly bohemian style.","woman, furry coat, cigarette, hood, bohemian, hippie, fashion, outerwear"
2413,img/02413.png,0.0,"women ask for equal rights, and this is why",train,2025,3965,637,['pc_empty'],['attack_empty'],['pc_empty'],['attack_empty'],0.0,0.0,1.0,0.0,0.0,0.0,1.0,0.0,0.0,0.0,0.0,0.0,0.0,0.0,0.0,0.0,1.0,0.0,0.0,0.0,1.0,0.0,0.0,0.0,0.0,0.0,0.0,0.0,"The image shows a close-up of a woman's face displaying visible bruises, with a serious expression.","woman, face, bruises, close-up, serious expression, injury, female, violence"
7254,img/07254.png,1.0,"muslims believe that if they get killed by a woman, they go straight to hell well ladies, it's time to lock and load",train,2043,6999,6885,['religion'],['inciting_violence'],['religion'],"['contempt', 'inciting_violence']",0.0,0.0,0.0,0.0,1.0,0.0,0.0,0.0,0.0,0.0,1.0,0.0,0.0,0.0,0.0,0.0,0.0,0.0,1.0,0.0,0.0,1.0,0.0,0.0,1.0,0.0,0.0,0.0,A woman dressed in a police uniform is aiming a handgun directly at the viewer from a close perspective.,"woman, police uniform, handgun, aiming, close-up, police, weapon"
4287,img/04287.png,1.0,"that's it, back to the kitchen! where's my sammich? women's day is over!",train,2050,3041,641,['sex'],['exclusion'],['sex'],"['dehumanizing', 'inciting_violence', 'exclusion']",0.0,0.0,0.0,0.0,0.0,1.0,0.0,0.0,0.0,1.0,0.0,0.0,0.0,0.0,0.0,0.0,0.0,0.0,0.0,1.0,0.0,0.0,1.0,1.0,1.0,0.0,0.0,0.0,"A woman is sitting on the ground, holding a cell phone to her ear, appearing engaged in a conversation.","woman, sitting, ground, cell phone, conversation, engaged"
3871,img/03871.png,1.0,justin trudeau the imam of canada,train,306,105,644,['pc_empty'],['attack_empty'],['pc_empty'],['attack_empty'],0.0,0.0,1.0,0.0,0.0,0.0,1.0,0.0,0.0,0.0,0.0,0.0,0.0,0.0,0.0,0.0,1.0,0.0,0.0,0.0,1.0,0.0,0.0,0.0,0.0,0.0,0.0,0.0,"A man wearing a suit and tie is sitting on the floor, appearing formal and composed.","man, suit, tie, sitting, floor, formal, composed"
1327,img/01327.png,0.0,"i'm not sick, i'm twisted sick makes it sound like there's a cure",train,2074,6198,648,['pc_empty'],['attack_empty'],['pc_empty'],['attack_empty'],0.0,0.0,1.0,0.0,0.0,0.0,1.0,0.0,0.0,0.0,0.0,0.0,0.0,0.0,0.0,0.0,1.0,0.0,0.0,0.0,1.0,0.0,0.0,0.0,0.0,0.0,0.0,0.0,"A television screen displays an image of the Joker's face, characterized by striking makeup and a sinister smile, set against a dark background.","television, screen, Joker, face, makeup, sinister smile, dark background"
1875,img/01875.png,0.0,does anyone know if he had a donor card? i need parts for my go-cart,train,2083,660,7041,['pc_empty'],['attack_empty'],['pc_empty'],['attack_empty'],0.0,0.0,1.0,0.0,0.0,0.0,1.0,0.0,0.0,0.0,0.0,0.0,0.0,0.0,0.0,0.0,1.0,0.0,0.0,0.0,1.0,0.0,0.0,0.0,0.0,0.0,0.0,0.0,"Three people are walking together on a sidewalk in an urban setting, each carrying shopping bags in their hands.","three people, sidewalk, urban, shopping bags, walking, group, outdoors"
6194,img/06194.png,1.0,burning things that don't mean anything to you,train,498,172,172,['pc_empty'],['attack_empty'],['pc_empty'],['attack_empty'],0.0,0.0,1.0,0.0,0.0,0.0,1.0,0.0,0.0,0.0,0.0,0.0,0.0,0.0,0.0,0.0,1.0,0.0,0.0,0.0,1.0,0.0,0.0,0.0,0.0,0.0,0.0,0.0,"A stack of books is burning on top of a table, with visible flames and smoke rising from the books.","books, fire, stack, table, burning, smoke, flames"
7839,img/07839.png,0.0,dont fuck with me... my husband is married to vladimir putin,train,2104,6130,6060,['pc_empty'],['attack_empty'],['pc_empty'],['attack_empty'],0.0,0.0,1.0,0.0,0.0,0.0,1.0,0.0,0.0,0.0,0.0,0.0,0.0,0.0,0.0,0.0,1.0,0.0,0.0,0.0,1.0,0.0,0.0,0.0,0.0,0.0,0.0,0.0,"A woman is speaking in front of a microphone, appearing composed and serious.","woman, microphone, speaking, composed, serious, speech, public, address"
2983,img/02983.png,0.0,large big mac no onions,train,2111,2597,276,['pc_empty'],['attack_empty'],['pc_empty'],['attack_empty'],0.0,0.0,1.0,0.0,0.0,0.0,1.0,0.0,0.0,0.0,0.0,0.0,0.0,0.0,0.0,0.0,1.0,0.0,0.0,0.0,1.0,0.0,0.0,0.0,0.0,0.0,0.0,0.0,"A man in a blue shirt is facing the camera, with a large Big Mac burger in front of him that appears to have no onions.","man, blue shirt, camera, Big Mac, burger, no onions, food, large"
6325,img/06325.png,0.0,trump donated his salary to alcoholism research i see it as a personal attack,train,2134,7379,7247,['pc_empty'],['attack_empty'],['pc_empty'],['attack_empty'],0.0,0.0,1.0,0.0,0.0,0.0,1.0,0.0,0.0,0.0,0.0,0.0,0.0,0.0,0.0,0.0,1.0,0.0,0.0,0.0,1.0,0.0,0.0,0.0,0.0,0.0,0.0,0.0,"The image features a person, likely a prominent political figure, standing in a formal setting and wearing professional attire, with visual cues suggesting their association with the House of Representatives.","politician, House of Representatives, formal attire, political figure, portrait, Nancy Bach, government, speaker, leadership"
7523,img/07523.png,1.0,man caught having sex with a feminist at the beach,train,2140,673,672,['pc_empty'],['attack_empty'],['pc_empty'],['attack_empty'],0.0,0.0,1.0,0.0,0.0,0.0,1.0,0.0,0.0,0.0,0.0,0.0,0.0,0.0,0.0,0.0,1.0,0.0,0.0,0.0,1.0,0.0,0.0,0.0,0.0,0.0,0.0,0.0,"A man is sitting on top of an inflatable object in the ocean, with visible water surrounding him, and the beach is nearby.","man, inflatable, ocean, water, beach"
1578,img/01578.png,1.0,sea monkeys,train,1103,367,673,['race'],['dehumanizing'],['race'],['dehumanizing'],0.0,0.0,0.0,1.0,0.0,0.0,0.0,0.0,1.0,0.0,0.0,0.0,0.0,0.0,0.0,0.0,0.0,1.0,0.0,0.0,0.0,0.0,1.0,0.0,0.0,0.0,0.0,0.0,Several people are gathered and engaging in recreational activities in a body of water.,"people, group, water, recreation, outdoors, activity"
5189,img/05189.png,0.0,siri take me home starting route to jail,train,2157,679,4112,['pc_empty'],['attack_empty'],['pc_empty'],['attack_empty'],0.0,0.0,1.0,0.0,0.0,0.0,1.0,0.0,0.0,0.0,0.0,0.0,0.0,0.0,0.0,0.0,1.0,0.0,0.0,0.0,1.0,0.0,0.0,0.0,0.0,0.0,0.0,0.0,"A man is sitting in the driver's seat of a car, holding the steering wheel, while the interior of the vehicle is clearly visible.","man, car, driver's seat, steering wheel, vehicle interior"
3795,img/03795.png,1.0,even i can see you're a cunt,train,2159,680,677,['pc_empty'],['attack_empty'],['pc_empty'],['attack_empty'],0.0,0.0,1.0,0.0,0.0,0.0,1.0,0.0,0.0,0.0,0.0,0.0,0.0,0.0,0.0,0.0,1.0,0.0,0.0,0.0,1.0,0.0,0.0,0.0,0.0,0.0,0.0,0.0,"A central photo features a person resembling Donald, presented with a neutral background.","Donald, photo, central, person, image, neutral background"
4783,img/04783.png,0.0,"where you can get with that bull shit what is ""fuck outta here correct",train,2186,5854,5790,['pc_empty'],['attack_empty'],['pc_empty'],['attack_empty'],0.0,0.0,1.0,0.0,0.0,0.0,1.0,0.0,0.0,0.0,0.0,0.0,0.0,0.0,0.0,0.0,1.0,0.0,0.0,0.0,1.0,0.0,0.0,0.0,0.0,0.0,0.0,0.0,"A man wearing a suit and tie is sitting on top of a television set, with a neutral facial expression.","man, suit, tie, television set, sitting, neutral expression"
3854,img/03854.png,1.0,did a lot of medical research didn't hurt any animals,train,2197,692,4,['religion'],['mocking'],"['race', 'religion']","['mocking', 'dehumanizing']",0.0,0.0,0.0,0.0,1.0,0.0,0.0,0.0,0.0,0.0,0.0,0.0,1.0,0.0,0.0,0.0,0.0,1.0,1.0,0.0,0.0,0.0,1.0,0.0,0.0,0.0,1.0,0.0,"A black and white photo showing a man with a mustache looking directly at the camera, dressed in formal attire.","black and white, man, mustache, portrait, formal attire"
5471,img/05471.png,1.0,do you still suck dick? faggot,train,2204,3981,3895,['sex'],['slurs'],['sex'],"['slurs', 'contempt']",0.0,0.0,0.0,0.0,0.0,1.0,0.0,0.0,0.0,0.0,0.0,0.0,0.0,1.0,0.0,0.0,0.0,0.0,0.0,1.0,0.0,1.0,0.0,0.0,0.0,0.0,0.0,1.0,"A black and white photo showing a man wearing a uniform, with no visible expression or background details.","black and white, man, uniform, old photo, portrait"
7824,img/07824.png,0.0,it's hump day!!! oh fuck!!!,train,2215,698,3655,['pc_empty'],['attack_empty'],['pc_empty'],['attack_empty'],0.0,0.0,1.0,0.0,0.0,0.0,1.0,0.0,0.0,0.0,0.0,0.0,0.0,0.0,0.0,0.0,1.0,0.0,0.0,0.0,1.0,0.0,0.0,0.0,0.0,0.0,0.0,0.0,"A woman is sitting on a camel in a sandy desert environment, with clear skies above.","woman, camel, desert, sand, sky"
4281,img/04281.png,0.0,patty cake patty cake butthole hand i got tourettes syndrome chicken fucked ham,train,2242,2350,2239,['pc_empty'],['attack_empty'],['pc_empty'],['attack_empty'],0.0,0.0,1.0,0.0,0.0,0.0,1.0,0.0,0.0,0.0,0.0,0.0,0.0,0.0,0.0,0.0,1.0,0.0,0.0,0.0,1.0,0.0,0.0,0.0,0.0,0.0,0.0,0.0,"A man is depicted carrying a large, blue, globe-like object on his back.","man, blue, globe, carrying, back, large object, earth"
7651,img/07651.png,1.0,how you gotta treat girls with smart mouths,train,2280,724,5944,['sex'],['inciting_violence'],['sex'],['inciting_violence'],0.0,0.0,0.0,0.0,0.0,1.0,0.0,0.0,0.0,0.0,1.0,0.0,0.0,0.0,0.0,0.0,0.0,0.0,0.0,1.0,0.0,0.0,0.0,0.0,1.0,0.0,0.0,0.0,"A black and white photo shows a man and a woman together on a table, with both individuals in close proximity, creating an intense and possibly confrontational atmosphere.","black and white, man, woman, table, close proximity, intense, confrontational, photo"
3178,img/03178.png,1.0,"""we fly planes into their buildings now they kiss our asses!"" """,train,2284,2230,2125,['religion'],['dehumanizing'],"['race', 'religion']","['dehumanizing', 'inciting_violence', 'contempt']",0.0,0.0,0.0,0.0,1.0,0.0,0.0,0.0,1.0,0.0,0.0,0.0,0.0,0.0,0.0,0.0,0.0,1.0,1.0,0.0,0.0,1.0,1.0,0.0,1.0,0.0,0.0,0.0,A woman wearing a black jacket over a green shirt is present in the image.,"woman, black jacket, green shirt, person, clothing"
2965,img/02965.png,1.0,i once dumped a cross eyed chick thought she was seeing someone else,train,2324,741,248,"['sex', 'disability']",['inferiority'],"['disability', 'sex']",['inferiority'],1.0,0.0,0.0,0.0,0.0,1.0,0.0,0.0,0.0,0.0,0.0,1.0,0.0,0.0,1.0,0.0,0.0,0.0,0.0,1.0,0.0,0.0,0.0,0.0,0.0,1.0,0.0,0.0,A woman with red hair and crossed eyes is looking forward.,"woman, red hair, crossed eyes, portrait, female, face"
5297,img/05297.png,1.0,the first thing i did when i got home from the battered womens shelter? the dishes... 'cause i know what's good for me..,train,2359,7167,45,['sex'],"['inciting_violence', 'dehumanizing']",['sex'],"['dehumanizing', 'inciting_violence']",0.0,0.0,0.0,0.0,0.0,1.0,0.0,0.0,1.0,0.0,1.0,0.0,0.0,0.0,0.0,0.0,0.0,0.0,0.0,1.0,0.0,0.0,1.0,0.0,1.0,0.0,0.0,0.0,"A woman with an eye patch on her face is present, suggesting she may have suffered an injury.","woman, eye patch, face, injury, female, portrait"
6374,img/06374.png,1.0,islamic windchimes,train,2376,7378,7245,['religion'],['inciting_violence'],['religion'],"['dehumanizing', 'inciting_violence']",0.0,0.0,0.0,0.0,1.0,0.0,0.0,0.0,0.0,0.0,1.0,0.0,0.0,0.0,0.0,0.0,0.0,0.0,1.0,0.0,0.0,0.0,1.0,0.0,1.0,0.0,0.0,0.0,"A black and white photo showing a group of people captured mid-jump, creating a dynamic composition.","black and white, group, people, jumping, photo, dynamic, mid-air"
6934,img/06934.png,0.0,hitler nonchalantly killing millions of jews with no remorse,train,2386,2795,674,['religion'],"['inciting_violence', 'mocking']",['religion'],"['mocking', 'inciting_violence']",0.0,0.0,0.0,0.0,1.0,0.0,0.0,0.0,0.0,0.0,1.0,0.0,1.0,0.0,0.0,0.0,0.0,0.0,1.0,0.0,0.0,0.0,0.0,0.0,1.0,0.0,1.0,0.0,"A black and white photograph shows a man sitting on a blanket, appearing composed and unconcerned.","black and white, man, sitting, blanket, photograph, composed, unconcerned"
4859,img/04859.png,1.0,arnold schwarzenigger i'll be black,train,2387,2116,735,['race'],['slurs'],['race'],['slurs'],0.0,0.0,0.0,1.0,0.0,0.0,0.0,0.0,0.0,0.0,0.0,0.0,0.0,1.0,0.0,0.0,0.0,1.0,0.0,0.0,0.0,0.0,0.0,0.0,0.0,0.0,0.0,1.0,A bearded man wearing a green shirt is present in the image.,"man, beard, green shirt, person, male"
6579,img/06579.png,0.0,don't know how to deal with black people but i guess i'll take a shot at it,train,556,188,6546,['pc_empty'],['attack_empty'],['pc_empty'],['attack_empty'],0.0,0.0,1.0,0.0,0.0,0.0,1.0,0.0,0.0,0.0,0.0,0.0,0.0,0.0,0.0,0.0,1.0,0.0,0.0,0.0,1.0,0.0,0.0,0.0,0.0,0.0,0.0,0.0,"A young child is positioned at the foreground while several adults are gathered behind them, all facing toward the camera.","child, people, group, foreground, adults, gathered, camera"
1598,img/01598.png,1.0,men are like dogs we're excited to see you... and have no clue what you're mad about,train,2403,283,3400,['pc_empty'],['attack_empty'],['pc_empty'],['attack_empty'],0.0,0.0,1.0,0.0,0.0,0.0,1.0,0.0,0.0,0.0,0.0,0.0,0.0,0.0,0.0,0.0,1.0,0.0,0.0,0.0,1.0,0.0,0.0,0.0,0.0,0.0,0.0,0.0,A dog is sitting on a black leather chair that is covered with pieces of paper scattered around.,"dog, black leather chair, paper, sitting, indoor, scattered, furniture"
6539,img/06539.png,0.0,excuse me! anyone can wear a dress!,train,2409,2911,738,['pc_empty'],['attack_empty'],['pc_empty'],['attack_empty'],0.0,0.0,1.0,0.0,0.0,0.0,1.0,0.0,0.0,0.0,0.0,0.0,0.0,0.0,0.0,0.0,1.0,0.0,0.0,0.0,1.0,0.0,0.0,0.0,0.0,0.0,0.0,0.0,A person is wearing a red dress with a floral pattern.,"red dress, floral pattern, person, clothing, flowers"
6543,img/06543.png,1.0,"you are finally here, brother-slayer. spawn killer. all that strength and you're still nothing but a nigger",train,2429,5077,5017,['race'],['slurs'],['race'],"['dehumanizing', 'inciting_violence', 'slurs']",0.0,0.0,0.0,1.0,0.0,0.0,0.0,0.0,0.0,0.0,0.0,0.0,0.0,1.0,0.0,0.0,0.0,1.0,0.0,0.0,0.0,0.0,1.0,0.0,1.0,0.0,0.0,1.0,"The image depicts a person dressed in a suit, apparently performing a trick.","person, suit, trick, performance, clothing, individual"
2459,img/02459.png,1.0,"my dishwasher is acting strange, can anybody help?",train,2434,764,3640,['pc_empty'],['attack_empty'],['pc_empty'],['attack_empty'],0.0,0.0,1.0,0.0,0.0,0.0,1.0,0.0,0.0,0.0,0.0,0.0,0.0,0.0,0.0,0.0,1.0,0.0,0.0,0.0,1.0,0.0,0.0,0.0,0.0,0.0,0.0,0.0,"A woman is washing her hands at a kitchen sink, with a dishwasher visible nearby.","woman, kitchen, sink, washing hands, dishwasher, appliance, interior"
3984,img/03984.png,0.0,when your brother sucks at driving,train,2435,5019,745,['pc_empty'],['attack_empty'],['pc_empty'],['attack_empty'],0.0,0.0,1.0,0.0,0.0,0.0,1.0,0.0,0.0,0.0,0.0,0.0,0.0,0.0,0.0,0.0,1.0,0.0,0.0,0.0,1.0,0.0,0.0,0.0,0.0,0.0,0.0,0.0,A man is in an open field while holding a rifle.,"man, field, rifle, outdoors, holding, open space"
6213,img/06213.png,1.0,the us navy keeping tranny hookers laid since 1775,train,2448,769,4078,['sex'],"['inferiority', 'slurs']","['nationality', 'sex']","['inferiority', 'slurs']",0.0,0.0,0.0,0.0,0.0,1.0,0.0,0.0,0.0,0.0,0.0,1.0,0.0,1.0,0.0,1.0,0.0,0.0,0.0,1.0,0.0,0.0,0.0,0.0,0.0,1.0,0.0,1.0,"A group of people are walking on a street, some of them are visibly carrying flags.","people, group, street, flags, walking, crowd"
2194,img/02194.png,0.0,when you're a good farmer who raises healthy animals,train,2449,2703,748,['pc_empty'],['attack_empty'],['pc_empty'],['attack_empty'],0.0,0.0,1.0,0.0,0.0,0.0,1.0,0.0,0.0,0.0,0.0,0.0,0.0,0.0,0.0,0.0,1.0,0.0,0.0,0.0,1.0,0.0,0.0,0.0,0.0,0.0,0.0,0.0,"A man is walking along a street while carefully holding a small, healthy baby goat in his arms.","man, street, baby goat, walking, holding, healthy animal"
7391,img/07391.png,0.0,"i'm not racist, but... racist memes are allowed, right?",train,2460,771,4150,['pc_empty'],['attack_empty'],['pc_empty'],['attack_empty'],0.0,0.0,1.0,0.0,0.0,0.0,1.0,0.0,0.0,0.0,0.0,0.0,0.0,0.0,0.0,0.0,1.0,0.0,0.0,0.0,1.0,0.0,0.0,0.0,0.0,0.0,0.0,0.0,A person is present in a crowd and is holding a visible sign.,"person, crowd, sign, holding, visible, public, gathering"
7853,img/07853.png,1.0,"9/11 gets a mourning day while gay get a ""pride"" month because homosexuality is a bigger tragedy",train,2477,778,6952,['sex'],['inferiority'],['sex'],['inferiority'],0.0,0.0,0.0,0.0,0.0,1.0,0.0,0.0,0.0,0.0,0.0,1.0,0.0,0.0,0.0,0.0,0.0,0.0,0.0,1.0,0.0,0.0,0.0,0.0,0.0,1.0,0.0,0.0,"A dog is on a rock with a rainbow seen in the sky behind, creating a vivid and colorful scene.","dog, rock, rainbow, sky, outdoors, colorful, vivid"
2956,img/02956.png,0.0,how i sleep knowing i'm going to hell in every religion,train,2481,5343,5273,['pc_empty'],['attack_empty'],['pc_empty'],['attack_empty'],0.0,0.0,1.0,0.0,0.0,0.0,1.0,0.0,0.0,0.0,0.0,0.0,0.0,0.0,0.0,0.0,1.0,0.0,0.0,0.0,1.0,0.0,0.0,0.0,0.0,0.0,0.0,0.0,"A baby is lying on a bed next to a large white pillow, appearing calm and relaxed.","baby, bed, pillow, lying, calm, relaxed, white, indoors"
5973,img/05973.png,0.0,how black people became christians,train,2110,667,2210,['pc_empty'],['attack_empty'],['pc_empty'],['attack_empty'],0.0,0.0,1.0,0.0,0.0,0.0,1.0,0.0,0.0,0.0,0.0,0.0,0.0,0.0,0.0,0.0,1.0,0.0,0.0,0.0,1.0,0.0,0.0,0.0,0.0,0.0,0.0,0.0,"A Black man and a Black woman are sitting together at a table, engaged in conversation.","Black man, Black woman, table, conversation, sitting, together"
6291,img/06291.png,0.0,when you throw yourself in a casket bc you're over it,train,2500,2208,660,['pc_empty'],['attack_empty'],['pc_empty'],['attack_empty'],0.0,0.0,1.0,0.0,0.0,0.0,1.0,0.0,0.0,0.0,0.0,0.0,0.0,0.0,0.0,0.0,1.0,0.0,0.0,0.0,1.0,0.0,0.0,0.0,0.0,0.0,0.0,0.0,"A woman is lying in a bed with her eyes closed, appearing still and peaceful as if resting or sleeping.","woman, bed, lying, eyes closed, resting, peaceful, sleeping"
2571,img/02571.png,0.0,former first lady during an interview,train,991,323,419,['pc_empty'],['attack_empty'],['pc_empty'],['attack_empty'],0.0,0.0,1.0,0.0,0.0,0.0,1.0,0.0,0.0,0.0,0.0,0.0,0.0,0.0,0.0,0.0,1.0,0.0,0.0,0.0,1.0,0.0,0.0,0.0,0.0,0.0,0.0,0.0,"A woman dressed in black and a man in a suit are together, possibly participating in a formal or professional event.","woman, black dress, man, suit, formal, interview, professional, together"
2761,img/02761.png,0.0,i'm sorry i didn't mean to hurt your feelings,train,2508,2710,2612,['pc_empty'],['attack_empty'],['pc_empty'],['attack_empty'],0.0,0.0,1.0,0.0,0.0,0.0,1.0,0.0,0.0,0.0,0.0,0.0,0.0,0.0,0.0,0.0,1.0,0.0,0.0,0.0,1.0,0.0,0.0,0.0,0.0,0.0,0.0,0.0,"A man with his mouth open is looking upward, showing an expressive facial reaction.","man, mouth open, looking up, facial expression, emotion"
4639,img/04639.png,1.0,"the female body is a gentle, delicate flower except for the vagina. pound the fucking vagina",train,2519,2726,2628,['pc_empty'],['attack_empty'],['pc_empty'],['attack_empty'],0.0,0.0,1.0,0.0,0.0,0.0,1.0,0.0,0.0,0.0,0.0,0.0,0.0,0.0,0.0,0.0,1.0,0.0,0.0,0.0,1.0,0.0,0.0,0.0,0.0,0.0,0.0,0.0,"A man is kissing a woman while both are positioned in front of a mirror, with their reflection visible in the background. The scene focuses on their intimate interaction.","man, woman, kissing, mirror, reflection, intimacy"
2385,img/02385.png,0.0,every life is precious,train,2529,6110,6039,['pc_empty'],['attack_empty'],['pc_empty'],['attack_empty'],0.0,0.0,1.0,0.0,0.0,0.0,1.0,0.0,0.0,0.0,0.0,0.0,0.0,0.0,0.0,0.0,1.0,0.0,0.0,0.0,1.0,0.0,0.0,0.0,0.0,0.0,0.0,0.0,"A man is riding a motorcycle, and a dog is sitting comfortably in a basket attached to the motorcycle.","man, motorcycle, dog, basket, riding, transportation, animal, human-animal interaction"
7865,img/07865.png,1.0,a real man... loads the dishwasher every night!!,train,2531,793,770,['sex'],['dehumanizing'],['sex'],['dehumanizing'],0.0,0.0,0.0,0.0,0.0,1.0,0.0,0.0,1.0,0.0,0.0,0.0,0.0,0.0,0.0,0.0,0.0,0.0,0.0,1.0,0.0,0.0,1.0,0.0,0.0,0.0,0.0,0.0,"A man and a woman are sitting together on a bed, appearing to interact in a domestic setting.","man, woman, bed, sitting, domestic, interaction, together"
5931,img/05931.png,0.0,stop editing your pics. what if you go missing? how are we gonna find you if you look like barbie on fb and chupacabra in real life?,train,2533,3358,3266,['pc_empty'],['attack_empty'],['pc_empty'],['attack_empty'],0.0,0.0,1.0,0.0,0.0,0.0,1.0,0.0,0.0,0.0,0.0,0.0,0.0,0.0,0.0,0.0,1.0,0.0,0.0,0.0,1.0,0.0,0.0,0.0,0.0,0.0,0.0,0.0,"The image shows a man with his mouth open and his eyes closed, appearing to express a strong emotion or reaction.","man, mouth open, eyes closed, facial expression, emotion, reaction"
1295,img/01295.png,1.0,"men wearing dresses and molesting our children? the word you're looking for is clergy, not transgender",train,2537,4213,4139,"['religion', 'sex']",['dehumanizing'],"['religion', 'race', 'sex']","['inferiority', 'dehumanizing']",0.0,0.0,0.0,0.0,1.0,1.0,0.0,0.0,1.0,0.0,0.0,0.0,0.0,0.0,0.0,0.0,0.0,1.0,1.0,1.0,0.0,0.0,1.0,0.0,0.0,1.0,0.0,0.0,"A person dressed in a red robe is sitting on a chair, resembling traditional clergy attire.","person, red robe, sitting, chair, clergy, attire"
7594,img/07594.png,0.0,"if you think it's okay for iran to have nukes, but not okay for law abiding americans to have guns you might be a dumbass",train,2544,795,2751,['pc_empty'],['attack_empty'],['pc_empty'],['attack_empty'],0.0,0.0,1.0,0.0,0.0,0.0,1.0,0.0,0.0,0.0,0.0,0.0,0.0,0.0,0.0,0.0,1.0,0.0,0.0,0.0,1.0,0.0,0.0,0.0,0.0,0.0,0.0,0.0,A man wearing a black jacket is holding a microphone in his hand.,"man, black jacket, microphone, person, male"
5872,img/05872.png,1.0,joke time 3 muslims walk into a bar.,train,1465,477,239,['religion'],['dehumanizing'],['religion'],['dehumanizing'],0.0,0.0,0.0,0.0,1.0,0.0,0.0,0.0,1.0,0.0,0.0,0.0,0.0,0.0,0.0,0.0,0.0,0.0,1.0,0.0,0.0,0.0,1.0,0.0,0.0,0.0,0.0,0.0,The image shows a cluttered and disorderly room with various pieces of trash and debris scattered across the floor.,"messy room, debris, trash, clutter, disorder, indoor, floor, untidy"
2475,img/02475.png,0.0,therapy dogs are now being trained to console rape victims of muslims,train,1566,513,1868,['pc_empty'],['attack_empty'],['pc_empty'],['attack_empty'],0.0,0.0,1.0,0.0,0.0,0.0,1.0,0.0,0.0,0.0,0.0,0.0,0.0,0.0,0.0,0.0,1.0,0.0,0.0,0.0,1.0,0.0,0.0,0.0,0.0,0.0,0.0,0.0,"Several children and a dog are present together in what appears to be a library setting, surrounded by bookshelves and reading materials.","children, dog, library, bookshelves, reading, group, indoor, therapy animal"
4157,img/04157.png,0.0,a real man... loads the dishwasher every night!!,train,2531,793,5684,['pc_empty'],['attack_empty'],['pc_empty'],['attack_empty'],0.0,0.0,1.0,0.0,0.0,0.0,1.0,0.0,0.0,0.0,0.0,0.0,0.0,0.0,0.0,0.0,1.0,0.0,0.0,0.0,1.0,0.0,0.0,0.0,0.0,0.0,0.0,0.0,A man is placing dishes into a dishwasher in a kitchen environment.,"man, dishes, dishwasher, kitchen, cleaning, appliance"
1379,img/01379.png,0.0,american teenage girl visiting the children of africa,train,2570,5276,5210,['pc_empty'],['attack_empty'],['pc_empty'],['attack_empty'],0.0,0.0,1.0,0.0,0.0,0.0,1.0,0.0,0.0,0.0,0.0,0.0,0.0,0.0,0.0,0.0,1.0,0.0,0.0,0.0,1.0,0.0,0.0,0.0,0.0,0.0,0.0,0.0,"A young woman is holding a small child on her lap, both appear to be engaged together in a caring and gentle environment.","woman, child, lap, young, together, caring, gentle, sitting"
7496,img/07496.png,0.0,this muslim guy is in heaven,train,2585,806,785,['pc_empty'],['attack_empty'],['pc_empty'],['attack_empty'],0.0,0.0,1.0,0.0,0.0,0.0,1.0,0.0,0.0,0.0,0.0,0.0,0.0,0.0,0.0,0.0,1.0,0.0,0.0,0.0,1.0,0.0,0.0,0.0,0.0,0.0,0.0,0.0,"A man and a woman are together holding a baby, with all of them appearing calm and close to each other.","man, woman, baby, together, holding, calm, family, group"
2793,img/02793.png,0.0,sea monkeys,train,1103,367,5262,['pc_empty'],['attack_empty'],['pc_empty'],['attack_empty'],0.0,0.0,1.0,0.0,0.0,0.0,1.0,0.0,0.0,0.0,0.0,0.0,0.0,0.0,0.0,0.0,1.0,0.0,0.0,0.0,1.0,0.0,0.0,0.0,0.0,0.0,0.0,0.0,"A man is sitting in a small boat floating on the water, with a calm water surface visible around him.","man, boat, sitting, water, calm, floating"
2594,img/02594.png,1.0,jamal! im pregnant!!!,train,1203,398,790,['religion'],['dehumanizing'],"['nationality', 'religion', 'race']",['dehumanizing'],0.0,0.0,0.0,0.0,1.0,0.0,0.0,0.0,1.0,0.0,0.0,0.0,0.0,0.0,0.0,1.0,0.0,1.0,1.0,0.0,0.0,0.0,1.0,0.0,0.0,0.0,0.0,0.0,A goat is standing close to a cell phone placed on a flat surface.,"goat, cell phone, standing, flat surface, animal"
4125,img/04125.png,0.0,sorry i'm late have the racist comments started yet?,train,2610,5326,5253,['pc_empty'],['attack_empty'],['pc_empty'],['attack_empty'],0.0,0.0,1.0,0.0,0.0,0.0,1.0,0.0,0.0,0.0,0.0,0.0,0.0,0.0,0.0,0.0,1.0,0.0,0.0,0.0,1.0,0.0,0.0,0.0,0.0,0.0,0.0,0.0,"A man and a woman are sitting together in a movie theater, sharing popcorn during a film.","man, woman, popcorn, movie theater, sitting, film, together"
7628,img/07628.png,1.0,"when you tell your islamic friend, you cannot go on the same plane as them. all right then. keep your life",train,2628,5397,5334,['religion'],['dehumanizing'],['religion'],"['inferiority', 'dehumanizing']",0.0,0.0,0.0,0.0,1.0,0.0,0.0,0.0,1.0,0.0,0.0,0.0,0.0,0.0,0.0,0.0,0.0,0.0,1.0,0.0,0.0,0.0,1.0,0.0,0.0,1.0,0.0,0.0,A bearded man wearing a white shirt is pictured against a plain background.,"man, beard, white shirt, plain background, portrait"
1637,img/01637.png,1.0,this time jesus you're not getting away,train,2629,6789,6681,['pc_empty'],['attack_empty'],['pc_empty'],['attack_empty'],0.0,0.0,1.0,0.0,0.0,0.0,1.0,0.0,0.0,0.0,0.0,0.0,0.0,0.0,0.0,0.0,1.0,0.0,0.0,0.0,1.0,0.0,0.0,0.0,0.0,0.0,0.0,0.0,"A standard metal stapler is positioned on a plain white background, clearly displayed with no additional objects in the scene.","stapler, metal, stationery, white background, office supply"
2317,img/02317.png,1.0,white trash go to hell trump fuck donald trump,train,2633,7343,7209,['race'],"['dehumanizing', 'contempt']",['race'],"['dehumanizing', 'contempt']",0.0,0.0,0.0,1.0,0.0,0.0,0.0,1.0,1.0,0.0,0.0,0.0,0.0,0.0,0.0,0.0,0.0,1.0,0.0,0.0,0.0,1.0,1.0,0.0,0.0,0.0,0.0,0.0,"A man is on a stage, raising both hands, with a projection or display behind him containing bold, profane, and politically charged text.","man, stage, hands raised, political, profanity, projection, text, expression"
5941,img/05941.png,1.0,"i saw an ad on tv. i called the number on the screen i had to get one, they seem to work so much better than those sticky strips that hang from the ceiling",train,2639,5172,798,"['nationality', 'race']",['dehumanizing'],"['nationality', 'race', 'disability']","['inferiority', 'dehumanizing']",0.0,1.0,0.0,1.0,0.0,0.0,0.0,0.0,1.0,0.0,0.0,0.0,0.0,0.0,1.0,1.0,0.0,1.0,0.0,0.0,0.0,0.0,1.0,0.0,0.0,1.0,0.0,0.0,"A baby is lying on a blanket placed on the floor, looking at the surroundings in a domestic indoor setting.","baby, blanket, floor, indoor, domestic, lying down"
4926,img/04926.png,0.0,"knowing white people, that's probably the babies father",train,2643,7308,7174,['pc_empty'],['attack_empty'],['pc_empty'],['attack_empty'],0.0,0.0,1.0,0.0,0.0,0.0,1.0,0.0,0.0,0.0,0.0,0.0,0.0,0.0,0.0,0.0,1.0,0.0,0.0,0.0,1.0,0.0,0.0,0.0,0.0,0.0,0.0,0.0,"A man and a woman are seated next to each other, appearing to be engaged or associated in some way.","man, woman, seated, next to each other, people"
1589,img/01589.png,1.0,has an orgasm... ...shoots out tranny fluid,train,1144,380,801,['sex'],['slurs'],['sex'],"['inferiority', 'slurs']",0.0,0.0,0.0,0.0,0.0,1.0,0.0,0.0,0.0,0.0,0.0,0.0,0.0,1.0,0.0,0.0,0.0,0.0,0.0,1.0,0.0,0.0,0.0,0.0,0.0,1.0,0.0,1.0,"A woman is seated in a chair, holding a microphone close to her face while speaking.","woman, chair, microphone, speaking, seated"
4183,img/04183.png,0.0,back off murderers we fight for justice,train,2660,3886,807,['pc_empty'],['attack_empty'],['pc_empty'],['attack_empty'],0.0,0.0,1.0,0.0,0.0,0.0,1.0,0.0,0.0,0.0,0.0,0.0,0.0,0.0,0.0,0.0,1.0,0.0,0.0,0.0,1.0,0.0,0.0,0.0,0.0,0.0,0.0,0.0,"A woman is holding a sign that reads 'fat power,' expressing a message of advocacy and empowerment.","woman, sign, fat power, advocacy, empowerment"
5987,img/05987.png,1.0,interracial dating somting like that,train,2662,823,808,['race'],['dehumanizing'],['race'],['dehumanizing'],0.0,0.0,0.0,1.0,0.0,0.0,0.0,0.0,1.0,0.0,0.0,0.0,0.0,0.0,0.0,0.0,0.0,1.0,0.0,0.0,0.0,0.0,1.0,0.0,0.0,0.0,0.0,0.0,"A woman wearing a black dress is positioned beside a gorilla, with both clearly visible in the image.","woman, black dress, gorilla, interracial, side by side"
2718,img/02718.png,0.0,my kid threatened to hold his breath until i gave him dessert. he's now passed out on the kitchen floor i don't negotiate with terrorists,train,2663,4898,4845,['pc_empty'],['attack_empty'],['pc_empty'],['attack_empty'],0.0,0.0,1.0,0.0,0.0,0.0,1.0,0.0,0.0,0.0,0.0,0.0,0.0,0.0,0.0,0.0,1.0,0.0,0.0,0.0,1.0,0.0,0.0,0.0,0.0,0.0,0.0,0.0,"A young boy is lying unconscious on the kitchen floor, next to kitchen appliances and cabinets, with subdued lighting.","boy, kitchen, floor, unconscious, child, appliances, cabinets, interior, home, lying"
4185,img/04185.png,0.0,when you need a diaper because you're a still a baby,train,2683,6512,811,['pc_empty'],['attack_empty'],['pc_empty'],['attack_empty'],0.0,0.0,1.0,0.0,0.0,0.0,1.0,0.0,0.0,0.0,0.0,0.0,0.0,0.0,0.0,0.0,1.0,0.0,0.0,0.0,1.0,0.0,0.0,0.0,0.0,0.0,0.0,0.0,"A small black and white goat is present, wearing a diaper.","goat, black and white, small, diaper, animal"
1682,img/01682.png,1.0,fuck allah fuck islam and guck the child raper muhammad and yes that's pork in the quran,train,2698,2706,2607,['religion'],['dehumanizing'],"['nationality', 'religion']","['inferiority', 'contempt', 'inciting_violence', 'dehumanizing']",0.0,0.0,0.0,0.0,1.0,0.0,0.0,0.0,1.0,0.0,0.0,0.0,0.0,0.0,0.0,1.0,0.0,0.0,1.0,0.0,0.0,1.0,1.0,0.0,1.0,1.0,0.0,0.0,A person is holding a piece of raw pork on a cutting board.,"person, pork, cutting board, meat, raw"
5482,img/05482.png,0.0,stupid you are breed you should not,train,2701,7114,6996,['pc_empty'],['attack_empty'],['pc_empty'],['attack_empty'],0.0,0.0,1.0,0.0,0.0,0.0,1.0,0.0,0.0,0.0,0.0,0.0,0.0,0.0,0.0,0.0,1.0,0.0,0.0,0.0,1.0,0.0,0.0,0.0,0.0,0.0,0.0,0.0,"A character from Star Wars, possibly Yoda, is depicted in a stylized manner related to The Force Awakens.","Star Wars, Yoda, character, The Force Awakens, stylized"
6531,img/06531.png,0.0,"i don't always have sweaty balls but when i do, they're wetter than a tiajuana hooker during spring break and smell like a zombie's vagina",train,2726,3227,17,['pc_empty'],['attack_empty'],['pc_empty'],['attack_empty'],0.0,0.0,1.0,0.0,0.0,0.0,1.0,0.0,0.0,0.0,0.0,0.0,0.0,0.0,0.0,0.0,1.0,0.0,0.0,0.0,1.0,0.0,0.0,0.0,0.0,0.0,0.0,0.0,"A man is holding a book in his hands, and he appears to be the main focus of the image.","man, book, hands, holding, male, focus"
6794,img/06794.png,0.0,if you think the other puns where bad just wait till you sea mine,train,2736,2345,2231,['pc_empty'],['attack_empty'],['pc_empty'],['attack_empty'],0.0,0.0,1.0,0.0,0.0,0.0,1.0,0.0,0.0,0.0,0.0,0.0,0.0,0.0,0.0,0.0,1.0,0.0,0.0,0.0,1.0,0.0,0.0,0.0,0.0,0.0,0.0,0.0,"The image displays a grey, spherical object resembling a naval sea mine, featuring protruding spikes, placed on a plain white background.","grey, sphere, sea mine, spikes, white background, object, naval, spherical"
6728,img/06728.png,0.0,the only kkk to ever let black men in,train,2744,842,3964,['pc_empty'],['attack_empty'],['pc_empty'],['attack_empty'],0.0,0.0,1.0,0.0,0.0,0.0,1.0,0.0,0.0,0.0,0.0,0.0,0.0,0.0,0.0,0.0,1.0,0.0,0.0,0.0,1.0,0.0,0.0,0.0,0.0,0.0,0.0,0.0,A man with dreadlocks is holding up a trophy.,"man, dreadlocks, trophy, holding, celebration"
3145,img/03145.png,1.0,when each letter is a mental disorder,train,484,164,203,['sex'],['inferiority'],['sex'],['inferiority'],0.0,0.0,0.0,0.0,0.0,1.0,0.0,0.0,0.0,0.0,0.0,1.0,0.0,0.0,0.0,0.0,0.0,0.0,0.0,1.0,0.0,0.0,0.0,0.0,0.0,1.0,0.0,0.0,"The image shows a colorful circular shape set against a white background, featuring gradients of pink, blue, and green.","colorful, circle, gradient, pink, blue, green, white background, abstract, shape"
5283,img/05283.png,0.0,"life has never given me lemons it has given me anger issues, anxiety, a love for alcohol, a serious dislike for stupid people. but not lemons",train,2761,4422,4350,['pc_empty'],['attack_empty'],['pc_empty'],['attack_empty'],0.0,0.0,1.0,0.0,0.0,0.0,1.0,0.0,0.0,0.0,0.0,0.0,0.0,0.0,0.0,0.0,1.0,0.0,0.0,0.0,1.0,0.0,0.0,0.0,0.0,0.0,0.0,0.0,"A man wearing a tuxedo is seated on a couch, looking contemplative.","man, tuxedo, couch, seated, contemplative, formal wear, indoors"
2763,img/02763.png,0.0,immigrants illegal aliens,train,265,93,98,['pc_empty'],['attack_empty'],['pc_empty'],['attack_empty'],0.0,0.0,1.0,0.0,0.0,0.0,1.0,0.0,0.0,0.0,0.0,0.0,0.0,0.0,0.0,0.0,1.0,0.0,0.0,0.0,1.0,0.0,0.0,0.0,0.0,0.0,0.0,0.0,A group of individuals is holding American flags.,"group, individuals, American flags, people, flag holding"
5869,img/05869.png,0.0,"my wife asked me where i'd like to be buried apparently, ""balls deep in your sister"" wasn't the answer she was expecting",train,204,75,79,['pc_empty'],['attack_empty'],['pc_empty'],['attack_empty'],0.0,0.0,1.0,0.0,0.0,0.0,1.0,0.0,0.0,0.0,0.0,0.0,0.0,0.0,0.0,0.0,1.0,0.0,0.0,0.0,1.0,0.0,0.0,0.0,0.0,0.0,0.0,0.0,A man wearing a formal suit and tie along with glasses is depicted in this image.,"man, suit, tie, glasses, formal, male, portrait"
5138,img/05138.png,0.0,i should not be expected to pledge allegiance to any country including america,train,2788,625,4024,['pc_empty'],['attack_empty'],['pc_empty'],['attack_empty'],0.0,0.0,1.0,0.0,0.0,0.0,1.0,0.0,0.0,0.0,0.0,0.0,0.0,0.0,0.0,0.0,1.0,0.0,0.0,0.0,1.0,0.0,0.0,0.0,0.0,0.0,0.0,0.0,"A woman is positioned behind a podium equipped with a microphone, likely preparing to make a public statement or speech.","woman, podium, microphone, public speaking, speech, presentation"
7693,img/07693.png,0.0,marokko speed dating,train,2789,851,833,['religion'],['dehumanizing'],"['nationality', 'religion']",['dehumanizing'],0.0,0.0,0.0,0.0,1.0,0.0,0.0,0.0,1.0,0.0,0.0,0.0,0.0,0.0,0.0,1.0,0.0,0.0,1.0,0.0,0.0,0.0,1.0,0.0,0.0,0.0,0.0,0.0,"A man is kneeling on the ground, gently petting a goat in an outdoor setting.","man, kneeling, petting, goat, outdoor, animal, gentle interaction"
3528,img/03528.png,0.0,look at the bright side you are only half black now,train,1866,601,5873,['pc_empty'],['attack_empty'],['pc_empty'],['attack_empty'],0.0,0.0,1.0,0.0,0.0,0.0,1.0,0.0,0.0,0.0,0.0,0.0,0.0,0.0,0.0,0.0,1.0,0.0,0.0,0.0,1.0,0.0,0.0,0.0,0.0,0.0,0.0,0.0,"A black and white dog with its tongue hanging out, featuring a distinctive color split on its fur.","dog, black and white, fur, tongue out, color split, animal, pet"
2431,img/02431.png,1.0,subway is similar to prostitution you pay someone else to do your wife's job,train,152,52,2623,['sex'],['dehumanizing'],['sex'],"['inferiority', 'dehumanizing']",0.0,0.0,0.0,0.0,0.0,1.0,0.0,0.0,1.0,0.0,0.0,0.0,0.0,0.0,0.0,0.0,0.0,0.0,0.0,1.0,0.0,0.0,1.0,0.0,0.0,1.0,0.0,0.0,"A man and a woman are together in a kitchen, engaged in preparing food, with various kitchen utensils and ingredients visible around them.","man, woman, kitchen, food preparation, cooking, utensils, ingredients"
1829,img/01829.png,0.0,him: the dishwasher is acting weird her: what's it doing him: chopping fucking vegetables,train,2808,34,6527,['pc_empty'],['attack_empty'],['pc_empty'],['attack_empty'],0.0,0.0,1.0,0.0,0.0,0.0,1.0,0.0,0.0,0.0,0.0,0.0,0.0,0.0,0.0,0.0,1.0,0.0,0.0,0.0,1.0,0.0,0.0,0.0,0.0,0.0,0.0,0.0,"A man wearing a black shirt is raising his hands, possibly in surprise or confusion, indoors.","man, black shirt, hands up, indoors, surprise, confusion"
7632,img/07632.png,0.0,when someone makes eye contact with you while you're doing cardio look away!,train,2820,2532,2418,['pc_empty'],['attack_empty'],['pc_empty'],['attack_empty'],0.0,0.0,1.0,0.0,0.0,0.0,1.0,0.0,0.0,0.0,0.0,0.0,0.0,0.0,0.0,0.0,1.0,0.0,0.0,0.0,1.0,0.0,0.0,0.0,0.0,0.0,0.0,0.0,A woman wearing a blue shirt has her mouth wide open and appears to be expressing surprise or shock.,"woman, blue shirt, open mouth, surprise, shock"
2315,img/02315.png,0.0,don't forget me!!!!!! i'm an asshole too!!!,train,2821,5283,5214,['pc_empty'],['attack_empty'],['pc_empty'],['attack_empty'],0.0,0.0,1.0,0.0,0.0,0.0,1.0,0.0,0.0,0.0,0.0,0.0,0.0,0.0,0.0,0.0,1.0,0.0,0.0,0.0,1.0,0.0,0.0,0.0,0.0,0.0,0.0,0.0,"A man dressed formally in a suit and tie is positioned in front of several flags, suggesting an official or formal setting.","man, suit, tie, flags, formal, official, setting"
6175,img/06175.png,0.0,when someone drops a penny,train,2704,835,4978,['pc_empty'],['attack_empty'],['pc_empty'],['attack_empty'],0.0,0.0,1.0,0.0,0.0,0.0,1.0,0.0,0.0,0.0,0.0,0.0,0.0,0.0,0.0,0.0,1.0,0.0,0.0,0.0,1.0,0.0,0.0,0.0,0.0,0.0,0.0,0.0,"A man wearing a blue shirt is seen running quickly on a track, with a penny falling to the ground nearby.","man, blue shirt, running, track, penny, falling, ground"
3429,img/03429.png,0.0,throwback thursday we was all by ourselves at one time we was the only once's in the new phase to build and close,train,2831,4188,4113,['pc_empty'],['attack_empty'],['pc_empty'],['attack_empty'],0.0,0.0,1.0,0.0,0.0,0.0,1.0,0.0,0.0,0.0,0.0,0.0,0.0,0.0,0.0,0.0,1.0,0.0,0.0,0.0,1.0,0.0,0.0,0.0,0.0,0.0,0.0,0.0,"An old barn stands isolated in the center of an open field, with no other structures or people nearby.","barn, field, isolation, old, building, outdoors"
5643,img/05643.png,1.0,kids in africa wouldn't starve if they ate the flies on their face,train,2833,4350,4283,['nationality'],['inferiority'],['nationality'],"['inferiority', 'contempt']",0.0,1.0,0.0,0.0,0.0,0.0,0.0,0.0,0.0,0.0,0.0,1.0,0.0,0.0,0.0,1.0,0.0,0.0,0.0,0.0,0.0,1.0,0.0,0.0,0.0,1.0,0.0,0.0,"A man in a formal suit stands near a window, gazing outside with a contemplative expression.","man, suit, window, contemplative, formal, indoor, gazing, adult"
2653,img/02653.png,1.0,england where moslems can rape your children and reporting it is a crime,train,2838,6802,6694,['religion'],['dehumanizing'],"['nationality', 'race', 'religion']","['inferiority', 'dehumanizing', 'inciting_violence']",0.0,0.0,0.0,0.0,1.0,0.0,0.0,0.0,1.0,0.0,0.0,0.0,0.0,0.0,0.0,1.0,0.0,1.0,1.0,0.0,0.0,0.0,1.0,0.0,1.0,1.0,0.0,0.0,"A snow-covered street runs parallel to a body of water, with buildings visible along the shoreline in a cold, winter setting.","snow, street, body of water, buildings, shoreline, winter, cold, urban, architecture"
6415,img/06415.png,1.0,#neverforget what your ancestors went through #christianity if you even think about dating a white man you disgust me,train,2840,2846,2732,"['race', 'religion', 'sex']",['contempt'],"['race', 'religion', 'sex']",['contempt'],0.0,0.0,0.0,1.0,1.0,1.0,0.0,1.0,0.0,0.0,0.0,0.0,0.0,0.0,0.0,0.0,0.0,1.0,1.0,1.0,0.0,1.0,0.0,0.0,0.0,0.0,0.0,0.0,"A man wearing a feathered headdress is shown in the image, with the headdress featuring multiple long, colorful feathers arranged vertically on his head.","man, feathered headdress, feathers, headwear, colorful, portrait, indigenous, traditional attire"
5264,img/05264.png,1.0,trust me the muslims won't rape you now,train,2841,860,5096,['religion'],['dehumanizing'],['religion'],['dehumanizing'],0.0,0.0,0.0,0.0,1.0,0.0,0.0,0.0,1.0,0.0,0.0,0.0,0.0,0.0,0.0,0.0,0.0,0.0,1.0,0.0,0.0,0.0,1.0,0.0,0.0,0.0,0.0,0.0,"Several horses are gathered closely together beside a calm body of water, with the natural environment in the background.","horses, group, body of water, nature, outdoors, animals"
2918,img/02918.png,0.0,a islamic leader among his followers,train,2844,6188,6115,['pc_empty'],['attack_empty'],['pc_empty'],['attack_empty'],0.0,0.0,1.0,0.0,0.0,0.0,1.0,0.0,0.0,0.0,0.0,0.0,0.0,0.0,0.0,0.0,1.0,0.0,0.0,0.0,1.0,0.0,0.0,0.0,0.0,0.0,0.0,0.0,"A man in a green jacket, surrounded by a group of people, is holding a gun in his hand.","man, green jacket, gun, group, people, surrounded, followers"
7293,img/07293.png,1.0,"anyone that says white people can't jump obviosly hasn't seen the 9/11 footage ""white people can't jump""",train,2874,6317,6231,['race'],['inferiority'],['race'],"['inferiority', 'inciting_violence']",0.0,0.0,0.0,1.0,0.0,0.0,0.0,0.0,0.0,0.0,0.0,1.0,0.0,0.0,0.0,0.0,0.0,1.0,0.0,0.0,0.0,0.0,0.0,0.0,1.0,1.0,0.0,0.0,"A large fire is raging inside a building, with visible flames and smoke emanating from the middle floors.","fire, building, flames, smoke, emergency, burning, middle floors"
5198,img/05198.png,1.0,went outside today yolo,train,2882,875,348,['pc_empty'],['attack_empty'],['pc_empty'],['attack_empty'],0.0,0.0,1.0,0.0,0.0,0.0,1.0,0.0,0.0,0.0,0.0,0.0,0.0,0.0,0.0,0.0,1.0,0.0,0.0,0.0,1.0,0.0,0.0,0.0,0.0,0.0,0.0,0.0,A doll representing a woman with dark hair is dressed in a white shirt and is shown indoors.,"doll, woman, dark hair, white shirt, indoors"
1469,img/01469.png,1.0,when you punch the muslim kid so hard that he starts having seizures and fucking dies the bomb has been defused,train,2913,2216,2106,['religion'],"['inciting_violence', 'dehumanizing']","['religion', 'sex']","['dehumanizing', 'inciting_violence']",0.0,0.0,0.0,0.0,1.0,0.0,0.0,0.0,1.0,0.0,1.0,0.0,0.0,0.0,0.0,0.0,0.0,0.0,1.0,1.0,0.0,0.0,1.0,0.0,1.0,0.0,0.0,0.0,A man wearing a gas mask is holding a rifle.,"man, gas mask, rifle, weapon, military, armed, mask, firearm"
5436,img/05436.png,0.0,lol don't bother buckling up because we are all going to die,train,2916,5168,5100,['pc_empty'],['attack_empty'],['pc_empty'],['attack_empty'],0.0,0.0,1.0,0.0,0.0,0.0,1.0,0.0,0.0,0.0,0.0,0.0,0.0,0.0,0.0,0.0,1.0,0.0,0.0,0.0,1.0,0.0,0.0,0.0,0.0,0.0,0.0,0.0,A young boy is sitting in the driver's seat of a car with his hands on the steering wheel.,"boy, car, driver's seat, steering wheel, sitting, child, vehicle"
5134,img/05134.png,0.0,the banality of evil,train,2926,3570,853,['pc_empty'],['attack_empty'],['pc_empty'],['attack_empty'],0.0,0.0,1.0,0.0,0.0,0.0,1.0,0.0,0.0,0.0,0.0,0.0,0.0,0.0,0.0,0.0,1.0,0.0,0.0,0.0,1.0,0.0,0.0,0.0,0.0,0.0,0.0,0.0,"A black and white photograph features a man dressed in a formal suit, captured in an older style typical of historical portraits.","black and white, man, suit, photograph, historical, formal, portrait"
6315,img/06315.png,1.0,solution to mexicans paying for the wall leave all the illegals hanging around the border,train,2940,890,488,['nationality'],['inciting_violence'],['nationality'],"['mocking', 'inciting_violence']",0.0,1.0,0.0,0.0,0.0,0.0,0.0,0.0,0.0,0.0,1.0,0.0,0.0,0.0,0.0,1.0,0.0,0.0,0.0,0.0,0.0,0.0,0.0,0.0,1.0,0.0,1.0,0.0,"A black and white photograph depicts a group of people gathered together, with some standing and others possibly seated, set in an outdoor location near a border area.","black and white, group of people, outdoor, border, photograph"
5789,img/05789.png,0.0,the only person i trust is me and even that's pretty fucking iffy sometimes,train,2941,5747,858,['pc_empty'],['attack_empty'],['pc_empty'],['attack_empty'],0.0,0.0,1.0,0.0,0.0,0.0,1.0,0.0,0.0,0.0,0.0,0.0,0.0,0.0,0.0,0.0,1.0,0.0,0.0,0.0,1.0,0.0,0.0,0.0,0.0,0.0,0.0,0.0,"A man with short hair, glasses, and a white shirt appears alone, looking directly at the camera.","man, glasses, white shirt, alone, short hair, camera, direct gaze"
1276,img/01276.png,0.0,a smile is worth a thousand words,train,2982,6603,6496,['pc_empty'],['attack_empty'],['pc_empty'],['attack_empty'],0.0,0.0,1.0,0.0,0.0,0.0,1.0,0.0,0.0,0.0,0.0,0.0,0.0,0.0,0.0,0.0,1.0,0.0,0.0,0.0,1.0,0.0,0.0,0.0,0.0,0.0,0.0,0.0,"A young boy with a bright smile is positioned near a swimming pool, with water visible in the background.","boy, smile, swimming pool, water, youth, outdoors"
7539,img/07539.png,1.0,redneck word of the day: twerk imma have a few beers before i get back twerk,train,3001,7412,7279,['pc_empty'],['attack_empty'],['pc_empty'],['attack_empty'],0.0,0.0,1.0,0.0,0.0,0.0,1.0,0.0,0.0,0.0,0.0,0.0,0.0,0.0,0.0,0.0,1.0,0.0,0.0,0.0,1.0,0.0,0.0,0.0,0.0,0.0,0.0,0.0,A man wearing a hat is holding a beer bottle.,"man, hat, beer bottle, holding, male, drink"
4132,img/04132.png,0.0,"dear ""dad"". i did it without you. love, the daughter you left behind",train,3021,6954,6840,['pc_empty'],['attack_empty'],['pc_empty'],['attack_empty'],0.0,0.0,1.0,0.0,0.0,0.0,1.0,0.0,0.0,0.0,0.0,0.0,0.0,0.0,0.0,0.0,1.0,0.0,0.0,0.0,1.0,0.0,0.0,0.0,0.0,0.0,0.0,0.0,"A man and a young girl are together inside a colorful bounce house, with the man holding the girl closely.","man, girl, bounce house, colorful, holding, together"
2876,img/02876.png,1.0,your milkshake brings all the tards to the yard,train,1670,548,878,['disability'],['slurs'],['disability'],"['inferiority', 'slurs']",1.0,0.0,0.0,0.0,0.0,0.0,0.0,0.0,0.0,0.0,0.0,0.0,0.0,1.0,1.0,0.0,0.0,0.0,0.0,0.0,0.0,0.0,0.0,0.0,0.0,1.0,0.0,1.0,A young boy is drinking a beverage from a plastic cup outdoors.,"boy, child, drinking, plastic cup, beverage, outdoors"
6319,img/06319.png,1.0,proof you don't have to fly a plane into a building to destroy a nation!,train,3051,3585,3483,['pc_empty'],['attack_empty'],['pc_empty'],['attack_empty'],0.0,0.0,1.0,0.0,0.0,0.0,1.0,0.0,0.0,0.0,0.0,0.0,0.0,0.0,0.0,0.0,1.0,0.0,0.0,0.0,1.0,0.0,0.0,0.0,0.0,0.0,0.0,0.0,"Two men in suits are shaking hands, engaging in what appears to be a formal or business-like interaction.","men, suits, handshake, formal, business, interaction, meeting"
2943,img/02943.png,0.0,hide and go seek champion july 6 1942 - august 4 1944,train,1899,609,5993,['pc_empty'],['attack_empty'],['pc_empty'],['attack_empty'],0.0,0.0,1.0,0.0,0.0,0.0,1.0,0.0,0.0,0.0,0.0,0.0,0.0,0.0,0.0,0.0,1.0,0.0,0.0,0.0,1.0,0.0,0.0,0.0,0.0,0.0,0.0,0.0,"Two people are sitting together at the top of a hill, with a clear view of the surroundings.","two people, hill, sitting, outdoors, scenery"
4938,img/04938.png,0.0,hen your unvaccinated chi rvives 18 years but cides to kill himself you were the chosen one,train,3080,4567,4495,['pc_empty'],['attack_empty'],['pc_empty'],['attack_empty'],0.0,0.0,1.0,0.0,0.0,0.0,1.0,0.0,0.0,0.0,0.0,0.0,0.0,0.0,0.0,0.0,1.0,0.0,0.0,0.0,1.0,0.0,0.0,0.0,0.0,0.0,0.0,0.0,"A bearded man is laughing and looking directly at the camera, with an expressive and joyful facial expression.","man, beard, laughing, camera, joyful expression, expressive face"
5127,img/05127.png,0.0,we'll kill you over some trivial shit then fucking mock your dying words,train,3102,932,4300,['nationality'],['inciting_violence'],"['nationality', 'religion']","['dehumanizing', 'inciting_violence']",0.0,1.0,0.0,0.0,0.0,0.0,0.0,0.0,0.0,0.0,1.0,0.0,0.0,0.0,0.0,1.0,0.0,0.0,1.0,0.0,0.0,0.0,1.0,0.0,1.0,0.0,0.0,0.0,A man holding a gun is walking through an open field under natural lighting.,"man, gun, field, walking, outdoors, natural light"
1235,img/01235.png,1.0,when you're feeling horny asf but your habibi is on periods let's try a goat,train,3119,607,734,['religion'],['dehumanizing'],"['race', 'religion']","['dehumanizing', 'slurs']",0.0,0.0,0.0,0.0,1.0,0.0,0.0,0.0,1.0,0.0,0.0,0.0,0.0,0.0,0.0,0.0,0.0,1.0,1.0,0.0,0.0,0.0,1.0,0.0,0.0,0.0,0.0,1.0,"A man wearing a black shirt and a white hat is raising his hands, and his facial expression suggests a playful or mischievous mood.","man, black shirt, white hat, hands up, mischievous, playful, adult, facial expression"
6795,img/06795.png,1.0,that look when you find out your husband isn't coming home from the mosque,train,1014,332,334,['religion'],['dehumanizing'],['religion'],"['inferiority', 'dehumanizing']",0.0,0.0,0.0,0.0,1.0,0.0,0.0,0.0,1.0,0.0,0.0,0.0,0.0,0.0,0.0,0.0,0.0,0.0,1.0,0.0,0.0,0.0,1.0,0.0,0.0,1.0,0.0,0.0,"A goat is standing near a tree with its tongue sticking out, looking directly at the camera with a distinctive facial expression.","goat, tree, tongue, facial expression, outdoors, animal, close-up"
2631,img/02631.png,0.0,when your grandma sees you for the first time in a whole week he's so fucking big. me#irl,train,3124,6152,6085,['pc_empty'],['attack_empty'],['pc_empty'],['attack_empty'],0.0,0.0,1.0,0.0,0.0,0.0,1.0,0.0,0.0,0.0,0.0,0.0,0.0,0.0,0.0,0.0,1.0,0.0,0.0,0.0,1.0,0.0,0.0,0.0,0.0,0.0,0.0,0.0,A woman with long hair is shown with her hair being blown by the wind.,"woman, long hair, wind, hair blowing, outdoors"
3861,img/03861.png,0.0,when you realize you fought on the wrong side during wwii,train,3131,4837,665,['pc_empty'],['attack_empty'],['pc_empty'],['attack_empty'],0.0,0.0,1.0,0.0,0.0,0.0,1.0,0.0,0.0,0.0,0.0,0.0,0.0,0.0,0.0,0.0,1.0,0.0,0.0,0.0,1.0,0.0,0.0,0.0,0.0,0.0,0.0,0.0,"A man with blonde hair wearing a green shirt, appearing pensive or contemplative.","man, blonde hair, green shirt, pensive, contemplative"
7481,img/07481.png,0.0,when you see your goat with another man,train,3154,170,4447,['pc_empty'],['attack_empty'],['pc_empty'],['attack_empty'],0.0,0.0,1.0,0.0,0.0,0.0,1.0,0.0,0.0,0.0,0.0,0.0,0.0,0.0,0.0,0.0,1.0,0.0,0.0,0.0,1.0,0.0,0.0,0.0,0.0,0.0,0.0,0.0,A goat and a man are walking together across a lush green field.,"goat, man, walking, green field, outdoors"
5784,img/05784.png,1.0,"let me be clear....  if i had a son, he would look like harambe",train,3159,939,901,['race'],['dehumanizing'],['race'],['dehumanizing'],0.0,0.0,0.0,1.0,0.0,0.0,0.0,0.0,1.0,0.0,0.0,0.0,0.0,0.0,0.0,0.0,0.0,1.0,0.0,0.0,0.0,0.0,1.0,0.0,0.0,0.0,0.0,0.0,"A man dressed in a suit and tie is speaking into a microphone, appearing to address an audience or make a formal statement.","man, suit, tie, microphone, speaking, formal, address, audience"
7269,img/07269.png,0.0,this salad is so fresh it had to live with its aunty and uncle in bel air,train,3162,5731,902,['pc_empty'],['attack_empty'],['pc_empty'],['attack_empty'],0.0,0.0,1.0,0.0,0.0,0.0,1.0,0.0,0.0,0.0,0.0,0.0,0.0,0.0,0.0,0.0,1.0,0.0,0.0,0.0,1.0,0.0,0.0,0.0,0.0,0.0,0.0,0.0,"A man wearing a chef's uniform is preparing a fresh salad on a table, arranging the ingredients with care.","chef, uniform, preparing, food, fresh salad, table, ingredients, man"
4791,img/04791.png,1.0,if you're a gentleman then nothing may disturb you but if you're a hungry sex maniac then there's no dress which can provide security for any women,train,3202,2014,1913,"['religion', 'sex']",['inferiority'],"['race', 'religion', 'sex']","['inferiority', 'inciting_violence', 'dehumanizing']",0.0,0.0,0.0,0.0,1.0,1.0,0.0,0.0,0.0,0.0,0.0,1.0,0.0,0.0,0.0,0.0,0.0,1.0,1.0,1.0,0.0,0.0,1.0,0.0,1.0,1.0,0.0,0.0,"A man and a woman are in close proximity, engaging in a kiss.","man, woman, kiss, proximity, intimacy"
1256,img/01256.png,1.0,when your debit card decline at the abortion clinic and they have to put the baby back in,train,3220,2282,2173,['pc_empty'],['attack_empty'],['pc_empty'],['attack_empty'],0.0,0.0,1.0,0.0,0.0,0.0,1.0,0.0,0.0,0.0,0.0,0.0,0.0,0.0,0.0,0.0,1.0,0.0,0.0,0.0,1.0,0.0,0.0,0.0,0.0,0.0,0.0,0.0,"A close-up shot of a dog's face, with the dog's eyes and nose prominently visible in the frame.","dog, close-up, face, eyes, nose, animal, canine"
1487,img/01487.png,1.0,when you forget you're retarded,train,3240,5543,5498,['disability'],['inferiority'],['disability'],['inferiority'],1.0,0.0,0.0,0.0,0.0,0.0,0.0,0.0,0.0,0.0,0.0,1.0,0.0,0.0,1.0,0.0,0.0,0.0,0.0,0.0,0.0,0.0,0.0,0.0,0.0,1.0,0.0,0.0,A young girl holds a rectangular sign while standing in front of a plain wall.,"girl, sign, wall, rectangular, holding"
7389,img/07389.png,0.0,will you tell the cat bullying is not okay?,train,3244,962,919,['pc_empty'],['attack_empty'],['pc_empty'],['attack_empty'],0.0,0.0,1.0,0.0,0.0,0.0,1.0,0.0,0.0,0.0,0.0,0.0,0.0,0.0,0.0,0.0,1.0,0.0,0.0,0.0,1.0,0.0,0.0,0.0,0.0,0.0,0.0,0.0,A small dog with a pink bow on its head is present in the image.,"dog, small, pink bow, pet, animal"
3718,img/03718.png,0.0,baaaa-utiful,train,3247,2823,921,['pc_empty'],['attack_empty'],['pc_empty'],['attack_empty'],0.0,0.0,1.0,0.0,0.0,0.0,1.0,0.0,0.0,0.0,0.0,0.0,0.0,0.0,0.0,0.0,1.0,0.0,0.0,0.0,1.0,0.0,0.0,0.0,0.0,0.0,0.0,0.0,A man wearing a blue shirt is positioned in front of a large group of sheep.,"man, blue shirt, sheep, herd, outdoors, livestock"
6482,img/06482.png,1.0,i dont always make sandwiches because im not a woman,train,3252,3080,2986,['sex'],['dehumanizing'],['sex'],['dehumanizing'],0.0,0.0,0.0,0.0,0.0,1.0,0.0,0.0,1.0,0.0,0.0,0.0,0.0,0.0,0.0,0.0,0.0,0.0,0.0,1.0,0.0,0.0,1.0,0.0,0.0,0.0,0.0,0.0,"A man is sitting on a couch with a serious expression, positioned in front of a red curtain.","man, couch, red curtain, sitting, serious expression"
5847,img/05847.png,0.0,when they ask for fire extinguisher and you reply i don't smoke,train,3256,6952,6838,['pc_empty'],['attack_empty'],['pc_empty'],['attack_empty'],0.0,0.0,1.0,0.0,0.0,0.0,1.0,0.0,0.0,0.0,0.0,0.0,0.0,0.0,0.0,0.0,1.0,0.0,0.0,0.0,1.0,0.0,0.0,0.0,0.0,0.0,0.0,0.0,A man wearing a black shirt is looking upwards towards the camera with a confused or puzzled expression.,"man, black shirt, looking up, camera, confused expression, puzzled, male, portrait"
3257,img/03257.png,1.0,white trash not marriage material,train,1823,590,924,['race'],['dehumanizing'],['race'],"['mocking', 'dehumanizing']",0.0,0.0,0.0,1.0,0.0,0.0,0.0,0.0,1.0,0.0,0.0,0.0,0.0,0.0,0.0,0.0,0.0,1.0,0.0,0.0,0.0,0.0,1.0,0.0,0.0,0.0,1.0,0.0,"A woman wearing a white dress paired with black boots is present, with no additional visible accessories or background details provided.","woman, white dress, black boots, fashion, clothing, female, outfit"
2674,img/02674.png,1.0,asian drivers test went as expected,train,3271,968,927,"['race', 'sex']",['inferiority'],"['race', 'sex']",['inferiority'],0.0,0.0,0.0,1.0,0.0,1.0,0.0,0.0,0.0,0.0,0.0,1.0,0.0,0.0,0.0,0.0,0.0,1.0,0.0,1.0,0.0,0.0,0.0,0.0,0.0,1.0,0.0,0.0,"An Asian woman is seated on a chair placed next to a car, outdoors, during the day.","Asian woman, chair, car, outdoors, daytime"
7268,img/07268.png,0.0,middle eastern prostitute,train,3276,970,4768,['pc_empty'],['attack_empty'],['pc_empty'],['attack_empty'],0.0,0.0,1.0,0.0,0.0,0.0,1.0,0.0,0.0,0.0,0.0,0.0,0.0,0.0,0.0,0.0,1.0,0.0,0.0,0.0,1.0,0.0,0.0,0.0,0.0,0.0,0.0,0.0,A Middle Eastern man and woman are standing beside a car in an outdoor setting.,"Middle Eastern, man, woman, car, outdoor, standing, people"
5749,img/05749.png,1.0,"nobody at school wants to guard muhammad, he's too explosive",train,3288,3265,3170,['religion'],['dehumanizing'],"['religion', 'race']",['dehumanizing'],0.0,0.0,0.0,0.0,1.0,0.0,0.0,0.0,1.0,0.0,0.0,0.0,0.0,0.0,0.0,0.0,0.0,1.0,1.0,0.0,0.0,0.0,1.0,0.0,0.0,0.0,0.0,0.0,"A man and a young girl are on a tennis court, holding rackets, with a net visible between them.","man, girl, tennis, rackets, court, net, playing, sports"
4923,img/04923.png,0.0,beergasm that moment when you take your first sip of beer after a long day,train,3292,4321,4255,['pc_empty'],['attack_empty'],['pc_empty'],['attack_empty'],0.0,0.0,1.0,0.0,0.0,0.0,1.0,0.0,0.0,0.0,0.0,0.0,0.0,0.0,0.0,0.0,1.0,0.0,0.0,0.0,1.0,0.0,0.0,0.0,0.0,0.0,0.0,0.0,"A close-up of a person holding a beer glass, about to take their first sip of beer, with the focus on the anticipation and enjoyment.","beer, glass, person, close-up, anticipation, first sip, enjoyment"
4768,img/04768.png,0.0,really? eating pork is gross but marriage to a minor isn't?,train,3299,6399,934,['pc_empty'],['attack_empty'],['pc_empty'],['attack_empty'],0.0,0.0,1.0,0.0,0.0,0.0,1.0,0.0,0.0,0.0,0.0,0.0,0.0,0.0,0.0,0.0,1.0,0.0,0.0,0.0,1.0,0.0,0.0,0.0,0.0,0.0,0.0,0.0,A woman with curly hair wearing a blue shirt is present in the image.,"woman, curly hair, blue shirt, female, portrait"
4217,img/04217.png,1.0,have a coke and a smile. regen: always coca cola coke adds life. ma: nevermore coca cola,train,3319,4491,4421,['pc_empty'],['attack_empty'],['pc_empty'],['attack_empty'],0.0,0.0,1.0,0.0,0.0,0.0,1.0,0.0,0.0,0.0,0.0,0.0,0.0,0.0,0.0,0.0,1.0,0.0,0.0,0.0,1.0,0.0,0.0,0.0,0.0,0.0,0.0,0.0,"A man and a woman wearing headphones are facing each other, both appearing engaged and happy, with Coca-Cola branding visible in the background.","man, woman, headphones, Coca-Cola, branding, engaged, happy, background"
1694,img/01694.png,0.0,which one should we butcher first,train,3322,2297,2190,['pc_empty'],['attack_empty'],['pc_empty'],['attack_empty'],0.0,0.0,1.0,0.0,0.0,0.0,1.0,0.0,0.0,0.0,0.0,0.0,0.0,0.0,0.0,0.0,1.0,0.0,0.0,0.0,1.0,0.0,0.0,0.0,0.0,0.0,0.0,0.0,"Several men are gathered near a group of horses, appearing to discuss or consider which horse to select.","men, horses, group, discussion, selection, herd"
7194,img/07194.png,0.0,running is one of the best ways to stay fit,train,3342,7354,7218,['pc_empty'],['attack_empty'],['pc_empty'],['attack_empty'],0.0,0.0,1.0,0.0,0.0,0.0,1.0,0.0,0.0,0.0,0.0,0.0,0.0,0.0,0.0,0.0,1.0,0.0,0.0,0.0,1.0,0.0,0.0,0.0,0.0,0.0,0.0,0.0,A man wearing a blue shirt and black shorts is running outdoors.,"man, blue shirt, black shorts, running, outdoors"
4915,img/04915.png,0.0,they want this not beause they love you they need to mix breed to preserve their species,train,3361,352,6415,['pc_empty'],['attack_empty'],['pc_empty'],['attack_empty'],0.0,0.0,1.0,0.0,0.0,0.0,1.0,0.0,0.0,0.0,0.0,0.0,0.0,0.0,0.0,0.0,1.0,0.0,0.0,0.0,1.0,0.0,0.0,0.0,0.0,0.0,0.0,0.0,"Two rhinoceroses stand together in a grassy field, closely positioned and appearing calm, with greenery visible in the background.","rhinoceroses, field, grass, wildlife, animals, nature, greenery"
5329,img/05329.png,0.0,its not right to judge someone by the color of their skin. they might just be tan,train,3377,999,1924,['race'],['inferiority'],['race'],"['inferiority', 'contempt']",0.0,0.0,0.0,1.0,0.0,0.0,0.0,0.0,0.0,0.0,0.0,1.0,0.0,0.0,0.0,0.0,0.0,1.0,0.0,0.0,0.0,1.0,0.0,0.0,0.0,1.0,0.0,0.0,"A woman lying on the peak of a mountain, surrounded by rocky terrain under an open sky.","woman, mountain, lying, rocky terrain, peak, outdoors, sky"
1497,img/01497.png,1.0,now back to the married islamic classic.. to children,train,3386,4855,4810,['religion'],['dehumanizing'],['religion'],['dehumanizing'],0.0,0.0,0.0,0.0,1.0,0.0,0.0,0.0,1.0,0.0,0.0,0.0,0.0,0.0,0.0,0.0,0.0,0.0,1.0,0.0,0.0,0.0,1.0,0.0,0.0,0.0,0.0,0.0,"A man is carrying a child in his arms, with both appearing close together in the image.","man, child, arms, carrying, close, together"
6237,img/06237.png,0.0,"when leadership says it's not mandatory but it's ""highly encouraged""!!!",train,3388,5282,5213,['pc_empty'],['attack_empty'],['pc_empty'],['attack_empty'],0.0,0.0,1.0,0.0,0.0,0.0,1.0,0.0,0.0,0.0,0.0,0.0,0.0,0.0,0.0,0.0,1.0,0.0,0.0,0.0,1.0,0.0,0.0,0.0,0.0,0.0,0.0,0.0,A man is sitting in a barber's chair while a barber trims his hair.,"man, barber, haircut, barber chair, hair trimming, indoor, customer, professional"
7452,img/07452.png,1.0,germany builds the first jet but couldn't make a steel door for a gas chamber expose the lie,train,3393,4062,3979,['religion'],['mocking'],"['nationality', 'religion', 'race']",['mocking'],0.0,0.0,0.0,0.0,1.0,0.0,0.0,0.0,0.0,0.0,0.0,0.0,1.0,0.0,0.0,1.0,0.0,1.0,1.0,0.0,0.0,0.0,0.0,0.0,0.0,0.0,1.0,0.0,"A large formation of airplanes is flying together in a clear sky, suggesting an organized aerial maneuver or display.","planes, sky, formation, aerial, group, airplanes, flight, display"
7413,img/07413.png,0.0,hello! may i please speak with jesus? cause these folks gonna make me break at least 4 of the ten commandments,train,3396,4556,4484,['pc_empty'],['attack_empty'],['pc_empty'],['attack_empty'],0.0,0.0,1.0,0.0,0.0,0.0,1.0,0.0,0.0,0.0,0.0,0.0,0.0,0.0,0.0,0.0,1.0,0.0,0.0,0.0,1.0,0.0,0.0,0.0,0.0,0.0,0.0,0.0,"A Muppet character is seated at a desk, facing a computer monitor, appearing to be engaged or waiting in front of the screen.","Muppet, desk, computer, sitting, monitor, character"
2854,img/02854.png,1.0,do gay midgets come out of the cabinet?,train,3406,4573,4503,"['sex', 'disability']",['inferiority'],"['disability', 'sex']",['inferiority'],1.0,0.0,0.0,0.0,0.0,1.0,0.0,0.0,0.0,0.0,0.0,1.0,0.0,0.0,1.0,0.0,0.0,0.0,0.0,1.0,0.0,0.0,0.0,0.0,0.0,1.0,0.0,0.0,The image shows a bearded man wearing a checkered shirt.,"man, beard, checkered shirt, male, person"
1653,img/01653.png,0.0,"a girl asks her mom, ""why am i black and you're white?"" she says, ""the way that party went, you're lucky you don't bark. """,train,314,108,4602,['pc_empty'],['attack_empty'],['pc_empty'],['attack_empty'],0.0,0.0,1.0,0.0,0.0,0.0,1.0,0.0,0.0,0.0,0.0,0.0,0.0,0.0,0.0,0.0,1.0,0.0,0.0,0.0,1.0,0.0,0.0,0.0,0.0,0.0,0.0,0.0,"A woman is holding a black cat in her arms, and both appear to be indoors with a neutral background.","woman, black cat, arms, indoors, neutral background"
1264,img/01264.png,0.0,you're a special kinda nuts aren't you?,train,3442,5078,5020,['pc_empty'],['attack_empty'],['pc_empty'],['attack_empty'],0.0,0.0,1.0,0.0,0.0,0.0,1.0,0.0,0.0,0.0,0.0,0.0,0.0,0.0,0.0,0.0,1.0,0.0,0.0,0.0,1.0,0.0,0.0,0.0,0.0,0.0,0.0,0.0,"A squirrel is sitting on the top of a tree trunk, possibly looking alert or curious.","squirrel, tree trunk, sitting, animal, nature"
2439,img/02439.png,0.0,"superman's flying class was popular, but no one ever passed",train,1668,546,2575,['pc_empty'],['attack_empty'],['pc_empty'],['attack_empty'],0.0,0.0,1.0,0.0,0.0,0.0,1.0,0.0,0.0,0.0,0.0,0.0,0.0,0.0,0.0,0.0,1.0,0.0,0.0,0.0,1.0,0.0,0.0,0.0,0.0,0.0,0.0,0.0,"A woman wearing a superhero costume is sitting on a bus seat, surrounded by other passengers.","woman, superhero costume, bus, sitting, passengers"
7125,img/07125.png,1.0,muslim in congress 2019 muslims in 2001,train,3468,1020,1710,['religion'],['dehumanizing'],['religion'],['dehumanizing'],0.0,0.0,0.0,0.0,1.0,0.0,0.0,0.0,1.0,0.0,0.0,0.0,0.0,0.0,0.0,0.0,0.0,0.0,1.0,0.0,0.0,0.0,1.0,0.0,0.0,0.0,0.0,0.0,"The image shows a sequence of photographs capturing the collapse and devastation of the World Trade Center during the 2001 attacks, with debris and smoke filling the scene.","World Trade Center, destruction, collapse, 2001, photographs, devastation, debris, smoke"
5689,img/05689.png,0.0,"the most racist people are the ones crying""racist"" all the time!",train,3476,1022,2491,['pc_empty'],['attack_empty'],['pc_empty'],['attack_empty'],0.0,0.0,1.0,0.0,0.0,0.0,1.0,0.0,0.0,0.0,0.0,0.0,0.0,0.0,0.0,0.0,1.0,0.0,0.0,0.0,1.0,0.0,0.0,0.0,0.0,0.0,0.0,0.0,A person is positioned in front of a wall covered with frost or ice.,"person, wall, frost, ice, front"
3254,img/03254.png,1.0,"liberals: ""japan has gun control without issues, what makes you think it can't work here in the usa?"" me: (whispering) black people",train,3509,2696,2599,['race'],['dehumanizing'],['race'],"['inferiority', 'dehumanizing']",0.0,0.0,0.0,1.0,0.0,0.0,0.0,0.0,1.0,0.0,0.0,0.0,0.0,0.0,0.0,0.0,0.0,1.0,0.0,0.0,0.0,0.0,1.0,0.0,0.0,1.0,0.0,0.0,"A man dressed in a suit and tie is holding his hands up to his face, appearing to whisper or speak quietly.","man, suit, tie, hands, face, whisper, speaking, clothing, gesture"
2581,img/02581.png,1.0,mussie guy tried to rape me he didn't make it to court,train,3539,2639,2531,['race'],"['inciting_violence', 'dehumanizing']","['nationality', 'race', 'religion', 'sex']","['inferiority', 'dehumanizing', 'inciting_violence', 'slurs']",0.0,0.0,0.0,1.0,0.0,0.0,0.0,0.0,1.0,0.0,1.0,0.0,0.0,0.0,0.0,1.0,0.0,1.0,1.0,1.0,0.0,0.0,1.0,0.0,1.0,1.0,0.0,1.0,"A woman wearing shorts is holding a gun and directly facing the camera, with a tense and serious expression.","woman, shorts, gun, camera, serious expression, tense, holding"
6897,img/06897.png,1.0,"if you think the crakkka of today is different from the crakka 500 years ago, you're a damn fool",train,885,296,6096,['race'],['slurs'],['race'],"['inferiority', 'slurs']",0.0,0.0,0.0,1.0,0.0,0.0,0.0,0.0,0.0,0.0,0.0,0.0,0.0,1.0,0.0,0.0,0.0,1.0,0.0,0.0,0.0,0.0,0.0,0.0,0.0,1.0,0.0,1.0,"A man is sitting on a bed, resting his hand on his chin in a contemplative pose, with a neutral expression and simple indoor background.","man, bed, sitting, hand on chin, contemplative, neutral expression, indoor, simple background"
2185,img/02185.png,0.0,weeeeeee! back over the border you go!,train,3555,1037,6589,['pc_empty'],['attack_empty'],['pc_empty'],['attack_empty'],0.0,0.0,1.0,0.0,0.0,0.0,1.0,0.0,0.0,0.0,0.0,0.0,0.0,0.0,0.0,0.0,1.0,0.0,0.0,0.0,1.0,0.0,0.0,0.0,0.0,0.0,0.0,0.0,"A woman dressed in black and pink is riding a purple horse, outdoors, with the horse in motion.","woman, black, pink, purple horse, riding, outdoors, motion"
7834,img/07834.png,0.0,guess whose house wasn't raided by the fbi?,train,3556,5377,5319,['pc_empty'],['attack_empty'],['pc_empty'],['attack_empty'],0.0,0.0,1.0,0.0,0.0,0.0,1.0,0.0,0.0,0.0,0.0,0.0,0.0,0.0,0.0,0.0,1.0,0.0,0.0,0.0,1.0,0.0,0.0,0.0,0.0,0.0,0.0,0.0,"A woman is seen in front of an American flag, with no visible signs of a law enforcement presence or search activity.","woman, American flag, indoors, no law enforcement, neutral expression"
3472,img/03472.png,1.0,"pet niguana for sale!! come with food dish, a few toys, and a screen lid so it can't get out $300 obo",train,3559,5576,5524,['race'],['dehumanizing'],['race'],"['mocking', 'dehumanizing']",0.0,0.0,0.0,1.0,0.0,0.0,0.0,0.0,1.0,0.0,0.0,0.0,0.0,0.0,0.0,0.0,0.0,1.0,0.0,0.0,0.0,0.0,1.0,0.0,0.0,0.0,1.0,0.0,"An iguana is shown in a hospital bed beside a woman, with some pet accessories such as a food dish, toys, and a screen lid visible nearby.","iguana, hospital bed, woman, food dish, toys, screen lid, pet, accessories"
7218,img/07218.png,1.0,"when you and ya classmate are hiding from the school shooter, but you wanna die so you sneeze to get his attention hehehehehe my bad guys",train,3566,6083,510,['pc_empty'],['attack_empty'],['pc_empty'],['attack_empty'],0.0,0.0,1.0,0.0,0.0,0.0,1.0,0.0,0.0,0.0,0.0,0.0,0.0,0.0,0.0,0.0,1.0,0.0,0.0,0.0,1.0,0.0,0.0,0.0,0.0,0.0,0.0,0.0,A person wearing a costume that resembles a large yellow sponge with cartoon-like features.,"costume, yellow, sponge, cartoon, person"
6749,img/06749.png,0.0,when they laugh at your 9cm but you haven't even reached puberty yet,train,3634,7096,999,['pc_empty'],['attack_empty'],['pc_empty'],['attack_empty'],0.0,0.0,1.0,0.0,0.0,0.0,1.0,0.0,0.0,0.0,0.0,0.0,0.0,0.0,0.0,0.0,1.0,0.0,0.0,0.0,1.0,0.0,0.0,0.0,0.0,0.0,0.0,0.0,"A boy wearing a school uniform is facing a door, appearing to be hesitant or thoughtful.","boy, school uniform, door, hesitant, thoughtful"
7134,img/07134.png,0.0,sexbomb sexbomb you are my sexbomb,train,2552,798,1000,['pc_empty'],['attack_empty'],['pc_empty'],['attack_empty'],0.0,0.0,1.0,0.0,0.0,0.0,1.0,0.0,0.0,0.0,0.0,0.0,0.0,0.0,0.0,0.0,1.0,0.0,0.0,0.0,1.0,0.0,0.0,0.0,0.0,0.0,0.0,0.0,"A person is lying on a bed with their feet resting on the bed, suggesting a relaxed or intimate atmosphere.","person, bed, lying, feet, resting, intimate, relaxed"
5916,img/05916.png,0.0,"hey, i just met you, and this is crazy, this is my grenade so blow me, maybe?",train,250,86,4084,['pc_empty'],['attack_empty'],['pc_empty'],['attack_empty'],0.0,0.0,1.0,0.0,0.0,0.0,1.0,0.0,0.0,0.0,0.0,0.0,0.0,0.0,0.0,0.0,1.0,0.0,0.0,0.0,1.0,0.0,0.0,0.0,0.0,0.0,0.0,0.0,A man wearing a suit and a hat is holding an object resembling a grenade.,"man, suit, hat, grenade, holding, object"
7345,img/07345.png,0.0,fuck banks and all their fees,train,3660,2876,1004,['pc_empty'],['attack_empty'],['pc_empty'],['attack_empty'],0.0,0.0,1.0,0.0,0.0,0.0,1.0,0.0,0.0,0.0,0.0,0.0,0.0,0.0,0.0,0.0,1.0,0.0,0.0,0.0,1.0,0.0,0.0,0.0,0.0,0.0,0.0,0.0,A black and white photograph featuring a man wearing a uniform.,"black and white, photograph, man, uniform, male, portrait"
6158,img/06158.png,0.0,new zealand edition call of duty,train,2598,811,937,['pc_empty'],['attack_empty'],['pc_empty'],['attack_empty'],0.0,0.0,1.0,0.0,0.0,0.0,1.0,0.0,0.0,0.0,0.0,0.0,0.0,0.0,0.0,0.0,1.0,0.0,0.0,0.0,1.0,0.0,0.0,0.0,0.0,0.0,0.0,0.0,"A man is playing the video game Call of Duty on a computer, with the New Zealand edition of the game visible.","man, video game, computer, Call of Duty, New Zealand edition"
6519,img/06519.png,1.0,moutain goats hide when they hear allah akbar because they here the goat fuckers are coming,train,3692,5945,5885,"['race', 'religion']",['dehumanizing'],"['race', 'religion']",['dehumanizing'],0.0,0.0,0.0,1.0,1.0,0.0,0.0,0.0,1.0,0.0,0.0,0.0,0.0,0.0,0.0,0.0,0.0,1.0,1.0,0.0,0.0,0.0,1.0,0.0,0.0,0.0,0.0,0.0,A goat is partially visible as it looks through a hole in a barn wall.,"goat, barn, hole, animal, wall, peeking"
4735,img/04735.png,0.0,smile even in the worst of times,train,3704,5200,1017,['pc_empty'],['attack_empty'],['pc_empty'],['attack_empty'],0.0,0.0,1.0,0.0,0.0,0.0,1.0,0.0,0.0,0.0,0.0,0.0,0.0,0.0,0.0,0.0,1.0,0.0,0.0,0.0,1.0,0.0,0.0,0.0,0.0,0.0,0.0,0.0,"A young girl is sitting at a table with a laptop, smiling gently while looking at the screen.","girl, table, laptop, sitting, smiling, technology, indoors"
4152,img/04152.png,0.0,over 50 south africans lost their lives after police opened fire during a protest,train,3750,5558,5510,['pc_empty'],['attack_empty'],['pc_empty'],['attack_empty'],0.0,0.0,1.0,0.0,0.0,0.0,1.0,0.0,0.0,0.0,0.0,0.0,0.0,0.0,0.0,0.0,1.0,0.0,0.0,0.0,1.0,0.0,0.0,0.0,0.0,0.0,0.0,0.0,"A black and white photo depicting a group of people lying on the ground, with several individuals close together, suggesting a somber and possibly tragic scene.","black and white, people, lying on the ground, group, somber, tragic, photo, crowd"
7164,img/07164.png,0.0,i promise i promise. i promise. i deliver,train,3772,5969,5909,['pc_empty'],['attack_empty'],['pc_empty'],['attack_empty'],0.0,0.0,1.0,0.0,0.0,0.0,1.0,0.0,0.0,0.0,0.0,0.0,0.0,0.0,0.0,0.0,1.0,0.0,0.0,0.0,1.0,0.0,0.0,0.0,0.0,0.0,0.0,0.0,"The image shows two people, Donald and Hillary, with a visible caption that reads, 'i don'.","Donald, Hillary, two people, caption, text, photo, image, visible words"
7634,img/07634.png,0.0,talking about animal rights is fun,train,3786,3095,1037,['pc_empty'],['attack_empty'],['pc_empty'],['attack_empty'],0.0,0.0,1.0,0.0,0.0,0.0,1.0,0.0,0.0,0.0,0.0,0.0,0.0,0.0,0.0,0.0,1.0,0.0,0.0,0.0,1.0,0.0,0.0,0.0,0.0,0.0,0.0,0.0,Several monkeys are gathered closely together in a group.,"monkeys, animals, group, gathered, wildlife"
1546,img/01546.png,1.0,kill the jews and muslims for being anti-white,train,3787,1790,1701,"['religion', 'race']",['inciting_violence'],"['religion', 'race']","['mocking', 'inciting_violence']",0.0,0.0,0.0,1.0,1.0,0.0,0.0,0.0,0.0,0.0,1.0,0.0,0.0,0.0,0.0,0.0,0.0,1.0,1.0,0.0,0.0,0.0,0.0,0.0,1.0,0.0,1.0,0.0,"A man dressed in a uniform is positioned near the Eiffel Tower, which is clearly visible in the background.","man, uniform, Eiffel Tower, Paris, landmark, outdoors"
4917,img/04917.png,0.0,similar to sharks because all the great ones are white,train,3821,1093,3882,['pc_empty'],['attack_empty'],['pc_empty'],['attack_empty'],0.0,0.0,1.0,0.0,0.0,0.0,1.0,0.0,0.0,0.0,0.0,0.0,0.0,0.0,0.0,0.0,1.0,0.0,0.0,0.0,1.0,0.0,0.0,0.0,0.0,0.0,0.0,0.0,"A display case containing various cakes, predominantly decorated with white icing or toppings.","display case, cakes, white icing, desserts, pastries"
1672,img/01672.png,0.0,when the new call of duty comes out and you're already camping,train,3826,6355,1041,['pc_empty'],['attack_empty'],['pc_empty'],['attack_empty'],0.0,0.0,1.0,0.0,0.0,0.0,1.0,0.0,0.0,0.0,0.0,0.0,0.0,0.0,0.0,0.0,1.0,0.0,0.0,0.0,1.0,0.0,0.0,0.0,0.0,0.0,0.0,0.0,"A man wearing a blue jacket is holding a gun, possibly preparing for an action, with a focused expression.","man, blue jacket, gun, focused, preparation, action"
5489,img/05489.png,0.0,trump says he doesn't like suppressors. well.....he's a democrat so..,train,3829,3238,3137,['pc_empty'],['attack_empty'],['pc_empty'],['attack_empty'],0.0,0.0,1.0,0.0,0.0,0.0,1.0,0.0,0.0,0.0,0.0,0.0,0.0,0.0,0.0,0.0,1.0,0.0,0.0,0.0,1.0,0.0,0.0,0.0,0.0,0.0,0.0,0.0,"Two images show a man and a woman in a kitchen, with the man engaging in conversation with the woman who is seated at a table.","man, woman, kitchen, table, conversation, images"
4726,img/04726.png,0.0,islamic state soldiers celebrating we should kill them all,train,3833,3861,1044,['pc_empty'],['attack_empty'],['pc_empty'],['attack_empty'],0.0,0.0,1.0,0.0,0.0,0.0,1.0,0.0,0.0,0.0,0.0,0.0,0.0,0.0,0.0,0.0,1.0,0.0,0.0,0.0,1.0,0.0,0.0,0.0,0.0,0.0,0.0,0.0,"Several individuals are gathered on the roof of a building, prominently displaying a sign while standing close together.","group of people, building roof, sign, gathered, displaying, individuals"
2764,img/02764.png,1.0,closing time one last call for green cards you dont have to go home but you cant stay here,train,3869,1104,7205,['pc_empty'],['attack_empty'],['pc_empty'],['attack_empty'],0.0,0.0,1.0,0.0,0.0,0.0,1.0,0.0,0.0,0.0,0.0,0.0,0.0,0.0,0.0,0.0,1.0,0.0,0.0,0.0,1.0,0.0,0.0,0.0,0.0,0.0,0.0,0.0,"A person is holding a piece of paper near the entrance of a white building, with focus on the interaction and the document.","person, paper, white building, entrance, document, outdoors"
6345,img/06345.png,0.0,"driver: ""what am i supposed to do with this speeding ticket?"" .co "" officer: ""keep it, when you collect four of them, you get a bicycle.""",train,3871,2635,2524,['pc_empty'],['attack_empty'],['pc_empty'],['attack_empty'],0.0,0.0,1.0,0.0,0.0,0.0,1.0,0.0,0.0,0.0,0.0,0.0,0.0,0.0,0.0,0.0,1.0,0.0,0.0,0.0,1.0,0.0,0.0,0.0,0.0,0.0,0.0,0.0,"A police officer is interacting with a woman seated in a car, possibly during a traffic stop.","police officer, woman, car, interaction, traffic stop, vehicle, driver, law enforcement"
4597,img/04597.png,0.0,terrorist attacks innocent people with guns leaders want innocent people to give up their guns and become even more defenseless.,train,3880,1107,5196,['pc_empty'],['attack_empty'],['pc_empty'],['attack_empty'],0.0,0.0,1.0,0.0,0.0,0.0,1.0,0.0,0.0,0.0,0.0,0.0,0.0,0.0,0.0,0.0,1.0,0.0,0.0,0.0,1.0,0.0,0.0,0.0,0.0,0.0,0.0,0.0,"A handgun is placed on an aged document, with a national flag visible in the background.","handgun, aged document, national flag, weapon, background"
3981,img/03981.png,0.0,siri take me home starting route to gym,train,3885,679,759,['pc_empty'],['attack_empty'],['pc_empty'],['attack_empty'],0.0,0.0,1.0,0.0,0.0,0.0,1.0,0.0,0.0,0.0,0.0,0.0,0.0,0.0,0.0,0.0,1.0,0.0,0.0,0.0,1.0,0.0,0.0,0.0,0.0,0.0,0.0,0.0,"A man is using a cell phone outdoors, with trees visible in the background.","man, cell phone, outdoors, trees, background"
1483,img/01483.png,0.0,"feeling bored, let's go to a mosque",train,3907,1113,1779,['pc_empty'],['attack_empty'],['pc_empty'],['attack_empty'],0.0,0.0,1.0,0.0,0.0,0.0,1.0,0.0,0.0,0.0,0.0,0.0,0.0,0.0,0.0,0.0,1.0,0.0,0.0,0.0,1.0,0.0,0.0,0.0,0.0,0.0,0.0,0.0,"Several men are seated together, facing the camera in an indoor setting.","men, group, seated, indoor, camera, together"
1823,img/01823.png,0.0,i too was once a male trapped in a female's body but then i was born,train,3910,4574,4504,['pc_empty'],['attack_empty'],['pc_empty'],['attack_empty'],0.0,0.0,1.0,0.0,0.0,0.0,1.0,0.0,0.0,0.0,0.0,0.0,0.0,0.0,0.0,0.0,1.0,0.0,0.0,0.0,1.0,0.0,0.0,0.0,0.0,0.0,0.0,0.0,"The image shows a close-up of an adult man with a beard, facing the camera.","man, beard, close-up, adult, face"
2894,img/02894.png,0.0,"how high are you no officer, its ""hi, how are you""?",train,3922,4985,4928,['pc_empty'],['attack_empty'],['pc_empty'],['attack_empty'],0.0,0.0,1.0,0.0,0.0,0.0,1.0,0.0,0.0,0.0,0.0,0.0,0.0,0.0,0.0,0.0,1.0,0.0,0.0,0.0,1.0,0.0,0.0,0.0,0.0,0.0,0.0,0.0,A bearded man facing the camera with a neutral expression.,"man, beard, camera, neutral expression, facing forward"
3547,img/03547.png,0.0,people with dwarfism arguing,train,3959,2504,615,['pc_empty'],['attack_empty'],['pc_empty'],['attack_empty'],0.0,0.0,1.0,0.0,0.0,0.0,1.0,0.0,0.0,0.0,0.0,0.0,0.0,0.0,0.0,0.0,1.0,0.0,0.0,0.0,1.0,0.0,0.0,0.0,0.0,0.0,0.0,0.0,"A black and white photo shows a group of people who appear to have dwarfism, gathered together, each holding a hammer.","black and white, group, people with dwarfism, hammers, gathered"
6714,img/06714.png,0.0,"vote for me free kfc, grape kool aid, & watermelon",train,3966,3849,3760,['pc_empty'],['attack_empty'],['pc_empty'],['attack_empty'],0.0,0.0,1.0,0.0,0.0,0.0,1.0,0.0,0.0,0.0,0.0,0.0,0.0,0.0,0.0,0.0,1.0,0.0,0.0,0.0,1.0,0.0,0.0,0.0,0.0,0.0,0.0,0.0,"A man wearing a suit and tie is smiling directly at the camera, appearing in a formal setting.","man, suit, tie, smile, camera, formal, person"
5976,img/05976.png,0.0,what does your wife and a hand grenade have in common remove the ring and your house is gone,train,3992,7042,1078,['pc_empty'],['attack_empty'],['pc_empty'],['attack_empty'],0.0,0.0,1.0,0.0,0.0,0.0,1.0,0.0,0.0,0.0,0.0,0.0,0.0,0.0,0.0,0.0,1.0,0.0,0.0,0.0,1.0,0.0,0.0,0.0,0.0,0.0,0.0,0.0,Two images show a man holding a cigar in his mouth.,"man, cigar, mouth, images, two"
3917,img/03917.png,0.0,attacking a person for who they are or where they're from is an attack on their people and culture as a whole,train,4004,4373,779,['pc_empty'],['attack_empty'],['pc_empty'],['attack_empty'],0.0,0.0,1.0,0.0,0.0,0.0,1.0,0.0,0.0,0.0,0.0,0.0,0.0,0.0,0.0,0.0,1.0,0.0,0.0,0.0,1.0,0.0,0.0,0.0,0.0,0.0,0.0,0.0,"A man wearing a cowboy hat holds a microphone, appearing to speak, with a serious expression on his face.","man, cowboy hat, microphone, speaking, serious expression"
3291,img/03291.png,1.0,do you agree with pauline to stop islamic immigration to australia share if you agree,train,4028,4376,4307,"['nationality', 'religion']",['exclusion'],"['nationality', 'religion']",['exclusion'],0.0,1.0,0.0,0.0,1.0,0.0,0.0,0.0,0.0,1.0,0.0,0.0,0.0,0.0,0.0,1.0,0.0,0.0,1.0,0.0,0.0,0.0,0.0,1.0,0.0,0.0,0.0,0.0,A woman is depicted with the British flag prominently displayed in the background.,"woman, British flag, background, portrait, UK"
5362,img/05362.png,0.0,you like something that i do not particularly enjoy disgusting prepare to forfeit your life,train,4036,5846,613,['pc_empty'],['attack_empty'],['pc_empty'],['attack_empty'],0.0,0.0,1.0,0.0,0.0,0.0,1.0,0.0,0.0,0.0,0.0,0.0,0.0,0.0,0.0,0.0,1.0,0.0,0.0,0.0,1.0,0.0,0.0,0.0,0.0,0.0,0.0,0.0,"A dog is shown with a gun in its mouth, suggesting a dangerous and distressing situation.","dog, gun, mouth, danger, distress, animal, violence, threat"
2158,img/02158.png,1.0,i like my women like i like my chickens held in captivity until i behead them,train,4083,2829,2719,['sex'],"['inciting_violence', 'dehumanizing']",['sex'],"['dehumanizing', 'inciting_violence']",0.0,0.0,0.0,0.0,0.0,1.0,0.0,0.0,1.0,0.0,1.0,0.0,0.0,0.0,0.0,0.0,0.0,0.0,0.0,1.0,0.0,0.0,1.0,0.0,1.0,0.0,0.0,0.0,"A chicken is shown against a plain white background, appearing isolated and clearly visible.","chicken, white background, isolated, animal, bird"
7241,img/07241.png,1.0,it warms my heart seeing fathers spending time woth their kids,train,4085,1144,7021,['pc_empty'],['attack_empty'],['pc_empty'],['attack_empty'],0.0,0.0,1.0,0.0,0.0,0.0,1.0,0.0,0.0,0.0,0.0,0.0,0.0,0.0,0.0,0.0,1.0,0.0,0.0,0.0,1.0,0.0,0.0,0.0,0.0,0.0,0.0,0.0,"A white towel is displayed against a plain wall, showing a simple and everyday scene.","white towel, wall, hanging, simple, everyday scene"
3479,img/03479.png,1.0,just waterin' the dirt,train,4092,1147,1092,['race'],['dehumanizing'],['race'],['dehumanizing'],0.0,0.0,0.0,1.0,0.0,0.0,0.0,0.0,1.0,0.0,0.0,0.0,0.0,0.0,0.0,0.0,0.0,1.0,0.0,0.0,0.0,0.0,1.0,0.0,0.0,0.0,0.0,0.0,"A young boy is outdoors, using water to wet soil in a garden area, with visible splashes and a natural setting surrounding him.","boy, garden, water, soil, splash, outdoors, nature"
3629,img/03629.png,0.0,hey man you gotta go home my parents are fighting again,train,4098,4882,4830,['pc_empty'],['attack_empty'],['pc_empty'],['attack_empty'],0.0,0.0,1.0,0.0,0.0,0.0,1.0,0.0,0.0,0.0,0.0,0.0,0.0,0.0,0.0,0.0,1.0,0.0,0.0,0.0,1.0,0.0,0.0,0.0,0.0,0.0,0.0,0.0,"A small dog is lying down on a plain white surface, appearing calm and relaxed.","dog, small, lying down, white surface, calm, relaxed"
6759,img/06759.png,1.0,girl: how do you eat pussy? me: like a retard tasting ice cream for the first time,train,4150,5457,5407,['disability'],['contempt'],"['disability', 'sex']","['inferiority', 'slurs', 'contempt']",1.0,0.0,0.0,0.0,0.0,0.0,0.0,1.0,0.0,0.0,0.0,0.0,0.0,0.0,1.0,0.0,0.0,0.0,0.0,1.0,0.0,1.0,0.0,0.0,0.0,1.0,0.0,1.0,"A man and a woman are sitting together under a tree, each of them eating ice cream.","man, woman, tree, ice cream, sitting, outdoors, together"
2461,img/02461.png,0.0,"whenever you feel stupid, remember this",train,4176,1164,5477,['pc_empty'],['attack_empty'],['pc_empty'],['attack_empty'],0.0,0.0,1.0,0.0,0.0,0.0,1.0,0.0,0.0,0.0,0.0,0.0,0.0,0.0,0.0,0.0,1.0,0.0,0.0,0.0,1.0,0.0,0.0,0.0,0.0,0.0,0.0,0.0,A man dressed in a suit and tie is holding an American flag.,"man, suit, tie, American flag, holding, formal attire"
6378,img/06378.png,1.0,let's end racism,train,4178,1165,1101,['race'],['dehumanizing'],['race'],['dehumanizing'],0.0,0.0,0.0,1.0,0.0,0.0,0.0,0.0,1.0,0.0,0.0,0.0,0.0,0.0,0.0,0.0,0.0,1.0,0.0,0.0,0.0,0.0,1.0,0.0,0.0,0.0,0.0,0.0,"A person is gently holding a small animal in their hand, with both clearly visible against a plain background.","person, animal, hand, holding, plain background"
7685,img/07685.png,1.0,"*when i finally snap and actually kill myself after years of saying ""i wanna die""* my friends: you did it. you crazy son of a bitch, you did it",train,4186,6449,6356,['disability'],"['inciting_violence', 'inferiority']",['disability'],"['inferiority', 'inciting_violence']",1.0,0.0,0.0,0.0,0.0,0.0,0.0,0.0,0.0,0.0,1.0,1.0,0.0,0.0,1.0,0.0,0.0,0.0,0.0,0.0,0.0,0.0,0.0,0.0,1.0,1.0,0.0,0.0,A man dressed in a white suit is visible against a plain background.,"man, white suit, plain background, fashion, clothing"
7318,img/07318.png,0.0,"you say i'm racist because i don't want illegals here? i have some news for you. ""illegal"" isn't a race, morons",train,4196,3140,3045,['pc_empty'],['attack_empty'],['pc_empty'],['attack_empty'],0.0,0.0,1.0,0.0,0.0,0.0,1.0,0.0,0.0,0.0,0.0,0.0,0.0,0.0,0.0,0.0,1.0,0.0,0.0,0.0,1.0,0.0,0.0,0.0,0.0,0.0,0.0,0.0,A man wearing a suit and tie is pointing towards the camera with a direct gesture.,"man, suit, tie, pointing, camera, gesture, direct"
6537,img/06537.png,0.0,lust and love,train,4202,6543,1111,['pc_empty'],['attack_empty'],['pc_empty'],['attack_empty'],0.0,0.0,1.0,0.0,0.0,0.0,1.0,0.0,0.0,0.0,0.0,0.0,0.0,0.0,0.0,0.0,1.0,0.0,0.0,0.0,1.0,0.0,0.0,0.0,0.0,0.0,0.0,0.0,Two men dressed formally in suits and bow ties are positioned side by side.,"men, suits, bow ties, formal attire, side by side"
4273,img/04273.png,0.0,have you seen my bag,train,4226,7064,6949,['pc_empty'],['attack_empty'],['pc_empty'],['attack_empty'],0.0,0.0,1.0,0.0,0.0,0.0,1.0,0.0,0.0,0.0,0.0,0.0,0.0,0.0,0.0,0.0,1.0,0.0,0.0,0.0,1.0,0.0,0.0,0.0,0.0,0.0,0.0,0.0,"A woman with purple hair is visible in front of a neutral gray background, with a concerned facial expression, and she does not appear to be holding any bag.","woman, purple hair, gray background, facial expression, no bag"
3728,img/03728.png,0.0,"stalin: if you invade us, you break our agreement hitler: quicksaving..",train,4228,4420,4347,['pc_empty'],['attack_empty'],['pc_empty'],['attack_empty'],0.0,0.0,1.0,0.0,0.0,0.0,1.0,0.0,0.0,0.0,0.0,0.0,0.0,0.0,0.0,0.0,1.0,0.0,0.0,0.0,1.0,0.0,0.0,0.0,0.0,0.0,0.0,0.0,"A black and white photo shows a man holding a newspaper, with a focused expression, dressed in period clothing suggestive of the early to mid 20th century.","black and white, man, newspaper, period clothing, 20th century, photo"
2456,img/02456.png,0.0,"people are loosing their minds over terrorism and isis in america... and veterans are all like... ""wake me up when i can go fuck shit up and not go to iail for it""",train,4235,6574,6465,['pc_empty'],['attack_empty'],['pc_empty'],['attack_empty'],0.0,0.0,1.0,0.0,0.0,0.0,1.0,0.0,0.0,0.0,0.0,0.0,0.0,0.0,0.0,0.0,1.0,0.0,0.0,0.0,1.0,0.0,0.0,0.0,0.0,0.0,0.0,0.0,"A man dressed in a military uniform is holding a rifle, with a serious expression on his face.","man, military uniform, rifle, soldier, serious expression, weapon, army, military, male"
5863,img/05863.png,1.0,hello brother wait is that a shotgun?,train,3872,1105,2626,['pc_empty'],['attack_empty'],['pc_empty'],['attack_empty'],0.0,0.0,1.0,0.0,0.0,0.0,1.0,0.0,0.0,0.0,0.0,0.0,0.0,0.0,0.0,0.0,1.0,0.0,0.0,0.0,1.0,0.0,0.0,0.0,0.0,0.0,0.0,0.0,A brown and black dog is wearing a hat.,"dog, brown, black, hat, animal"
3289,img/03289.png,0.0,fuck banks fuck indians too,train,4244,1177,3341,['pc_empty'],['attack_empty'],['pc_empty'],['attack_empty'],0.0,0.0,1.0,0.0,0.0,0.0,1.0,0.0,0.0,0.0,0.0,0.0,0.0,0.0,0.0,0.0,1.0,0.0,0.0,0.0,1.0,0.0,0.0,0.0,0.0,0.0,0.0,0.0,"A man is sitting on the ground with his hands resting on his knees, facing forward in a casual posture.","man, sitting, ground, hands on knees, casual posture"
2168,img/02168.png,0.0,how many fucking accounts do you assholes have?,train,4246,6219,6144,['pc_empty'],['attack_empty'],['pc_empty'],['attack_empty'],0.0,0.0,1.0,0.0,0.0,0.0,1.0,0.0,0.0,0.0,0.0,0.0,0.0,0.0,0.0,0.0,1.0,0.0,0.0,0.0,1.0,0.0,0.0,0.0,0.0,0.0,0.0,0.0,"A man wearing a black shirt is holding a microphone, appearing to speak or address an audience.","man, black shirt, microphone, speaking, addressing, audience"
7236,img/07236.png,1.0,"when you realize that ""ginger"" is just the n-word, rearranged",train,4247,1179,2989,['race'],['slurs'],['race'],['slurs'],0.0,0.0,0.0,1.0,0.0,0.0,0.0,0.0,0.0,0.0,0.0,0.0,0.0,1.0,0.0,0.0,0.0,1.0,0.0,0.0,0.0,0.0,0.0,0.0,0.0,0.0,0.0,1.0,"A woman with glasses is smiling warmly at the camera, her facial expression appearing thoughtful yet cheerful.","woman, glasses, smiling, camera, thoughtful, cheerful, facial expression"
1975,img/01975.png,1.0,valentine in islamic countries,train,2920,881,982,['religion'],['dehumanizing'],['religion'],['dehumanizing'],0.0,0.0,0.0,0.0,1.0,0.0,0.0,0.0,1.0,0.0,0.0,0.0,0.0,0.0,0.0,0.0,0.0,0.0,1.0,0.0,0.0,0.0,1.0,0.0,0.0,0.0,0.0,0.0,"A young boy gently holds a baby goat while standing on a dirt road in a rural area, with natural surroundings visible.","young boy, baby goat, dirt road, rural, holding, natural surroundings"
5376,img/05376.png,0.0,did you know you are supposed to pull anal beads out slowly? i didn't... i started the wife up like a fucking chainsaw,train,4261,4068,3988,['pc_empty'],['attack_empty'],['pc_empty'],['attack_empty'],0.0,0.0,1.0,0.0,0.0,0.0,1.0,0.0,0.0,0.0,0.0,0.0,0.0,0.0,0.0,0.0,1.0,0.0,0.0,0.0,1.0,0.0,0.0,0.0,0.0,0.0,0.0,0.0,"A close-up view of a tiger resting on a rock, with its body stretched out and its head turned to the side.","tiger, close-up, rock, resting, wildlife, animal, nature"
7458,img/07458.png,1.0,transgender satan is not amused,train,1324,437,2608,['sex'],['dehumanizing'],['sex'],"['inferiority', 'dehumanizing']",0.0,0.0,0.0,0.0,0.0,1.0,0.0,0.0,1.0,0.0,0.0,0.0,0.0,0.0,0.0,0.0,0.0,0.0,0.0,1.0,0.0,0.0,1.0,0.0,0.0,1.0,0.0,0.0,"A person with an androgynous appearance, wearing a suit and glasses, is sitting at a table with a serious and unamused expression.","androgynous, suit, glasses, serious, unamused, table, person"
6791,img/06791.png,0.0,great news! my iq tests came back negative,train,4288,6064,1131,['pc_empty'],['attack_empty'],['pc_empty'],['attack_empty'],0.0,0.0,1.0,0.0,0.0,0.0,1.0,0.0,0.0,0.0,0.0,0.0,0.0,0.0,0.0,0.0,1.0,0.0,0.0,0.0,1.0,0.0,0.0,0.0,0.0,0.0,0.0,0.0,"A woman appears to be speaking or shouting in front of a group of people, with her mouth open and an expressive facial expression.","woman, mouth open, crowd, speaking, expression, people, group"
4321,img/04321.png,0.0,"""if that uckin bastard wins, we're all going to hang from nooses! you better fix this shit!"" -hillary clinton email to donna brazile october 17, 2016",train,4291,975,2367,['pc_empty'],['attack_empty'],['pc_empty'],['attack_empty'],0.0,0.0,1.0,0.0,0.0,0.0,1.0,0.0,0.0,0.0,0.0,0.0,0.0,0.0,0.0,0.0,1.0,0.0,0.0,0.0,1.0,0.0,0.0,0.0,0.0,0.0,0.0,0.0,"A woman wearing an orange dress is gesturing with her hand, possibly expressing a strong emotion.","woman, orange dress, gesture, emotion, hand"
1924,img/01924.png,1.0,whats the difference between a feminist and a suicide vest? a suicide vest actually accomplishes something when its triggered,train,4297,3859,3771,['sex'],['inferiority'],['sex'],"['inferiority', 'dehumanizing']",0.0,0.0,0.0,0.0,0.0,1.0,0.0,0.0,0.0,0.0,0.0,1.0,0.0,0.0,0.0,0.0,0.0,0.0,0.0,1.0,0.0,0.0,1.0,0.0,0.0,1.0,0.0,0.0,"A group of young women are holding protest signs and raising their voices toward the camera, appearing to participate in a public demonstration.","women, group, protest, signs, demonstration, shouting, public, activism"
2384,img/02384.png,0.0,caitlin jenner showing off her new whip,train,4302,4336,1134,['pc_empty'],['attack_empty'],['pc_empty'],['attack_empty'],0.0,0.0,1.0,0.0,0.0,0.0,1.0,0.0,0.0,0.0,0.0,0.0,0.0,0.0,0.0,0.0,1.0,0.0,0.0,0.0,1.0,0.0,0.0,0.0,0.0,0.0,0.0,0.0,A woman is standing next to a purple sports car in an outdoor setting.,"woman, purple, sports car, outdoor, standing, vehicle, car, person"
4637,img/04637.png,0.0,when your chinese food shows up completely uncooked,train,1579,516,5205,['pc_empty'],['attack_empty'],['pc_empty'],['attack_empty'],0.0,0.0,1.0,0.0,0.0,0.0,1.0,0.0,0.0,0.0,0.0,0.0,0.0,0.0,0.0,0.0,1.0,0.0,0.0,0.0,1.0,0.0,0.0,0.0,0.0,0.0,0.0,0.0,A middle-aged man with grey hair wearing a blue shirt is looking at something with a surprised or shocked expression.,"man, grey hair, blue shirt, surprised, shocked, middle-aged, facial expression"
5874,img/05874.png,0.0,how you like me now ?,train,4357,3205,1147,['pc_empty'],['attack_empty'],['pc_empty'],['attack_empty'],0.0,0.0,1.0,0.0,0.0,0.0,1.0,0.0,0.0,0.0,0.0,0.0,0.0,0.0,0.0,0.0,1.0,0.0,0.0,0.0,1.0,0.0,0.0,0.0,0.0,0.0,0.0,0.0,"A person is standing with bare feet in a bathtub, on a bathroom floor.","person, bare feet, bathtub, bathroom floor, standing"
4623,img/04623.png,1.0,"six kids, no husband, no job, and food stamps $10,000 back in income taxes",train,4359,1200,2839,['race'],['inferiority'],"['nationality', 'race', 'class']",['inferiority'],0.0,0.0,0.0,1.0,0.0,0.0,0.0,0.0,0.0,0.0,0.0,1.0,0.0,0.0,0.0,1.0,0.0,1.0,0.0,0.0,0.0,0.0,0.0,0.0,0.0,1.0,0.0,0.0,"Six children are gathered together outdoors, engaging with a ball in the street.","children, outdoors, street, ball, group, playing"
5369,img/05369.png,0.0,person i chase: *shows clear signs he doesn't want to do anything with me* me: i'm gonna pretend i didn't see that,train,4377,1203,4907,['pc_empty'],['attack_empty'],['pc_empty'],['attack_empty'],0.0,0.0,1.0,0.0,0.0,0.0,1.0,0.0,0.0,0.0,0.0,0.0,0.0,0.0,0.0,0.0,1.0,0.0,0.0,0.0,1.0,0.0,0.0,0.0,0.0,0.0,0.0,0.0,Several people are joining their hands together in a gesture of unity or teamwork.,"group, people, hands, together, unity, teamwork"
4379,img/04379.png,0.0,tfw you hear that you should be able to walk again with 2 months of pt,train,4385,6883,1152,['pc_empty'],['attack_empty'],['pc_empty'],['attack_empty'],0.0,0.0,1.0,0.0,0.0,0.0,1.0,0.0,0.0,0.0,0.0,0.0,0.0,0.0,0.0,0.0,1.0,0.0,0.0,0.0,1.0,0.0,0.0,0.0,0.0,0.0,0.0,0.0,"A man sits in a wheelchair with his arms outstretched, appearing hopeful or emotional.","man, wheelchair, arms outstretched, hopeful, emotional, seated, disability"
7354,img/07354.png,0.0,is there anything more beautiful than the islamic call to prayer?,train,2091,663,2170,['pc_empty'],['attack_empty'],['pc_empty'],['attack_empty'],0.0,0.0,1.0,0.0,0.0,0.0,1.0,0.0,0.0,0.0,0.0,0.0,0.0,0.0,0.0,0.0,1.0,0.0,0.0,0.0,1.0,0.0,0.0,0.0,0.0,0.0,0.0,0.0,"A person is lying on the floor near a prayer rug, suggesting a quiet and reflective environment.","person, lying, floor, prayer rug, reflection, quiet, interior, Islamic, prayer"
6874,img/06874.png,1.0,ach!! thats my car volkswagen cars produce more gaz than expected,train,4395,1208,3674,['religion'],['mocking'],['religion'],['mocking'],0.0,0.0,0.0,0.0,1.0,0.0,0.0,0.0,0.0,0.0,0.0,0.0,1.0,0.0,0.0,0.0,0.0,0.0,1.0,0.0,0.0,0.0,0.0,0.0,0.0,0.0,1.0,0.0,A black and white photo shows a man dressed in a suit.,"black and white, man, suit, photo, portrait"
1452,img/01452.png,0.0,the feeling after a long day at work,train,4406,5986,1156,['pc_empty'],['attack_empty'],['pc_empty'],['attack_empty'],0.0,0.0,1.0,0.0,0.0,0.0,1.0,0.0,0.0,0.0,0.0,0.0,0.0,0.0,0.0,0.0,1.0,0.0,0.0,0.0,1.0,0.0,0.0,0.0,0.0,0.0,0.0,0.0,"A mother gorilla gently sits in the grass with her baby nestled close, surrounded by green vegetation.","gorilla, mother, baby, grass, nature, green, wildlife"
6987,img/06987.png,0.0,that look you give when you got your fix but not your kids,train,4432,1216,5247,['disability'],['inferiority'],"['disability', 'sex']","['inferiority', 'dehumanizing', 'contempt']",1.0,0.0,0.0,0.0,0.0,0.0,0.0,0.0,0.0,0.0,0.0,1.0,0.0,0.0,1.0,0.0,0.0,0.0,0.0,1.0,0.0,1.0,1.0,0.0,0.0,1.0,0.0,0.0,"A woman is sitting on the ground outdoors, holding a cigarette in her hand and looking pensively into the distance.","woman, sitting, ground, cigarette, outdoors, pensive, hand, distance, smoking"
6425,img/06425.png,0.0,"if you have a problem with me..call me if you don't have my number, then that means you don't know me well enough to have a problem",train,4447,6182,36,['pc_empty'],['attack_empty'],['pc_empty'],['attack_empty'],0.0,0.0,1.0,0.0,0.0,0.0,1.0,0.0,0.0,0.0,0.0,0.0,0.0,0.0,0.0,0.0,1.0,0.0,0.0,0.0,1.0,0.0,0.0,0.0,0.0,0.0,0.0,0.0,"A man dressed in a formal suit is shown, suggesting a professional or serious demeanor.","man, suit, formal, professional, male, business, clothing"
7825,img/07825.png,0.0,men and women are sacrificing their lives doing this so that we can live peacfully in the comfort of our homes,train,4448,5946,5886,['pc_empty'],['attack_empty'],['pc_empty'],['attack_empty'],0.0,0.0,1.0,0.0,0.0,0.0,1.0,0.0,0.0,0.0,0.0,0.0,0.0,0.0,0.0,0.0,1.0,0.0,0.0,0.0,1.0,0.0,0.0,0.0,0.0,0.0,0.0,0.0,"Several people wearing camouflage uniforms are gathered around a small fire outdoors, appearing to manage or tend to it together.","camouflage, uniforms, fire, group, outdoors, people, gathered, teamwork"
7851,img/07851.png,0.0,feeling fresh for picture day,train,4461,6604,1166,['pc_empty'],['attack_empty'],['pc_empty'],['attack_empty'],0.0,0.0,1.0,0.0,0.0,0.0,1.0,0.0,0.0,0.0,0.0,0.0,0.0,0.0,0.0,0.0,1.0,0.0,0.0,0.0,1.0,0.0,0.0,0.0,0.0,0.0,0.0,0.0,"Two men stand together outside a building, both dressed neatly as if prepared for a formal or special occasion, appearing well-groomed and ready to have their photo taken.","two men, building, outside, well-groomed, formal, photo day, neatly dressed"
6739,img/06739.png,0.0,"i don't usually act like an asshole... ...but when i do, i'm probably fucking with someone from the shallow gene pool",train,4463,3306,327,['pc_empty'],['attack_empty'],['pc_empty'],['attack_empty'],0.0,0.0,1.0,0.0,0.0,0.0,1.0,0.0,0.0,0.0,0.0,0.0,0.0,0.0,0.0,0.0,1.0,0.0,0.0,0.0,1.0,0.0,0.0,0.0,0.0,0.0,0.0,0.0,"An older man with a beard wearing a black shirt, looking directly at the camera.","older man, beard, black shirt, portrait, direct gaze"
2165,img/02165.png,0.0,the difference between moderate muslim and radical muslim follow my allah or i kill you! follow my allah or he kill,train,4464,324,2119,['religion'],['dehumanizing'],['religion'],"['inferiority', 'dehumanizing', 'inciting_violence']",0.0,0.0,0.0,0.0,1.0,0.0,0.0,0.0,1.0,0.0,0.0,0.0,0.0,0.0,0.0,0.0,0.0,0.0,1.0,0.0,0.0,0.0,1.0,0.0,1.0,1.0,0.0,0.0,"A man wearing a white shirt is holding a phone to his ear, appearing to be engaged in a conversation.","man, white shirt, phone, conversation, talking"
5327,img/05327.png,0.0,i just realized that all i can be is true to myself not matter what,train,4468,5716,1167,['pc_empty'],['attack_empty'],['pc_empty'],['attack_empty'],0.0,0.0,1.0,0.0,0.0,0.0,1.0,0.0,0.0,0.0,0.0,0.0,0.0,0.0,0.0,0.0,1.0,0.0,0.0,0.0,1.0,0.0,0.0,0.0,0.0,0.0,0.0,0.0,"A woman wearing a red shirt is gazing directly at the camera, appearing thoughtful and composed.","woman, red shirt, camera, thoughtful, gazing, portrait, photography"
4126,img/04126.png,1.0,"hitler be like ""you sure i killed 6 million? they aint up here",train,4513,3994,1172,['religion'],['mocking'],['religion'],['mocking'],0.0,0.0,0.0,0.0,1.0,0.0,0.0,0.0,0.0,0.0,0.0,0.0,1.0,0.0,0.0,0.0,0.0,0.0,1.0,0.0,0.0,0.0,0.0,0.0,0.0,0.0,1.0,0.0,A man is walking on a ladder suspended in mid-air above a backdrop of clouds.,"man, ladder, walking, clouds, suspended, sky, mid-air"
2974,img/02974.png,1.0,"it might look fucked up, but her handjobs are fucking unbelievable",train,4525,1230,109,['disability'],"['inferiority', 'contempt']","['disability', 'sex']","['inferiority', 'contempt']",1.0,0.0,0.0,0.0,0.0,0.0,0.0,1.0,0.0,0.0,0.0,1.0,0.0,0.0,1.0,0.0,0.0,0.0,0.0,1.0,0.0,1.0,0.0,0.0,0.0,1.0,0.0,0.0,"A close-up image shows a pair of hands with a bright, glowing yellow flame resting above them.","hands, flame, yellow, glowing, close-up"
1472,img/01472.png,0.0,in my country this headdress is common to wear if you want to. here in other countries i am also free to wear it if i want to,train,4547,5472,5426,['pc_empty'],['attack_empty'],['pc_empty'],['attack_empty'],0.0,0.0,1.0,0.0,0.0,0.0,1.0,0.0,0.0,0.0,0.0,0.0,0.0,0.0,0.0,0.0,1.0,0.0,0.0,0.0,1.0,0.0,0.0,0.0,0.0,0.0,0.0,0.0,A woman wearing a headdress sits at a table holding a drink in her hand.,"woman, headdress, table, drink, sitting, hand"
1854,img/01854.png,1.0,goes for when an indian walk with his dog,train,4565,889,1176,['pc_empty'],['attack_empty'],['pc_empty'],['attack_empty'],0.0,0.0,1.0,0.0,0.0,0.0,1.0,0.0,0.0,0.0,0.0,0.0,0.0,0.0,0.0,0.0,1.0,0.0,0.0,0.0,1.0,0.0,0.0,0.0,0.0,0.0,0.0,0.0,An Indian person walking with their dog in front of a building.,"Indian, person, dog, walking, building, outdoor, companion, urban, daytime"
4975,img/04975.png,0.0,look at me this is my meme now,train,4576,6753,6643,['pc_empty'],['attack_empty'],['pc_empty'],['attack_empty'],0.0,0.0,1.0,0.0,0.0,0.0,1.0,0.0,0.0,0.0,0.0,0.0,0.0,0.0,0.0,0.0,1.0,0.0,0.0,0.0,1.0,0.0,0.0,0.0,0.0,0.0,0.0,0.0,A close-up image of a pink toy placed against a green background.,"pink toy, close-up, green background, toy, object"
1423,img/01423.png,0.0,when you want to nap after a long day of mudding,train,4586,2159,1179,['pc_empty'],['attack_empty'],['pc_empty'],['attack_empty'],0.0,0.0,1.0,0.0,0.0,0.0,1.0,0.0,0.0,0.0,0.0,0.0,0.0,0.0,0.0,0.0,1.0,0.0,0.0,0.0,1.0,0.0,0.0,0.0,0.0,0.0,0.0,0.0,"A man lies unclothed on a bed with his head resting on a pillow, appearing exhausted and relaxed, possibly after physical activity.","man, bed, pillow, naked, resting, exhausted, relaxed"
6534,img/06534.png,0.0,sorry white guys but i only date black guys,train,4588,1241,6247,['race'],['dehumanizing'],['race'],"['inferiority', 'dehumanizing']",0.0,0.0,0.0,1.0,0.0,0.0,0.0,0.0,1.0,0.0,0.0,0.0,0.0,0.0,0.0,0.0,0.0,1.0,0.0,0.0,0.0,0.0,1.0,0.0,0.0,1.0,0.0,0.0,A young girl is shown with a visible bruise on her face.,"young girl, bruise, face, injury, female, youth"
2814,img/02814.png,1.0,want to party? yeah i'm down,train,3466,1019,1183,['disability'],['inferiority'],['disability'],"['mocking', 'inferiority']",1.0,0.0,0.0,0.0,0.0,0.0,0.0,0.0,0.0,0.0,0.0,1.0,0.0,0.0,1.0,0.0,0.0,0.0,0.0,0.0,0.0,0.0,0.0,0.0,0.0,1.0,1.0,0.0,A woman wearing a white shirt and glasses is holding a piece of paper and appears to be looking forward.,"woman, white shirt, glasses, piece of paper, holding, looking forward"
5273,img/05273.png,1.0,"someone needs to invent car fax for vaginas ""i have only been with one guy."" ""yeah sure, show me the whorefax.""",train,4614,2336,2224,['sex'],['inferiority'],['sex'],['inferiority'],0.0,0.0,0.0,0.0,0.0,1.0,0.0,0.0,0.0,0.0,0.0,1.0,0.0,0.0,0.0,0.0,0.0,0.0,0.0,1.0,0.0,0.0,0.0,0.0,0.0,1.0,0.0,0.0,"A man is dressed formally in a tuxedo suit and bow tie, appearing well-groomed in a professional setting.","man, tuxedo, suit, bow tie, formal attire, professional, well-groomed"
4629,img/04629.png,0.0,halloween was great this year,train,4619,3548,1186,['pc_empty'],['attack_empty'],['pc_empty'],['attack_empty'],0.0,0.0,1.0,0.0,0.0,0.0,1.0,0.0,0.0,0.0,0.0,0.0,0.0,0.0,0.0,0.0,1.0,0.0,0.0,0.0,1.0,0.0,0.0,0.0,0.0,0.0,0.0,0.0,"A gorilla sitting in the grass with its mouth open, possibly calling or expressing emotion, surrounded by natural outdoor scenery.","gorilla, grass, mouth open, nature, outdoors"
6127,img/06127.png,0.0,when you ask the stoke patient to smile,train,3121,935,4068,['pc_empty'],['attack_empty'],['pc_empty'],['attack_empty'],0.0,0.0,1.0,0.0,0.0,0.0,1.0,0.0,0.0,0.0,0.0,0.0,0.0,0.0,0.0,0.0,1.0,0.0,0.0,0.0,1.0,0.0,0.0,0.0,0.0,0.0,0.0,0.0,"An elderly woman is lying in a hospital bed, with a dog nearby.","elderly woman, hospital bed, dog, lying, patient, indoor, hospital room"
2657,img/02657.png,1.0,oh look someone's returning a broken sandwich maker to walmart,train,3701,1071,72,['sex'],['dehumanizing'],['sex'],['dehumanizing'],0.0,0.0,0.0,0.0,0.0,1.0,0.0,0.0,1.0,0.0,0.0,0.0,0.0,0.0,0.0,0.0,0.0,0.0,0.0,1.0,0.0,0.0,1.0,0.0,0.0,0.0,0.0,0.0,"A woman is sitting inside a shopping cart, possibly in a store setting.","woman, shopping cart, store, sitting, indoor, shopping, cart"
2471,img/02471.png,0.0,when you walk into the welfare office hello monkeys,train,4622,3351,3259,['pc_empty'],['attack_empty'],['pc_empty'],['attack_empty'],0.0,0.0,1.0,0.0,0.0,0.0,1.0,0.0,0.0,0.0,0.0,0.0,0.0,0.0,0.0,0.0,1.0,0.0,0.0,0.0,1.0,0.0,0.0,0.0,0.0,0.0,0.0,0.0,"A young girl sits on a chair beside a large gorilla, both positioned next to each other, with the gorilla exhibiting a calm demeanor.","girl, chair, gorilla, sitting, calm, large, next to, young"
5476,img/05476.png,0.0,greetings white person time to die,train,3480,1023,5725,['pc_empty'],['attack_empty'],['pc_empty'],['attack_empty'],0.0,0.0,1.0,0.0,0.0,0.0,1.0,0.0,0.0,0.0,0.0,0.0,0.0,0.0,0.0,0.0,1.0,0.0,0.0,0.0,1.0,0.0,0.0,0.0,0.0,0.0,0.0,0.0,A woman is positioned beside a large sculpture resembling a crocodile.,"woman, sculpture, crocodile, person, artwork"
1736,img/01736.png,0.0,korean war soldiers come home msnbc no live coverage cnn 58 seconds nbc no coverage abc 24 seconds cbc no coverage share if they should be ashamed,train,4628,3373,3288,['pc_empty'],['attack_empty'],['pc_empty'],['attack_empty'],0.0,0.0,1.0,0.0,0.0,0.0,1.0,0.0,0.0,0.0,0.0,0.0,0.0,0.0,0.0,0.0,1.0,0.0,0.0,0.0,1.0,0.0,0.0,0.0,0.0,0.0,0.0,0.0,"Several coffins are arranged in a row, each draped with an American flag, in a solemn setting.","coffins, American flags, row, solemn, draped, military, ceremony"
1467,img/01467.png,0.0,it's a great day to be a honky!,train,4639,4507,4437,['race'],['slurs'],['race'],['slurs'],0.0,0.0,0.0,1.0,0.0,0.0,0.0,0.0,0.0,0.0,0.0,0.0,0.0,1.0,0.0,0.0,0.0,1.0,0.0,0.0,0.0,0.0,0.0,0.0,0.0,0.0,0.0,1.0,A man is smiling and giving a thumbs up gesture with one of his hands.,"man, thumbs up, gesture, smiling, hand"
4732,img/04732.png,0.0,trump supporters be like make america great again,train,4657,6945,56,['pc_empty'],['attack_empty'],['pc_empty'],['attack_empty'],0.0,0.0,1.0,0.0,0.0,0.0,1.0,0.0,0.0,0.0,0.0,0.0,0.0,0.0,0.0,0.0,1.0,0.0,0.0,0.0,1.0,0.0,0.0,0.0,0.0,0.0,0.0,0.0,"A close-up image shows a man with a visible beard looking directly at the camera, capturing his facial features in detail.","man, beard, close-up, face, facial features"
5947,img/05947.png,0.0,still more confirmed sightings than 28 nosler ammo,train,4659,3593,1060,['pc_empty'],['attack_empty'],['pc_empty'],['attack_empty'],0.0,0.0,1.0,0.0,0.0,0.0,1.0,0.0,0.0,0.0,0.0,0.0,0.0,0.0,0.0,0.0,1.0,0.0,0.0,0.0,1.0,0.0,0.0,0.0,0.0,0.0,0.0,0.0,"A bigfoot creature is present in the middle of a stream, surrounded by natural outdoor scenery.","bigfoot, creature, stream, outdoors, nature, water, forest, wildlife"
6952,img/06952.png,0.0,motorcross bikes are ridden by drug dealers and gang members because they can easily elude law enforcement mothers against death sports if your child has an interest in motorcross they may have joined a gang or be involved in the illegal drug trade,train,4671,5940,5877,['pc_empty'],['attack_empty'],['pc_empty'],['attack_empty'],0.0,0.0,1.0,0.0,0.0,0.0,1.0,0.0,0.0,0.0,0.0,0.0,0.0,0.0,0.0,0.0,1.0,0.0,0.0,0.0,1.0,0.0,0.0,0.0,0.0,0.0,0.0,0.0,"A man is sitting on a motorcycle that is parked on the side of a paved road, with sparse vegetation visible in the background. He is wearing casual clothing and a helmet.","man, motorcycle, roadside, helmet, paved road, sparse vegetation, parking, outdoors"
2561,img/02561.png,1.0,"we are coming to america one way or another! we will rape, pillage, & reap havoc riot on your nation while stealing your welfare",train,4675,1252,6272,"['race', 'nationality']",['dehumanizing'],"['nationality', 'race']","['inferiority', 'dehumanizing', 'inciting_violence']",0.0,1.0,0.0,1.0,0.0,0.0,0.0,0.0,1.0,0.0,0.0,0.0,0.0,0.0,0.0,1.0,0.0,1.0,0.0,0.0,0.0,0.0,1.0,0.0,1.0,1.0,0.0,0.0,"A young boy is positioned in front of an American flag, facing the camera with a neutral expression.","boy, American flag, child, portrait, flag background"
3942,img/03942.png,0.0,they're just like anyone else,train,4683,4926,1198,['pc_empty'],['attack_empty'],['pc_empty'],['attack_empty'],0.0,0.0,1.0,0.0,0.0,0.0,1.0,0.0,0.0,0.0,0.0,0.0,0.0,0.0,0.0,0.0,1.0,0.0,0.0,0.0,1.0,0.0,0.0,0.0,0.0,0.0,0.0,0.0,A man is sitting on a chair and looking at his phone in a relaxed manner.,"man, chair, phone, sitting, relaxed, looking"
1348,img/01348.png,0.0,meanwhile at the isis strip club,train,117,39,41,['pc_empty'],['attack_empty'],['pc_empty'],['attack_empty'],0.0,0.0,1.0,0.0,0.0,0.0,1.0,0.0,0.0,0.0,0.0,0.0,0.0,0.0,0.0,0.0,1.0,0.0,0.0,0.0,1.0,0.0,0.0,0.0,0.0,0.0,0.0,0.0,Two men are seen near a flock of sheep in an outdoor rural setting.,"men, sheep, flock, outdoor, rural, animals"
2536,img/02536.png,0.0,don't drink and drive,train,4704,2318,1204,['pc_empty'],['attack_empty'],['pc_empty'],['attack_empty'],0.0,0.0,1.0,0.0,0.0,0.0,1.0,0.0,0.0,0.0,0.0,0.0,0.0,0.0,0.0,0.0,1.0,0.0,0.0,0.0,1.0,0.0,0.0,0.0,0.0,0.0,0.0,0.0,"A cross is lying in the grass near a parked car, symbolizing a memorial or warning.","cross, grass, car, memorial, warning"
6293,img/06293.png,1.0,do you know how to end transphobia? killing all trans people,train,4707,4918,4861,['sex'],['inciting_violence'],['sex'],['inciting_violence'],0.0,0.0,0.0,0.0,0.0,1.0,0.0,0.0,0.0,0.0,1.0,0.0,0.0,0.0,0.0,0.0,0.0,0.0,0.0,1.0,0.0,0.0,0.0,0.0,1.0,0.0,0.0,0.0,"A man wearing a suit and tie is sitting at a desk, using a laptop.","man, suit, tie, desk, laptop, sitting"
5793,img/05793.png,0.0,name something females say before sucking dick,train,4714,6297,6216,['pc_empty'],['attack_empty'],['pc_empty'],['attack_empty'],0.0,0.0,1.0,0.0,0.0,0.0,1.0,0.0,0.0,0.0,0.0,0.0,0.0,0.0,0.0,0.0,1.0,0.0,0.0,0.0,1.0,0.0,0.0,0.0,0.0,0.0,0.0,0.0,"A man and a woman are positioned together, appearing to be engaged in a private, potentially intimate conversation, with both individuals focused on each other.","man, woman, intimate, conversation, together, focus, people"
1698,img/01698.png,1.0,this guy cut her head off workplace violence my ass,train,4729,4581,4511,['pc_empty'],['attack_empty'],['pc_empty'],['attack_empty'],0.0,0.0,1.0,0.0,0.0,0.0,1.0,0.0,0.0,0.0,0.0,0.0,0.0,0.0,0.0,0.0,1.0,0.0,0.0,0.0,1.0,0.0,0.0,0.0,0.0,0.0,0.0,0.0,A woman wearing a pink shirt is next to a Black man with a beard.,"woman, pink shirt, Black man, beard, two people"
5824,img/05824.png,0.0,"keep yelling, motherfuckers you're just playing call of duty",train,4735,3986,1211,['pc_empty'],['attack_empty'],['pc_empty'],['attack_empty'],0.0,0.0,1.0,0.0,0.0,0.0,1.0,0.0,0.0,0.0,0.0,0.0,0.0,0.0,0.0,0.0,1.0,0.0,0.0,0.0,1.0,0.0,0.0,0.0,0.0,0.0,0.0,0.0,"A man is holding a rifle with both hands while standing in front of a plain wall, wearing casual clothing.","man, rifle, wall, casual clothing, holding, front, weapon"
1498,img/01498.png,0.0,democrats claim daca kids shouldn't have to pay for their parent's crimes... ...but white people are still responsible for 17th century slave owners??,train,4747,196,6769,['pc_empty'],['attack_empty'],['pc_empty'],['attack_empty'],0.0,0.0,1.0,0.0,0.0,0.0,1.0,0.0,0.0,0.0,0.0,0.0,0.0,0.0,0.0,0.0,1.0,0.0,0.0,0.0,1.0,0.0,0.0,0.0,0.0,0.0,0.0,0.0,"A woman with red hair is shown making an exaggerated facial expression, with the background and setting not clearly visible.","woman, red hair, facial expression, funny face, portrait"
6715,img/06715.png,0.0,take them to the zoo they said they'll learn something new they said,train,4754,6919,6801,['pc_empty'],['attack_empty'],['pc_empty'],['attack_empty'],0.0,0.0,1.0,0.0,0.0,0.0,1.0,0.0,0.0,0.0,0.0,0.0,0.0,0.0,0.0,0.0,1.0,0.0,0.0,0.0,1.0,0.0,0.0,0.0,0.0,0.0,0.0,0.0,"Two people are sitting together on a wooden bench, likely in an outdoor public area such as a park or zoo.","two people, wooden bench, sitting, outdoors, public area, park, zoo"
5726,img/05726.png,0.0,a stork might bring you a baby but a swallow never will,train,4760,6772,978,['pc_empty'],['attack_empty'],['pc_empty'],['attack_empty'],0.0,0.0,1.0,0.0,0.0,0.0,1.0,0.0,0.0,0.0,0.0,0.0,0.0,0.0,0.0,0.0,1.0,0.0,0.0,0.0,1.0,0.0,0.0,0.0,0.0,0.0,0.0,0.0,A woman with long brown hair is facing the camera against a plain background.,"woman, long brown hair, facing camera, portrait, plain background"
1746,img/01746.png,0.0,everyone told me you gonna be a blessing,train,4766,1928,361,['pc_empty'],['attack_empty'],['pc_empty'],['attack_empty'],0.0,0.0,1.0,0.0,0.0,0.0,1.0,0.0,0.0,0.0,0.0,0.0,0.0,0.0,0.0,0.0,1.0,0.0,0.0,0.0,1.0,0.0,0.0,0.0,0.0,0.0,0.0,0.0,"A young girl is gently holding a smaller child, both showing calm and affectionate expressions.","girl, child, holding, affection, gentle, young, calm, expressions"
4153,img/04153.png,0.0,let's end racism,train,4178,1165,1761,['pc_empty'],['attack_empty'],['pc_empty'],['attack_empty'],0.0,0.0,1.0,0.0,0.0,0.0,1.0,0.0,0.0,0.0,0.0,0.0,0.0,0.0,0.0,0.0,1.0,0.0,0.0,0.0,1.0,0.0,0.0,0.0,0.0,0.0,0.0,0.0,"A pair of shoes is placed directly on a flat ground surface, viewed from above in a simple and neutral setting.","shoes, pair, ground, flat surface, overhead view"
3495,img/03495.png,0.0,"when your homie throws a heart react on your status just fucking kiss me, man",train,4782,6906,6792,['pc_empty'],['attack_empty'],['pc_empty'],['attack_empty'],0.0,0.0,1.0,0.0,0.0,0.0,1.0,0.0,0.0,0.0,0.0,0.0,0.0,0.0,0.0,0.0,1.0,0.0,0.0,0.0,1.0,0.0,0.0,0.0,0.0,0.0,0.0,0.0,A man dressed in a suit and tie is visible.,"man, suit, tie, formal, male, clothing"
7238,img/07238.png,0.0,"uh oh, guess what day it is trump day",train,4783,1824,1736,['pc_empty'],['attack_empty'],['pc_empty'],['attack_empty'],0.0,0.0,1.0,0.0,0.0,0.0,1.0,0.0,0.0,0.0,0.0,0.0,0.0,0.0,0.0,0.0,1.0,0.0,0.0,0.0,1.0,0.0,0.0,0.0,0.0,0.0,0.0,0.0,"A close-up image showing the face of a camel, highlighting its facial features such as the eyes, nose, and mouth, with the background out of focus.","camel, close-up, animal face, eyes, nose, mouth, background"
7261,img/07261.png,1.0,so you are telling me american gypsies are just white trash,train,4784,2656,2554,"['race', 'nationality']",['dehumanizing'],"['nationality', 'race']",['dehumanizing'],0.0,1.0,0.0,1.0,0.0,0.0,0.0,0.0,1.0,0.0,0.0,0.0,0.0,0.0,0.0,1.0,0.0,1.0,0.0,0.0,0.0,0.0,1.0,0.0,0.0,0.0,0.0,0.0,"A woman is holding a glowing ball in her hands, her facial expression serious and the background dark, emphasizing the light from the ball.","woman, glowing ball, hands, serious expression, dark background, light"
1743,img/01743.png,0.0,sen mitt romney wall declaration let's make this his last term wwg1wga! utah voted against trumps emergency,train,4820,4446,4375,['pc_empty'],['attack_empty'],['pc_empty'],['attack_empty'],0.0,0.0,1.0,0.0,0.0,0.0,1.0,0.0,0.0,0.0,0.0,0.0,0.0,0.0,0.0,0.0,1.0,0.0,0.0,0.0,1.0,0.0,0.0,0.0,0.0,0.0,0.0,0.0,"A middle-aged man smiling at the camera, dressed in formal attire, with a neutral indoor background.","man, smiling, middle-aged, formal attire, indoor, camera, portrait"
6147,img/06147.png,0.0,it's the this is the qur'an islamic sacred book,train,4826,3172,1157,['pc_empty'],['attack_empty'],['pc_empty'],['attack_empty'],0.0,0.0,1.0,0.0,0.0,0.0,1.0,0.0,0.0,0.0,0.0,0.0,0.0,0.0,0.0,0.0,1.0,0.0,0.0,0.0,1.0,0.0,0.0,0.0,0.0,0.0,0.0,0.0,"A copy of the Qur'an, the Islamic sacred book, is placed on a glass table.","Qur'an, Islamic, sacred book, glass table, book"
2316,img/02316.png,1.0,they can kill the messenger but they can't kill the message,train,4538,1233,1230,['pc_empty'],['attack_empty'],['pc_empty'],['attack_empty'],0.0,0.0,1.0,0.0,0.0,0.0,1.0,0.0,0.0,0.0,0.0,0.0,0.0,0.0,0.0,0.0,1.0,0.0,0.0,0.0,1.0,0.0,0.0,0.0,0.0,0.0,0.0,0.0,A man wearing a black shirt and blue jeans is making a thumbs-up gesture.,"man, black shirt, blue jeans, thumbs-up, gesture"
2958,img/02958.png,1.0,when you forget that your blind friend has a heightened sense of smell bro. chop a fuckin line up for me,train,4875,5142,5071,['pc_empty'],['attack_empty'],['pc_empty'],['attack_empty'],0.0,0.0,1.0,0.0,0.0,0.0,1.0,0.0,0.0,0.0,0.0,0.0,0.0,0.0,0.0,0.0,1.0,0.0,0.0,0.0,1.0,0.0,0.0,0.0,0.0,0.0,0.0,0.0,A man with a beard is wearing a sweater.,"man, beard, sweater, person, facial hair"
5479,img/05479.png,0.0,"this is steve, he lives with both parents, who both work. no one in his family has a middle name in their facebook name, like javeon doingbigthings jackson. everyone in his family can swim",train,4900,1289,5318,['pc_empty'],['attack_empty'],['pc_empty'],['attack_empty'],0.0,0.0,1.0,0.0,0.0,0.0,1.0,0.0,0.0,0.0,0.0,0.0,0.0,0.0,0.0,0.0,1.0,0.0,0.0,0.0,1.0,0.0,0.0,0.0,0.0,0.0,0.0,0.0,A man wearing a swimming cap and goggles is in a swimming pool.,"man, swimming cap, goggles, pool, swimming"
2975,img/02975.png,0.0,you never realize how little self control you actually have until chips and salsa are in front of you at the mexican restaurant,train,4905,4389,4319,['pc_empty'],['attack_empty'],['pc_empty'],['attack_empty'],0.0,0.0,1.0,0.0,0.0,0.0,1.0,0.0,0.0,0.0,0.0,0.0,0.0,0.0,0.0,0.0,1.0,0.0,0.0,0.0,1.0,0.0,0.0,0.0,0.0,0.0,0.0,0.0,"A bowl containing salsa sauce is placed next to a pile of crispy tortilla chips, likely served together as an appetizer.","salsa, tortilla chips, bowl, appetizer, crispy, sauce, snack"
2857,img/02857.png,1.0,"i love it when women go to school. it's like seeing a monkey on roller skates: it means nothing to them, but it's so adorable for us",train,4911,4297,4222,['sex'],['dehumanizing'],['sex'],"['inferiority', 'dehumanizing']",0.0,0.0,0.0,0.0,0.0,1.0,0.0,0.0,1.0,0.0,0.0,0.0,0.0,0.0,0.0,0.0,0.0,0.0,0.0,1.0,0.0,0.0,1.0,0.0,0.0,1.0,0.0,0.0,A man with a beard and glasses is positioned in front of a pink background.,"man, beard, glasses, pink background, portrait"
5398,img/05398.png,1.0,when a cop pulls his gun on you but you're white gotcha,train,4912,4998,4941,['race'],['dehumanizing'],['race'],"['dehumanizing', 'inciting_violence']",0.0,0.0,0.0,1.0,0.0,0.0,0.0,0.0,1.0,0.0,0.0,0.0,0.0,0.0,0.0,0.0,0.0,1.0,0.0,0.0,0.0,0.0,1.0,0.0,1.0,0.0,0.0,0.0,"A person's hand is extended and pointing at something, with the image set against a plain white background.","hand, pointing, person, white background, gesture"
3659,img/03659.png,0.0,"""i hope the electoral college gets beat in the ncaa tournament""",train,4917,874,6380,['pc_empty'],['attack_empty'],['pc_empty'],['attack_empty'],0.0,0.0,1.0,0.0,0.0,0.0,1.0,0.0,0.0,0.0,0.0,0.0,0.0,0.0,0.0,0.0,1.0,0.0,0.0,0.0,1.0,0.0,0.0,0.0,0.0,0.0,0.0,0.0,"A woman wearing a white shirt is posing with her hand raised, forming a peace sign gesture.","woman, white shirt, peace sign, hand gesture, posing"
4729,img/04729.png,0.0,what if punk is just gangsta rap for white kids,train,4919,6729,6625,['pc_empty'],['attack_empty'],['pc_empty'],['attack_empty'],0.0,0.0,1.0,0.0,0.0,0.0,1.0,0.0,0.0,0.0,0.0,0.0,0.0,0.0,0.0,0.0,1.0,0.0,0.0,0.0,1.0,0.0,0.0,0.0,0.0,0.0,0.0,0.0,"Several people are seated closely together in a group, suggesting they are part of a social gathering or discussion.","group, people, sitting, together, gathering, discussion"
6514,img/06514.png,0.0,halal... is it meat you're looking for?,train,1766,578,6320,['pc_empty'],['attack_empty'],['pc_empty'],['attack_empty'],0.0,0.0,1.0,0.0,0.0,0.0,1.0,0.0,0.0,0.0,0.0,0.0,0.0,0.0,0.0,0.0,1.0,0.0,0.0,0.0,1.0,0.0,0.0,0.0,0.0,0.0,0.0,0.0,"A woman is sitting near a body of water, eating from a plate of food that may contain halal meat.","woman, plate of food, halal, meat, water, eating"
7159,img/07159.png,0.0,when the school shooter finally leaves and the hottest girl in class is laying dead on the floor it's free real estate,train,4925,1292,5824,['sex'],['mocking'],"['race', 'sex']","['mocking', 'contempt', 'inciting_violence']",0.0,0.0,0.0,0.0,0.0,1.0,0.0,0.0,0.0,0.0,0.0,0.0,1.0,0.0,0.0,0.0,0.0,1.0,0.0,1.0,0.0,1.0,0.0,0.0,1.0,0.0,1.0,0.0,"A man wearing a black shirt is smiling at the camera, with an expression that could be interpreted as incongruously cheerful given a potentially serious or inappropriate context.","man, black shirt, smiling, camera, expression, serious context, incongruity"
1943,img/01943.png,1.0,person i chase: *shows clear signs he doesn't want to do anything with me* me: i'm gonna pretend i didn't see that,train,4377,1203,1244,['disability'],['inferiority'],['disability'],['inferiority'],1.0,0.0,0.0,0.0,0.0,0.0,0.0,0.0,0.0,0.0,0.0,1.0,0.0,0.0,1.0,0.0,0.0,0.0,0.0,0.0,0.0,0.0,0.0,0.0,0.0,1.0,0.0,0.0,A black and white photo shows a man holding a microphone while speaking.,"black and white, man, microphone, speaking, photo"
6125,img/06125.png,0.0,imma ask this question only once who's got my fucking lighter,train,4936,7313,7181,['pc_empty'],['attack_empty'],['pc_empty'],['attack_empty'],0.0,0.0,1.0,0.0,0.0,0.0,1.0,0.0,0.0,0.0,0.0,0.0,0.0,0.0,0.0,0.0,1.0,0.0,0.0,0.0,1.0,0.0,0.0,0.0,0.0,0.0,0.0,0.0,"A cat is positioned in front of a mirror, with its front paws raised toward the reflective surface.","cat, mirror, reflection, raised paws, animal, indoors"
2816,img/02816.png,1.0,help im downing,train,4945,2427,62,['disability'],['inferiority'],['disability'],"['inferiority', 'inciting_violence']",1.0,0.0,0.0,0.0,0.0,0.0,0.0,0.0,0.0,0.0,0.0,1.0,0.0,0.0,1.0,0.0,0.0,0.0,0.0,0.0,0.0,0.0,0.0,0.0,1.0,1.0,0.0,0.0,"A young girl is in a swimming pool, partially submerged in water, with a flower held in her mouth, appearing to be in distress.","girl, swimming pool, flower, water, distress, submerged, young girl"
4689,img/04689.png,0.0,illegal immigration the cowboy way we'll know them if they try to come back in!,train,4947,1296,2283,['pc_empty'],['attack_empty'],['pc_empty'],['attack_empty'],0.0,0.0,1.0,0.0,0.0,0.0,1.0,0.0,0.0,0.0,0.0,0.0,0.0,0.0,0.0,0.0,1.0,0.0,0.0,0.0,1.0,0.0,0.0,0.0,0.0,0.0,0.0,0.0,"A man is sitting on a brown horse outdoors, wearing a cowboy hat and casual western clothing.","man, brown horse, cowboy hat, western clothing, outdoors"
3189,img/03189.png,0.0,"if a man wants you, he will come and get you",train,4948,7449,7314,['pc_empty'],['attack_empty'],['pc_empty'],['attack_empty'],0.0,0.0,1.0,0.0,0.0,0.0,1.0,0.0,0.0,0.0,0.0,0.0,0.0,0.0,0.0,0.0,1.0,0.0,0.0,0.0,1.0,0.0,0.0,0.0,0.0,0.0,0.0,0.0,"Two people are sitting at a table, holding hands with their fingers intertwined.","two people, holding hands, table, sitting, intertwined fingers"
4295,img/04295.png,0.0,when black people say they are native american,train,4953,1297,3002,['pc_empty'],['attack_empty'],['pc_empty'],['attack_empty'],0.0,0.0,1.0,0.0,0.0,0.0,1.0,0.0,0.0,0.0,0.0,0.0,0.0,0.0,0.0,0.0,1.0,0.0,0.0,0.0,1.0,0.0,0.0,0.0,0.0,0.0,0.0,0.0,"An elderly woman is wearing a traditional feather headdress, which is often associated with Native American culture.","elderly woman, feather headdress, traditional, Native American, culture, headdress, woman"
6842,img/06842.png,0.0,"when your trying explain why you were out last night with the boys . ""look honey""",train,4968,4147,1246,['pc_empty'],['attack_empty'],['pc_empty'],['attack_empty'],0.0,0.0,1.0,0.0,0.0,0.0,1.0,0.0,0.0,0.0,0.0,0.0,0.0,0.0,0.0,0.0,1.0,0.0,0.0,0.0,1.0,0.0,0.0,0.0,0.0,0.0,0.0,0.0,"A man dressed in a suit and tie is speaking at a podium, appearing to address an audience.","man, suit, tie, podium, speaking, audience, formal, speech"
5986,img/05986.png,0.0,"we need to be like new zealand new zealand banned rifles, then move to new zealand bitch",train,4982,7277,7150,['pc_empty'],['attack_empty'],['pc_empty'],['attack_empty'],0.0,0.0,1.0,0.0,0.0,0.0,1.0,0.0,0.0,0.0,0.0,0.0,0.0,0.0,0.0,0.0,1.0,0.0,0.0,0.0,1.0,0.0,0.0,0.0,0.0,0.0,0.0,0.0,"A woman wearing glasses is in the foreground, while a man is visible in the background.","woman, glasses, man, foreground, background"
5614,img/05614.png,1.0,"the answer to the age-old question, does a bear shit in the woods? answer... yes they do! answer... yes they do! and here is scientific proof and here is scientific proof",train,4985,153,3485,['race'],['dehumanizing'],"['race', 'sex']",['dehumanizing'],0.0,0.0,0.0,1.0,0.0,0.0,0.0,0.0,1.0,0.0,0.0,0.0,0.0,0.0,0.0,0.0,0.0,1.0,0.0,1.0,0.0,0.0,1.0,0.0,0.0,0.0,0.0,0.0,"A woman is speaking to an audience at the White House, with a podium in front of her and the presidential seal visible.","woman, audience, White House, podium, presidential seal, speech, event"
1269,img/01269.png,1.0,kermit the frog definitely not a muslim,train,4995,6197,6125,['religion'],['contempt'],['religion'],['contempt'],0.0,0.0,0.0,0.0,1.0,0.0,0.0,1.0,0.0,0.0,0.0,0.0,0.0,0.0,0.0,0.0,0.0,0.0,1.0,0.0,0.0,1.0,0.0,0.0,0.0,0.0,0.0,0.0,A green frog puppet is placed on top of a white rectangular box.,"green, frog, puppet, white box, stuffed animal, Kermit, toy"
3849,img/03849.png,0.0,gmc short for give me cock,train,4997,5855,5791,['pc_empty'],['attack_empty'],['pc_empty'],['attack_empty'],0.0,0.0,1.0,0.0,0.0,0.0,1.0,0.0,0.0,0.0,0.0,0.0,0.0,0.0,0.0,0.0,1.0,0.0,0.0,0.0,1.0,0.0,0.0,0.0,0.0,0.0,0.0,0.0,"A silver GMC truck is showcased indoors, likely at an automotive exhibition, with bright lighting emphasizing its clean and polished exterior.","GMC, silver truck, automotive exhibition, showcase, indoor, polished exterior, display, vehicle"
3789,img/03789.png,0.0,anne frankly i don't care,train,5003,4804,4,['religion'],['mocking'],['religion'],['mocking'],0.0,0.0,0.0,0.0,1.0,0.0,0.0,0.0,0.0,0.0,0.0,0.0,1.0,0.0,0.0,0.0,0.0,0.0,1.0,0.0,0.0,0.0,0.0,0.0,0.0,0.0,1.0,0.0,"A vintage black and white photograph features a man with a mustache, dressed in period-appropriate attire and captured in a classic portrait style.","man, mustache, black and white, vintage, photograph, portrait, old, attire"
2381,img/02381.png,1.0,"got braces friend told me ""you're so black, even your teeth are behind bars""",train,5007,1999,1895,['race'],"['dehumanizing', 'inferiority']",['race'],"['inferiority', 'dehumanizing']",0.0,0.0,0.0,1.0,0.0,0.0,0.0,0.0,1.0,0.0,0.0,1.0,0.0,0.0,0.0,0.0,0.0,1.0,0.0,0.0,0.0,0.0,1.0,0.0,0.0,1.0,0.0,0.0,"A young boy with a shaved head is looking directly at the camera, with visible dental braces on his teeth.","boy, shaved head, braces, teeth, looking at camera, portrait, youth"
5463,img/05463.png,0.0,when you dress up for dinner at your girlfriend's house parent's house,train,5010,728,1872,['pc_empty'],['attack_empty'],['pc_empty'],['attack_empty'],0.0,0.0,1.0,0.0,0.0,0.0,1.0,0.0,0.0,0.0,0.0,0.0,0.0,0.0,0.0,0.0,1.0,0.0,0.0,0.0,1.0,0.0,0.0,0.0,0.0,0.0,0.0,0.0,"A man wearing a white shirt and a black hat, appearing well-groomed and dressed up.","man, white shirt, black hat, well-groomed, dressed up"
2538,img/02538.png,0.0,when my girl pissed me off but she runs through the room in her draws me my dick,train,5026,4886,4835,['pc_empty'],['attack_empty'],['pc_empty'],['attack_empty'],0.0,0.0,1.0,0.0,0.0,0.0,1.0,0.0,0.0,0.0,0.0,0.0,0.0,0.0,0.0,0.0,1.0,0.0,0.0,0.0,1.0,0.0,0.0,0.0,0.0,0.0,0.0,0.0,"A woman wearing underwear is running through a room, with a playful or energetic demeanor.","woman, underwear, room, running, playful, indoors"
4372,img/04372.png,0.0,my sister gave me this haircut after i fucked her,train,5027,5899,5835,['pc_empty'],['attack_empty'],['pc_empty'],['attack_empty'],0.0,0.0,1.0,0.0,0.0,0.0,1.0,0.0,0.0,0.0,0.0,0.0,0.0,0.0,0.0,0.0,1.0,0.0,0.0,0.0,1.0,0.0,0.0,0.0,0.0,0.0,0.0,0.0,"A young girl is sitting in a white bathtub, her hair wet and draped into the water, appearing to have recently received a haircut.","girl, bathtub, wet hair, haircut, bathroom, water, child, hygiene"
5617,img/05617.png,0.0,"& chill i thought i you said netflix no i said ""here, take this pill",train,5034,7092,6979,['pc_empty'],['attack_empty'],['pc_empty'],['attack_empty'],0.0,0.0,1.0,0.0,0.0,0.0,1.0,0.0,0.0,0.0,0.0,0.0,0.0,0.0,0.0,0.0,1.0,0.0,0.0,0.0,1.0,0.0,0.0,0.0,0.0,0.0,0.0,0.0,A man and a woman are lying on the floor together.,"man, woman, lying, floor, together"
1956,img/01956.png,0.0,i am a crocodile!,train,5036,7448,7312,['pc_empty'],['attack_empty'],['pc_empty'],['attack_empty'],0.0,0.0,1.0,0.0,0.0,0.0,1.0,0.0,0.0,0.0,0.0,0.0,0.0,0.0,0.0,0.0,1.0,0.0,0.0,0.0,1.0,0.0,0.0,0.0,0.0,0.0,0.0,0.0,A crocodile is playing with a red ball.,"crocodile, red ball, animal, play, reptile"
3756,img/03756.png,1.0,white people have no right to live in africa... .. but it's a blackman's right to live in any european country he chooses?,train,5037,5594,5537,"['race', 'sex', 'nationality']",['exclusion'],"['nationality', 'race', 'sex']",['exclusion'],0.0,1.0,0.0,1.0,0.0,1.0,0.0,0.0,0.0,1.0,0.0,0.0,0.0,0.0,0.0,1.0,0.0,1.0,0.0,1.0,0.0,0.0,0.0,1.0,0.0,0.0,0.0,0.0,"A man wearing a green scarf is seated in the back of a truck, with the interior of the vehicle partially visible around him.","man, green scarf, truck, seated, vehicle interior"
1465,img/01465.png,0.0,there is difference between violating muslims and other muslims dont get confused,train,5047,3153,1256,['pc_empty'],['attack_empty'],['pc_empty'],['attack_empty'],0.0,0.0,1.0,0.0,0.0,0.0,1.0,0.0,0.0,0.0,0.0,0.0,0.0,0.0,0.0,0.0,1.0,0.0,0.0,0.0,1.0,0.0,0.0,0.0,0.0,0.0,0.0,0.0,"A group of people wearing white and red clothing are gathered together, some of them holding flags.","group, people, white clothing, red clothing, flags, gathering"
6823,img/06823.png,1.0,removes polish with chemicals nobody bats an eye removes polish with chemicals everybody loses his shit,train,723,231,443,"['nationality', 'religion']",['mocking'],"['nationality', 'religion']","['mocking', 'inciting_violence']",0.0,1.0,0.0,0.0,1.0,0.0,0.0,0.0,0.0,0.0,0.0,0.0,1.0,0.0,0.0,1.0,0.0,0.0,1.0,0.0,0.0,0.0,0.0,0.0,1.0,0.0,1.0,0.0,"A black and white photo shows a man with a mustache, depicted in a straightforward manner without additional background or contextual elements.","black and white, man, mustache, photograph, portrait"
1395,img/01395.png,1.0,i just found out mexican babies come out just like the food,train,5094,3291,3198,['nationality'],['dehumanizing'],"['nationality', 'race']",['dehumanizing'],0.0,1.0,0.0,0.0,0.0,0.0,0.0,0.0,1.0,0.0,0.0,0.0,0.0,0.0,0.0,1.0,0.0,1.0,0.0,0.0,0.0,0.0,1.0,0.0,0.0,0.0,0.0,0.0,"A man is sitting beside a woman who is lying in a hospital bed, both appearing engaged in a conversation or shared moment.","man, woman, hospital bed, conversation, sitting, lying, hospital, patients, together"
3896,img/03896.png,1.0,"let me salute to hitler the great he said ""i would have killed all the jews of the world, but i kept some to show the world why i killed them""",train,5099,1989,4,['religion'],['mocking'],['religion'],['mocking'],0.0,0.0,0.0,0.0,1.0,0.0,0.0,0.0,0.0,0.0,0.0,0.0,1.0,0.0,0.0,0.0,0.0,0.0,1.0,0.0,0.0,0.0,0.0,0.0,0.0,0.0,1.0,0.0,"A black and white photograph features a man with a mustache, wearing attire that suggests it is a historical portrait.","black and white, man, mustache, portrait, historical, photograph"
7456,img/07456.png,1.0,"domestic violence 2017 what level you on now? this chicken is cold,bitch!!",train,5108,4533,4465,['sex'],"['inciting_violence', 'dehumanizing']","['disability', 'race', 'sex']","['inferiority', 'dehumanizing', 'inciting_violence', 'contempt']",0.0,0.0,0.0,0.0,0.0,1.0,0.0,0.0,1.0,0.0,1.0,0.0,0.0,0.0,1.0,0.0,0.0,1.0,0.0,1.0,0.0,1.0,1.0,0.0,1.0,1.0,0.0,0.0,"The image contains two pictures showing a man and a woman together inside a room, illustrating a tense and possibly confrontational atmosphere.","man, woman, room, confrontation, tense, domestic, interior, duo, pictures"
6914,img/06914.png,1.0,"""never forget"" - you said. i am the proof you have forgotten",train,5126,218,4065,['religion'],['dehumanizing'],['religion'],['dehumanizing'],0.0,0.0,0.0,0.0,1.0,0.0,0.0,0.0,1.0,0.0,0.0,0.0,0.0,0.0,0.0,0.0,0.0,0.0,1.0,0.0,0.0,0.0,1.0,0.0,0.0,0.0,0.0,0.0,"A woman is wearing a purple turban, with an image of the World Trade Center building in the background.","woman, purple turban, World Trade Center, background, building"
7412,img/07412.png,1.0,white trash nation,train,3897,1112,4685,['race'],['dehumanizing'],['race'],['dehumanizing'],0.0,0.0,0.0,1.0,0.0,0.0,0.0,0.0,1.0,0.0,0.0,0.0,0.0,0.0,0.0,0.0,0.0,1.0,0.0,0.0,0.0,0.0,1.0,0.0,0.0,0.0,0.0,0.0,A woman wearing a white dress is riding a bicycle outdoors.,"woman, white dress, bicycle, riding, outdoors"
5276,img/05276.png,0.0,talk about that for a team photo,train,5144,6537,1272,['pc_empty'],['attack_empty'],['pc_empty'],['attack_empty'],0.0,0.0,1.0,0.0,0.0,0.0,1.0,0.0,0.0,0.0,0.0,0.0,0.0,0.0,0.0,0.0,1.0,0.0,0.0,0.0,1.0,0.0,0.0,0.0,0.0,0.0,0.0,0.0,"Several people are gathered together, preparing or posing for a team photograph.","group, people, team, photo, posing, gathered"
2374,img/02374.png,0.0,"i don't always fuck midgets but when i do, i go balls deep",train,1034,343,3717,['pc_empty'],['attack_empty'],['pc_empty'],['attack_empty'],0.0,0.0,1.0,0.0,0.0,0.0,1.0,0.0,0.0,0.0,0.0,0.0,0.0,0.0,0.0,0.0,1.0,0.0,0.0,0.0,1.0,0.0,0.0,0.0,0.0,0.0,0.0,0.0,"A man is sitting on a red chair, holding a cigarette in his mouth, appearing relaxed.","man, red chair, cigarette, sitting, relaxed"
5164,img/05164.png,0.0,dark humor is like food not everyone gets it,train,5156,1178,6080,['race'],['inferiority'],['race'],"['inferiority', 'inciting_violence']",0.0,0.0,0.0,1.0,0.0,0.0,0.0,0.0,0.0,0.0,0.0,1.0,0.0,0.0,0.0,0.0,0.0,1.0,0.0,0.0,0.0,0.0,0.0,0.0,1.0,1.0,0.0,0.0,A black and white photo shows a group of people dancing together in a lively atmosphere.,"black and white, group, people, dancing, photo, atmosphere"
2543,img/02543.png,0.0,catch me outside how bout dat i'll catch my damn self outside,train,5181,6211,6138,['pc_empty'],['attack_empty'],['pc_empty'],['attack_empty'],0.0,0.0,1.0,0.0,0.0,0.0,1.0,0.0,0.0,0.0,0.0,0.0,0.0,0.0,0.0,0.0,1.0,0.0,0.0,0.0,1.0,0.0,0.0,0.0,0.0,0.0,0.0,0.0,A woman with red hair and a man with black hair are present together in the image.,"woman, red hair, man, black hair, together"
7419,img/07419.png,1.0,"on this day, the 25th of march, 1920, the black and tans arrive in ireland... they are given a warm welcome",train,5185,6848,6739,['race'],['inciting_violence'],"['nationality', 'race', 'sex']",['inciting_violence'],0.0,0.0,0.0,1.0,0.0,0.0,0.0,0.0,0.0,0.0,1.0,0.0,0.0,0.0,0.0,1.0,0.0,1.0,0.0,1.0,0.0,0.0,0.0,0.0,1.0,0.0,0.0,0.0,"Several individuals wearing camouflage uniforms are gathered together close to a fire, appearing to be in an outdoor or rural setting.","camouflage, uniforms, group, fire, outdoor, gathering, people"
5832,img/05832.png,0.0,hitler giving a speech,train,5189,3214,159,['pc_empty'],['attack_empty'],['pc_empty'],['attack_empty'],0.0,0.0,1.0,0.0,0.0,0.0,1.0,0.0,0.0,0.0,0.0,0.0,0.0,0.0,0.0,0.0,1.0,0.0,0.0,0.0,1.0,0.0,0.0,0.0,0.0,0.0,0.0,0.0,"A historical black and white photograph featuring a man dressed in a formal military-style uniform, prominently positioned as the central figure.","black and white, historical, man, uniform, photograph, central figure, military-style, formal attire"
7438,img/07438.png,0.0,how women win an argument,train,5194,1332,3995,['pc_empty'],['attack_empty'],['pc_empty'],['attack_empty'],0.0,0.0,1.0,0.0,0.0,0.0,1.0,0.0,0.0,0.0,0.0,0.0,0.0,0.0,0.0,0.0,1.0,0.0,0.0,0.0,1.0,0.0,0.0,0.0,0.0,0.0,0.0,0.0,"Several women are standing together in a group, positioned closely to each other.","women, group, together, standing, close"
3841,img/03841.png,1.0,when i grow up... lol nevermind,train,737,245,1126,['disability'],['inferiority'],['disability'],"['inferiority', 'inciting_violence']",1.0,0.0,0.0,0.0,0.0,0.0,0.0,0.0,0.0,0.0,0.0,1.0,0.0,0.0,1.0,0.0,0.0,0.0,0.0,0.0,0.0,0.0,0.0,0.0,1.0,1.0,0.0,0.0,"A young boy is seen outdoors surrounded by tall grass, looking thoughtful.","boy, outdoors, tall grass, child, natural setting"
2613,img/02613.png,0.0,after group sex mohammed is very tired,train,1025,337,4053,['pc_empty'],['attack_empty'],['pc_empty'],['attack_empty'],0.0,0.0,1.0,0.0,0.0,0.0,1.0,0.0,0.0,0.0,0.0,0.0,0.0,0.0,0.0,0.0,1.0,0.0,0.0,0.0,1.0,0.0,0.0,0.0,0.0,0.0,0.0,0.0,"Two people are lying on a red couch in a living room, appearing exhausted after an intimate encounter.","two people, red couch, living room, lying down, exhausted, intimate encounter"
3675,img/03675.png,0.0,because of trump i got fired from my job,train,5209,3098,732,['pc_empty'],['attack_empty'],['pc_empty'],['attack_empty'],0.0,0.0,1.0,0.0,0.0,0.0,1.0,0.0,0.0,0.0,0.0,0.0,0.0,0.0,0.0,0.0,1.0,0.0,0.0,0.0,1.0,0.0,0.0,0.0,0.0,0.0,0.0,0.0,A woman is leaning toward a front-loading washing machine while placing clothes inside it.,"woman, washing machine, laundry, clothes, front-loading, indoor, housework"
7561,img/07561.png,1.0,"ernie remembers the brave soldiers who fought before him. tonight, he would reenact their bold acts by smashing through his jewish neighbors glass window",train,5210,4910,4854,['religion'],['inciting_violence'],['religion'],"['mocking', 'inciting_violence']",0.0,0.0,0.0,0.0,1.0,0.0,0.0,0.0,0.0,0.0,1.0,0.0,0.0,0.0,0.0,0.0,0.0,0.0,1.0,0.0,0.0,0.0,0.0,0.0,1.0,0.0,1.0,0.0,A man wearing a hoodie is positioned in front of a dark or black backdrop.,"man, hoodie, dark background, male, portrait"
2435,img/02435.png,0.0,when you type fidget spinner but it autocorrects to midget spinner,train,2621,818,3879,['disability'],['attack_empty'],['disability'],[],1.0,0.0,0.0,0.0,0.0,0.0,1.0,0.0,0.0,0.0,0.0,0.0,0.0,0.0,1.0,0.0,0.0,0.0,0.0,0.0,0.0,0.0,0.0,0.0,0.0,0.0,0.0,0.0,A young boy is playing with a small spinning toy on a playground.,"boy, spinning toy, playground, child, outdoors, toy, play"
3715,img/03715.png,0.0,great at making martinis terrible at stealing tambourines,train,5216,1334,5762,['pc_empty'],['attack_empty'],['pc_empty'],['attack_empty'],0.0,0.0,1.0,0.0,0.0,0.0,1.0,0.0,0.0,0.0,0.0,0.0,0.0,0.0,0.0,0.0,1.0,0.0,0.0,0.0,1.0,0.0,0.0,0.0,0.0,0.0,0.0,0.0,"A white washing machine is shown with its door open, revealing the empty interior drum.","washing machine, white, open door, appliance, empty drum"
6479,img/06479.png,1.0,when you've finally become a cop and see a black guy this is where the fun begins,train,5222,5673,5610,['race'],['inciting_violence'],['race'],"['dehumanizing', 'inciting_violence']",0.0,0.0,0.0,1.0,0.0,0.0,0.0,0.0,0.0,0.0,1.0,0.0,0.0,0.0,0.0,0.0,0.0,1.0,0.0,0.0,0.0,0.0,1.0,0.0,1.0,0.0,0.0,0.0,A man dressed in a police uniform is positioned beside a vehicle in an outdoor setting.,"man, police uniform, vehicle, outdoor, law enforcement"
1243,img/01243.png,0.0,"when your human says ""who' s a good girl?"" and you already know it's you",train,5240,2132,2020,['pc_empty'],['attack_empty'],['pc_empty'],['attack_empty'],0.0,0.0,1.0,0.0,0.0,0.0,1.0,0.0,0.0,0.0,0.0,0.0,0.0,0.0,0.0,0.0,1.0,0.0,0.0,0.0,1.0,0.0,0.0,0.0,0.0,0.0,0.0,0.0,"A white and brown dog is sitting on a vibrant green grass field, looking relaxed and attentive.","dog, white, brown, green field, grass, sitting, outdoors, pet, animal"
2891,img/02891.png,1.0,look! a blow up doll!,train,5252,1898,1293,"['religion', 'sex']",['dehumanizing'],"['religion', 'race', 'sex']",['dehumanizing'],0.0,0.0,0.0,0.0,1.0,1.0,0.0,0.0,1.0,0.0,0.0,0.0,0.0,0.0,0.0,0.0,0.0,1.0,1.0,1.0,0.0,0.0,1.0,0.0,0.0,0.0,0.0,0.0,"A woman is wearing a green headscarf, and in the scene there appears to be a blow-up doll present.","woman, green headscarf, blow-up doll, scene, present"
3794,img/03794.png,1.0,tranny jesus died for your eyebrows,train,5266,4990,4934,['sex'],['slurs'],"['religion', 'sex']",['slurs'],0.0,0.0,0.0,0.0,0.0,1.0,0.0,0.0,0.0,0.0,0.0,0.0,0.0,1.0,0.0,0.0,0.0,0.0,1.0,1.0,0.0,0.0,0.0,0.0,0.0,0.0,0.0,1.0,A person is holding a sign displaying a cross along with a provocative message written in English.,"person, sign, cross, message, English, provocative, holding, protest, illustration"
4765,img/04765.png,1.0,"blame it all on my roots, i showed up in boots.. and ruined your jihad affair",train,5277,6733,1296,['religion'],['attack_empty'],"['religion', 'race']",[],0.0,0.0,0.0,0.0,1.0,0.0,1.0,0.0,0.0,0.0,0.0,0.0,0.0,0.0,0.0,0.0,0.0,1.0,1.0,0.0,0.0,0.0,0.0,0.0,0.0,0.0,0.0,0.0,A man wearing a military uniform and boots is climbing a wall.,"man, military uniform, boots, climbing, wall"
7319,img/07319.png,0.0,"musslamic democrat, ilhan omar, has threatened members of congress. she's told several republicans that she'll send them ""shawarma"", to ""give them a taste of her culture"" share to say arrest her now!",train,5285,204,2835,['pc_empty'],['attack_empty'],['pc_empty'],['attack_empty'],0.0,0.0,1.0,0.0,0.0,0.0,1.0,0.0,0.0,0.0,0.0,0.0,0.0,0.0,0.0,0.0,1.0,0.0,0.0,0.0,1.0,0.0,0.0,0.0,0.0,0.0,0.0,0.0,"A woman is seated at a table with food, holding a sandwich and appearing to eat in a casual dining setting.","woman, table, food, sandwich, eating, casual, indoors, dining"
6845,img/06845.png,1.0,"""whatcha thinkin' about, liberal cuck""? ""antifa getting their asses kicked, crying about the election, loving islam goatshaggers, butt sex, crying, more crying, and stuff...""",train,5301,4568,4496,['religion'],"['dehumanizing', 'slurs']","['nationality', 'religion']","['dehumanizing', 'slurs']",0.0,0.0,0.0,0.0,1.0,0.0,0.0,0.0,1.0,0.0,0.0,0.0,0.0,1.0,0.0,1.0,0.0,0.0,1.0,0.0,0.0,0.0,1.0,0.0,0.0,0.0,0.0,1.0,"A man is lying on a bed with his eyes closed, appearing to be asleep or resting.","man, bed, sleeping, resting, eyes closed"
4928,img/04928.png,1.0,dishwasher for sale missing parts,train,4099,1150,117,"['sex', 'disability']","['dehumanizing', 'inferiority']","['disability', 'sex']","['inferiority', 'dehumanizing']",1.0,0.0,0.0,0.0,0.0,1.0,0.0,0.0,1.0,0.0,0.0,1.0,0.0,0.0,1.0,0.0,0.0,0.0,0.0,1.0,0.0,0.0,1.0,0.0,0.0,1.0,0.0,0.0,"A woman wearing a white dress is positioned in front of a plain black background, with no visible objects or appliances around her.","woman, white dress, black background, portrait, minimalism"
4971,img/04971.png,0.0,happy birthday sugar tits,train,5324,2409,2291,['pc_empty'],['attack_empty'],['pc_empty'],['attack_empty'],0.0,0.0,1.0,0.0,0.0,0.0,1.0,0.0,0.0,0.0,0.0,0.0,0.0,0.0,0.0,0.0,1.0,0.0,0.0,0.0,1.0,0.0,0.0,0.0,0.0,0.0,0.0,0.0,A man dressed in a suit is smiling at the camera against a neutral background.,"man, suit, smiling, camera, neutral background"
2654,img/02654.png,0.0,when people are spreading rumors but you're unbothered,train,5326,4551,4480,['pc_empty'],['attack_empty'],['pc_empty'],['attack_empty'],0.0,0.0,1.0,0.0,0.0,0.0,1.0,0.0,0.0,0.0,0.0,0.0,0.0,0.0,0.0,0.0,1.0,0.0,0.0,0.0,1.0,0.0,0.0,0.0,0.0,0.0,0.0,0.0,A woman in a green dress is holding a microphone.,"woman, green dress, microphone, holding, female, clothing, event"
5498,img/05498.png,0.0,step one: turn on the gas,train,1028,340,453,['pc_empty'],['attack_empty'],['pc_empty'],['attack_empty'],0.0,0.0,1.0,0.0,0.0,0.0,1.0,0.0,0.0,0.0,0.0,0.0,0.0,0.0,0.0,0.0,1.0,0.0,0.0,0.0,1.0,0.0,0.0,0.0,0.0,0.0,0.0,0.0,"A man is in a kitchen surrounded by thick smoke, likely caused by a gas-related incident.","man, kitchen, smoke, gas, incident, appliance, hazard"
5387,img/05387.png,0.0,is someone using the oven? cuz i smell gas,train,2071,657,3666,['pc_empty'],['attack_empty'],['pc_empty'],['attack_empty'],0.0,0.0,1.0,0.0,0.0,0.0,1.0,0.0,0.0,0.0,0.0,0.0,0.0,0.0,0.0,0.0,1.0,0.0,0.0,0.0,1.0,0.0,0.0,0.0,0.0,0.0,0.0,0.0,"A woman is cleaning the stove in a kitchen, with the oven visible nearby.","woman, cleaning, stove, kitchen, oven, appliances"
5926,img/05926.png,1.0,this sunday.. don't forget to set your bomb forward one hour,train,5362,1356,1307,"['religion', 'nationality']",['dehumanizing'],"['nationality', 'religion']",['dehumanizing'],0.0,1.0,0.0,0.0,1.0,0.0,0.0,0.0,1.0,0.0,0.0,0.0,0.0,0.0,0.0,1.0,0.0,0.0,1.0,0.0,0.0,0.0,1.0,0.0,0.0,0.0,0.0,0.0,"A young boy is sitting in a classroom setting, with desks and educational materials visible around him.","boy, classroom, desks, education, school, student"
7219,img/07219.png,0.0,a gorilla dreaming that she was kim burrell,train,5368,5025,1309,['pc_empty'],['attack_empty'],['pc_empty'],['attack_empty'],0.0,0.0,1.0,0.0,0.0,0.0,1.0,0.0,0.0,0.0,0.0,0.0,0.0,0.0,0.0,0.0,1.0,0.0,0.0,0.0,1.0,0.0,0.0,0.0,0.0,0.0,0.0,0.0,"A gorilla is in a grassy area beside a tree, appearing calm and thoughtful.","gorilla, grassy area, tree, calm, thoughtful, outdoors"
7659,img/07659.png,0.0,latinos will do anything to get into trump's america,train,5369,1357,5155,['pc_empty'],['attack_empty'],['pc_empty'],['attack_empty'],0.0,0.0,1.0,0.0,0.0,0.0,1.0,0.0,0.0,0.0,0.0,0.0,0.0,0.0,0.0,0.0,1.0,0.0,0.0,0.0,1.0,0.0,0.0,0.0,0.0,0.0,0.0,0.0,"A book is placed on top of a wooden table, photographed in a well-lit setting.","book, wooden table, tabletop, indoor, well-lit, object, photograph"
5948,img/05948.png,1.0,"i pull up in this and yell ""come on we got some redneck sh*t to do"" are you getting in?",train,1554,509,69,['pc_empty'],['attack_empty'],['pc_empty'],['attack_empty'],0.0,0.0,1.0,0.0,0.0,0.0,1.0,0.0,0.0,0.0,0.0,0.0,0.0,0.0,0.0,0.0,1.0,0.0,0.0,0.0,1.0,0.0,0.0,0.0,0.0,0.0,0.0,0.0,A pickup truck is parked in an outdoor parking lot on a sunny day.,"pickup truck, parking lot, outdoor, vehicle, sunny day"
4813,img/04813.png,1.0,when you haven't stolen for over 2 weeks.,train,5294,1344,1311,['race'],['dehumanizing'],['race'],"['inferiority', 'dehumanizing']",0.0,0.0,0.0,1.0,0.0,0.0,0.0,0.0,1.0,0.0,0.0,0.0,0.0,0.0,0.0,0.0,0.0,1.0,0.0,0.0,0.0,0.0,1.0,0.0,0.0,1.0,0.0,0.0,A close-up of a person's hand with visible dirt on the fingers and palm.,"hand, dirt, fingers, palm, close-up"
6852,img/06852.png,0.0,"man committing genocide armed with nuclear weapons, gunboats, helicopter gunships, tanks, bombers, bulldozers, drones and as many arms as he can buy with the $4 billion per year america gives him.. plays the victim",train,5385,6200,1312,['pc_empty'],['attack_empty'],['pc_empty'],['attack_empty'],0.0,0.0,1.0,0.0,0.0,0.0,1.0,0.0,0.0,0.0,0.0,0.0,0.0,0.0,0.0,0.0,1.0,0.0,0.0,0.0,1.0,0.0,0.0,0.0,0.0,0.0,0.0,0.0,"A man in formal attire, including a suit and tie, is positioned at a podium in a setting that suggests authority and power, with visual elements implying military presence such as tanks, helicopters, and drones in the background.","man, suit, podium, military, helicopter, tank, drone, authority, background"
7623,img/07623.png,0.0,a handful of rich people should not run the country a handful of politicians should,train,5392,7425,7292,['pc_empty'],['attack_empty'],['pc_empty'],['attack_empty'],0.0,0.0,1.0,0.0,0.0,0.0,1.0,0.0,0.0,0.0,0.0,0.0,0.0,0.0,0.0,0.0,1.0,0.0,0.0,0.0,1.0,0.0,0.0,0.0,0.0,0.0,0.0,0.0,"A man dressed in a suit and tie is speaking into several microphones, likely addressing an audience or the media.","man, suit, tie, microphones, speaking, media, audience"
1835,img/01835.png,0.0,that makes my lady junk tingle,train,5408,7420,7287,['pc_empty'],['attack_empty'],['pc_empty'],['attack_empty'],0.0,0.0,1.0,0.0,0.0,0.0,1.0,0.0,0.0,0.0,0.0,0.0,0.0,0.0,0.0,0.0,1.0,0.0,0.0,0.0,1.0,0.0,0.0,0.0,0.0,0.0,0.0,0.0,"A woman is seated at a dining table, looking at a plate of food in front of her.","woman, table, plate, food, dining, seated, indoor, meal"
2946,img/02946.png,1.0,is your girlfriend hot like me?,train,2732,840,348,['religion'],['mocking'],['religion'],['mocking'],0.0,0.0,0.0,0.0,1.0,0.0,0.0,0.0,0.0,0.0,0.0,0.0,1.0,0.0,0.0,0.0,0.0,0.0,1.0,0.0,0.0,0.0,0.0,0.0,0.0,0.0,1.0,0.0,"A doll is dressed in a white shirt, with a face that resembles human features, depicted in a straightforward manner.","doll, white shirt, human-like face, toy, clothing"
7385,img/07385.png,1.0,i said glass of juice not gas the jews,train,431,146,7349,['religion'],['mocking'],['religion'],"['mocking', 'inciting_violence']",0.0,0.0,0.0,0.0,1.0,0.0,0.0,0.0,0.0,0.0,0.0,0.0,1.0,0.0,0.0,0.0,0.0,0.0,1.0,0.0,0.0,0.0,0.0,0.0,1.0,0.0,1.0,0.0,"A black and white photograph shows a man dressed in a formal suit, with no other visible objects or people in the image.","black and white, man, suit, formal, photograph"
4712,img/04712.png,0.0,"just figured out trump conned you? not too fucking bright, are you?",train,5418,3707,442,['pc_empty'],['attack_empty'],['pc_empty'],['attack_empty'],0.0,0.0,1.0,0.0,0.0,0.0,1.0,0.0,0.0,0.0,0.0,0.0,0.0,0.0,0.0,0.0,1.0,0.0,0.0,0.0,1.0,0.0,0.0,0.0,0.0,0.0,0.0,0.0,A man dressed in a formal suit smiling directly at the camera.,"man, suit, smiling, formal, camera, portrait"
3248,img/03248.png,0.0,when you just can't stop thinking about obama,train,5442,2378,2265,['pc_empty'],['attack_empty'],['pc_empty'],['attack_empty'],0.0,0.0,1.0,0.0,0.0,0.0,1.0,0.0,0.0,0.0,0.0,0.0,0.0,0.0,0.0,0.0,1.0,0.0,0.0,0.0,1.0,0.0,0.0,0.0,0.0,0.0,0.0,0.0,A man dressed in a suit and tie is eating a hot dog.,"man, suit, tie, hot dog, eating"
2967,img/02967.png,0.0,when the black kids start fighting at school,train,5457,1371,4770,['race'],['dehumanizing'],['race'],['dehumanizing'],0.0,0.0,0.0,1.0,0.0,0.0,0.0,0.0,1.0,0.0,0.0,0.0,0.0,0.0,0.0,0.0,0.0,1.0,0.0,0.0,0.0,0.0,1.0,0.0,0.0,0.0,0.0,0.0,"A man dressed formally, wearing a blue tie, is present in the image.","man, blue tie, formal attire, male, clothing"
2914,img/02914.png,0.0,the only thing that hinders you is your own motivation,train,5501,4874,1110,['pc_empty'],['attack_empty'],['pc_empty'],['attack_empty'],0.0,0.0,1.0,0.0,0.0,0.0,1.0,0.0,0.0,0.0,0.0,0.0,0.0,0.0,0.0,0.0,1.0,0.0,0.0,0.0,1.0,0.0,0.0,0.0,0.0,0.0,0.0,0.0,"A young boy is swimming in a sunlit outdoor pool, surrounded by clear blue water.","boy, swimming, pool, sunlight, outdoor, water, summer"
2358,img/02358.png,1.0,diary of a wimpy kid hard luck anne frank is one wimpy kid,train,5513,7452,348,['religion'],"['mocking', 'inferiority']",['religion'],"['mocking', 'inferiority']",0.0,0.0,0.0,0.0,1.0,0.0,0.0,0.0,0.0,0.0,0.0,1.0,1.0,0.0,0.0,0.0,0.0,0.0,1.0,0.0,0.0,0.0,0.0,0.0,0.0,1.0,1.0,0.0,"A doll with a smiling face is prominently displayed in the image, appearing cheerful as it faces the camera.","doll, smiling, face, camera, cheerful, displayed"
4328,img/04328.png,0.0,if only dogs could pick up after themselves,train,5519,5549,1176,"['nationality', 'religion']",['dehumanizing'],"['nationality', 'religion', 'race']",['dehumanizing'],0.0,1.0,0.0,0.0,1.0,0.0,0.0,0.0,1.0,0.0,0.0,0.0,0.0,0.0,0.0,1.0,0.0,1.0,1.0,0.0,0.0,0.0,1.0,0.0,0.0,0.0,0.0,0.0,"A person is sitting on the ground near the entrance of a building, with a dog present nearby.","person, dog, building, ground, entrance"
2735,img/02735.png,0.0,when each letter is a mental disorder,train,484,164,5545,['pc_empty'],['attack_empty'],['pc_empty'],['attack_empty'],0.0,0.0,1.0,0.0,0.0,0.0,1.0,0.0,0.0,0.0,0.0,0.0,0.0,0.0,0.0,0.0,1.0,0.0,0.0,0.0,1.0,0.0,0.0,0.0,0.0,0.0,0.0,0.0,"The image shows the word 'anxiety' written in large letters on a plain white background, with each letter possibly representing a different mental disorder.","anxiety, letters, mental disorders, white background, word"
3279,img/03279.png,0.0,aren't you tried of my jokes!,train,5534,2002,200,['pc_empty'],['attack_empty'],['pc_empty'],['attack_empty'],0.0,0.0,1.0,0.0,0.0,0.0,1.0,0.0,0.0,0.0,0.0,0.0,0.0,0.0,0.0,0.0,1.0,0.0,0.0,0.0,1.0,0.0,0.0,0.0,0.0,0.0,0.0,0.0,"A woman is seated at a table, holding a pen in her hand, appearing to be in the middle of a conversation.","woman, table, pen, conversation, seated"
7325,img/07325.png,0.0,but i need you,train,5568,6129,597,['pc_empty'],['attack_empty'],['pc_empty'],['attack_empty'],0.0,0.0,1.0,0.0,0.0,0.0,1.0,0.0,0.0,0.0,0.0,0.0,0.0,0.0,0.0,0.0,1.0,0.0,0.0,0.0,1.0,0.0,0.0,0.0,0.0,0.0,0.0,0.0,A man wearing a formal suit and a top hat is pointing directly at the camera with a serious expression.,"man, suit, top hat, pointing, camera, serious expression, formal, hat, finger gesture"
3874,img/03874.png,1.0,one of the poor defenseless refugees we hear about she's smuggling 31 pounds of pure heroin,train,5583,3701,3597,['nationality'],['dehumanizing'],['nationality'],['dehumanizing'],0.0,1.0,0.0,0.0,0.0,0.0,0.0,0.0,1.0,0.0,0.0,0.0,0.0,0.0,0.0,1.0,0.0,0.0,0.0,0.0,0.0,0.0,1.0,0.0,0.0,0.0,0.0,0.0,A woman wearing a pink dress is positioned in front of a white wall.,"woman, pink dress, white wall, indoor, female, clothing"
3275,img/03275.png,0.0,the only time you can hang out with 2 dirty hookers and a tranny,train,3143,936,4000,['pc_empty'],['attack_empty'],['pc_empty'],['attack_empty'],0.0,0.0,1.0,0.0,0.0,0.0,1.0,0.0,0.0,0.0,0.0,0.0,0.0,0.0,0.0,0.0,1.0,0.0,0.0,0.0,1.0,0.0,0.0,0.0,0.0,0.0,0.0,0.0,"A man is repairing a car in a garage, surrounded by various automotive tools and equipment.","man, car, garage, repair, automotive tools, workshop, mechanic"
1756,img/01756.png,0.0,she is a fast runner,train,5614,3855,1335,['pc_empty'],['attack_empty'],['pc_empty'],['attack_empty'],0.0,0.0,1.0,0.0,0.0,0.0,1.0,0.0,0.0,0.0,0.0,0.0,0.0,0.0,0.0,0.0,1.0,0.0,0.0,0.0,1.0,0.0,0.0,0.0,0.0,0.0,0.0,0.0,A woman is running quickly on a track with a crowd of spectators in the background.,"woman, running, track, crowd, spectators, speed, athlete"
4873,img/04873.png,1.0,manual tranny automatic tranny rebuilt tranny,train,1011,331,726,['sex'],['slurs'],['sex'],"['dehumanizing', 'slurs']",0.0,0.0,0.0,0.0,0.0,1.0,0.0,0.0,0.0,0.0,0.0,0.0,0.0,1.0,0.0,0.0,0.0,0.0,0.0,1.0,0.0,0.0,1.0,0.0,0.0,0.0,0.0,1.0,"A woman wearing a black dress is featured in the image, standing alone with no visible background details.","woman, black dress, standing, portrait, alone"
5437,img/05437.png,0.0,this could be us but you keep escaping,train,5624,5024,4964,['pc_empty'],['attack_empty'],['pc_empty'],['attack_empty'],0.0,0.0,1.0,0.0,0.0,0.0,1.0,0.0,0.0,0.0,0.0,0.0,0.0,0.0,0.0,0.0,1.0,0.0,0.0,0.0,1.0,0.0,0.0,0.0,0.0,0.0,0.0,0.0,"A man and a woman are sitting together on a chair, with a rope involved in the scene.","man, woman, chair, sitting, rope, together"
5943,img/05943.png,1.0,this is what rich white trash looks like and it's time to take out the trash!,train,5631,5631,5564,['race'],['dehumanizing'],"['race', 'class']","['dehumanizing', 'inciting_violence', 'contempt']",0.0,0.0,0.0,1.0,0.0,0.0,0.0,0.0,1.0,0.0,0.0,0.0,0.0,0.0,0.0,0.0,0.0,1.0,0.0,0.0,0.0,1.0,1.0,0.0,1.0,0.0,0.0,0.0,"Several people are gathered around a table, engaged in conversation in a casual indoor setting.","group, people, table, indoor, conversation, casual, gathering"
6179,img/06179.png,1.0,the face you make after you nut and the goat keeps sucking,train,1154,384,1338,['religion'],['dehumanizing'],"['religion', 'race']","['dehumanizing', 'contempt']",0.0,0.0,0.0,0.0,1.0,0.0,0.0,0.0,1.0,0.0,0.0,0.0,0.0,0.0,0.0,0.0,0.0,1.0,1.0,0.0,0.0,1.0,1.0,0.0,0.0,0.0,0.0,0.0,A man wearing a white shirt and a red-and-white hat is shown with an intense or surprised facial expression.,"man, white shirt, red-and-white hat, facial expression, surprised, intense, adult, portrait"
2831,img/02831.png,1.0,where's jaws when you need him ?,train,712,236,351,['nationality'],['inciting_violence'],"['nationality', 'race']",['inciting_violence'],0.0,1.0,0.0,0.0,0.0,0.0,0.0,0.0,0.0,0.0,1.0,0.0,0.0,0.0,0.0,1.0,0.0,1.0,0.0,0.0,0.0,0.0,0.0,0.0,1.0,0.0,0.0,0.0,"A group of people are gathered on a boat floating on the ocean, with the water stretching into the distance under a clear sky.","boat, ocean, group of people, water, sky"
6712,img/06712.png,0.0,smell that? thats why we have to use condoms,train,5644,5912,5856,['pc_empty'],['attack_empty'],['pc_empty'],['attack_empty'],0.0,0.0,1.0,0.0,0.0,0.0,1.0,0.0,0.0,0.0,0.0,0.0,0.0,0.0,0.0,0.0,1.0,0.0,0.0,0.0,1.0,0.0,0.0,0.0,0.0,0.0,0.0,0.0,"A man and a woman are facing each other and making eye contact, appearing to engage in a conversation.","man, woman, eye contact, conversation, facing each other"
5826,img/05826.png,1.0,"i'm not sexist. being sexist is wrong , and being wrong is for women",train,5645,237,5326,['sex'],['inferiority'],['sex'],"['inferiority', 'contempt']",0.0,0.0,0.0,0.0,0.0,1.0,0.0,0.0,0.0,0.0,0.0,1.0,0.0,0.0,0.0,0.0,0.0,0.0,0.0,1.0,0.0,1.0,0.0,0.0,0.0,1.0,0.0,0.0,The image is a drawing featuring a person holding a knife in one hand.,"drawing, person, knife, hand, image"
2614,img/02614.png,0.0,black boyfriend white boyfriend,train,3779,1085,4226,['pc_empty'],['attack_empty'],['pc_empty'],['attack_empty'],0.0,0.0,1.0,0.0,0.0,0.0,1.0,0.0,0.0,0.0,0.0,0.0,0.0,0.0,0.0,0.0,1.0,0.0,0.0,0.0,1.0,0.0,0.0,0.0,0.0,0.0,0.0,0.0,A Black man and a White man are sitting together in the back seat of a car.,"Black man, White man, car, back seat, sitting, interracial, two people"
4387,img/04387.png,0.0,"sit down kids, i will now tell you how i met your mother",train,2307,734,3712,['pc_empty'],['attack_empty'],['pc_empty'],['attack_empty'],0.0,0.0,1.0,0.0,0.0,0.0,1.0,0.0,0.0,0.0,0.0,0.0,0.0,0.0,0.0,0.0,1.0,0.0,0.0,0.0,1.0,0.0,0.0,0.0,0.0,0.0,0.0,0.0,"A man and a woman are sitting together at a table with a child, appearing to be engaged in conversation in a relaxed indoor setting.","man, woman, child, table, sitting, conversation, indoor, family, together"
3864,img/03864.png,1.0,you can't be the victim of a school shooting if you're the school shooter,train,5655,7210,7082,['race'],['dehumanizing'],['race'],['dehumanizing'],0.0,0.0,0.0,1.0,0.0,0.0,0.0,0.0,1.0,0.0,0.0,0.0,0.0,0.0,0.0,0.0,0.0,1.0,0.0,0.0,0.0,0.0,1.0,0.0,0.0,0.0,0.0,0.0,"A man wearing a white shirt and tie is visible against a neutral background, with his facial expression appearing exaggerated or humorous.","man, white shirt, tie, funny face, exaggerated expression, neutral background"
1892,img/01892.png,0.0,i did not divide the country the republican decision to obstruct every single thing i proposed to help us dig out of the financial crisis they caused divided the country,train,5659,1768,1680,['pc_empty'],['attack_empty'],['pc_empty'],['attack_empty'],0.0,0.0,1.0,0.0,0.0,0.0,1.0,0.0,0.0,0.0,0.0,0.0,0.0,0.0,0.0,0.0,1.0,0.0,0.0,0.0,1.0,0.0,0.0,0.0,0.0,0.0,0.0,0.0,A man who appears to be Barack Obama is in front of the White House.,"Barack Obama, man, White House, president, building"
4267,img/04267.png,1.0,i'm not saying it was muslims but it was muslims,train,1166,387,1295,['religion'],['dehumanizing'],['religion'],['dehumanizing'],0.0,0.0,0.0,0.0,1.0,0.0,0.0,0.0,1.0,0.0,0.0,0.0,0.0,0.0,0.0,0.0,0.0,0.0,1.0,0.0,0.0,0.0,1.0,0.0,0.0,0.0,0.0,0.0,A man wearing a shirt is speaking into a microphone.,"man, shirt, microphone, speaking, male, person"
1734,img/01734.png,0.0,and that was the last time we let uncle larry babysit,train,5136,1323,6179,['pc_empty'],['attack_empty'],['pc_empty'],['attack_empty'],0.0,0.0,1.0,0.0,0.0,0.0,1.0,0.0,0.0,0.0,0.0,0.0,0.0,0.0,0.0,0.0,1.0,0.0,0.0,0.0,1.0,0.0,0.0,0.0,0.0,0.0,0.0,0.0,A cartoon illustration shows a man and a woman engaged in conversation.,"cartoon, man, woman, conversation, illustration"
3186,img/03186.png,0.0,removes polish with chemicals nobody bats an eye commits crimes against the polish starts ww2,train,5684,6732,443,['pc_empty'],['attack_empty'],['pc_empty'],['attack_empty'],0.0,0.0,1.0,0.0,0.0,0.0,1.0,0.0,0.0,0.0,0.0,0.0,0.0,0.0,0.0,0.0,1.0,0.0,0.0,0.0,1.0,0.0,0.0,0.0,0.0,0.0,0.0,0.0,"A black and white photograph features a man with a mustache, dressed in formal attire, his facial expression serious and somber.","black and white, man, mustache, photograph, formal attire, serious expression, somber, historical, portrait"
3751,img/03751.png,0.0,"""i yelled catch ! i swear i thought she was ready """,train,5689,5253,5184,['pc_empty'],['attack_empty'],['pc_empty'],['attack_empty'],0.0,0.0,1.0,0.0,0.0,0.0,1.0,0.0,0.0,0.0,0.0,0.0,0.0,0.0,0.0,0.0,1.0,0.0,0.0,0.0,1.0,0.0,0.0,0.0,0.0,0.0,0.0,0.0,A young girl is holding a remote control and watching a television.,"girl, remote control, television, watching, young"
5231,img/05231.png,0.0,the name's bob... bob,train,5693,4571,984,['pc_empty'],['attack_empty'],['pc_empty'],['attack_empty'],0.0,0.0,1.0,0.0,0.0,0.0,1.0,0.0,0.0,0.0,0.0,0.0,0.0,0.0,0.0,0.0,1.0,0.0,0.0,0.0,1.0,0.0,0.0,0.0,0.0,0.0,0.0,0.0,A man wearing a blue shirt is smiling directly at the camera.,"man, blue shirt, smiling, camera, portrait"
2576,img/02576.png,0.0,this is a snakes mouth it all makes fucking sense now,train,871,290,7020,['pc_empty'],['attack_empty'],['pc_empty'],['attack_empty'],0.0,0.0,1.0,0.0,0.0,0.0,1.0,0.0,0.0,0.0,0.0,0.0,0.0,0.0,0.0,0.0,1.0,0.0,0.0,0.0,1.0,0.0,0.0,0.0,0.0,0.0,0.0,0.0,"A close-up view of a yellow snake with its mouth open, positioned on a branch, revealing the details inside its mouth.","yellow snake, mouth open, branch, close-up, snake, detailed view"
7294,img/07294.png,1.0,bruder you killed me so the jew could control your media so the jews could control your banks so the jews control you money so the jews could control your government so your children could die for israel so foreigners could destroy your cities so foreigners could run your civil and public services so you become a prisoner in your own homes so your people and race are lost forever,train,5709,2301,2195,['religion'],['dehumanizing'],"['nationality', 'religion']","['inferiority', 'dehumanizing']",0.0,0.0,0.0,0.0,1.0,0.0,0.0,0.0,1.0,0.0,0.0,0.0,0.0,0.0,0.0,1.0,0.0,0.0,1.0,0.0,0.0,0.0,1.0,0.0,0.0,1.0,0.0,0.0,The image shows a skull wearing a baseball cap against a plain background.,"skull, baseball cap, headwear, plain background, anatomy"
2537,img/02537.png,0.0,arrest george soros for crimes against europe,train,5712,4878,4826,['pc_empty'],['attack_empty'],['pc_empty'],['attack_empty'],0.0,0.0,1.0,0.0,0.0,0.0,1.0,0.0,0.0,0.0,0.0,0.0,0.0,0.0,0.0,0.0,1.0,0.0,0.0,0.0,1.0,0.0,0.0,0.0,0.0,0.0,0.0,0.0,"A man dressed formally in a suit and tie stands beside a boat, appearing serious.","man, suit, tie, boat, formal, serious"
5761,img/05761.png,0.0,"don't shoot, i'm from the group why dont you post and comment? i'm shy, but i like stuff",train,5731,6099,6030,['pc_empty'],['attack_empty'],['pc_empty'],['attack_empty'],0.0,0.0,1.0,0.0,0.0,0.0,1.0,0.0,0.0,0.0,0.0,0.0,0.0,0.0,0.0,0.0,1.0,0.0,0.0,0.0,1.0,0.0,0.0,0.0,0.0,0.0,0.0,0.0,"A man dressed in a suit and tie is holding a laptop, appearing reserved and possibly hesitant.","man, suit, tie, laptop, reserved, hesitant"
6892,img/06892.png,0.0,when you're trying to listen to the teacher in your school and the foreign exchange student keeps on crying,train,5733,6546,6437,['pc_empty'],['attack_empty'],['pc_empty'],['attack_empty'],0.0,0.0,1.0,0.0,0.0,0.0,1.0,0.0,0.0,0.0,0.0,0.0,0.0,0.0,0.0,0.0,1.0,0.0,0.0,0.0,1.0,0.0,0.0,0.0,0.0,0.0,0.0,0.0,"A young boy, seated at a classroom table, raises one hand, looking distracted as if there is some commotion nearby.","boy, classroom, table, hand raised, distracted, student, school"
1643,img/01643.png,0.0,i'm not a racist my shadow is black,train,2228,705,1824,['race'],['attack_empty'],['race'],[],0.0,0.0,0.0,1.0,0.0,0.0,1.0,0.0,0.0,0.0,0.0,0.0,0.0,0.0,0.0,0.0,0.0,1.0,0.0,0.0,0.0,0.0,0.0,0.0,0.0,0.0,0.0,0.0,"A man and a young boy are brushing their teeth together, both holding toothbrushes and standing close to each other, likely in a bathroom setting.","man, boy, brushing teeth, toothbrush, bathroom, together, hygiene"
4361,img/04361.png,1.0,islam turning every single country it touches into a shithole for over 1400 years,train,5759,7047,6929,['religion'],['contempt'],['religion'],"['inferiority', 'contempt']",0.0,0.0,0.0,0.0,1.0,0.0,0.0,1.0,0.0,0.0,0.0,0.0,0.0,0.0,0.0,0.0,0.0,0.0,1.0,0.0,0.0,1.0,0.0,0.0,0.0,1.0,0.0,0.0,A damaged concrete wall with multiple visible cracks and areas of deterioration.,"concrete wall, cracks, damage, deterioration, surface"
6793,img/06793.png,0.0,"when asked what i did over the weekend i reply, ""why, what did you hear",train,5765,3847,3761,['pc_empty'],['attack_empty'],['pc_empty'],['attack_empty'],0.0,0.0,1.0,0.0,0.0,0.0,1.0,0.0,0.0,0.0,0.0,0.0,0.0,0.0,0.0,0.0,1.0,0.0,0.0,0.0,1.0,0.0,0.0,0.0,0.0,0.0,0.0,0.0,"A monkey is shown with a piece of food held in its mouth, looking alert and engaged.","monkey, food, mouth, animal, alert, engaged"
5642,img/05642.png,0.0,did you say dude blew his tranny???,train,2469,774,6428,['pc_empty'],['attack_empty'],['pc_empty'],['attack_empty'],0.0,0.0,1.0,0.0,0.0,0.0,1.0,0.0,0.0,0.0,0.0,0.0,0.0,0.0,0.0,0.0,1.0,0.0,0.0,0.0,1.0,0.0,0.0,0.0,0.0,0.0,0.0,0.0,"A car is engulfed in flames, with thick smoke rising into the air, indicating a severe fire incident.","car, fire, flames, smoke, accident, vehicle, burning"
4861,img/04861.png,0.0,"waiter, another order of crow for my anti-trump friends",train,5777,5023,4963,['pc_empty'],['attack_empty'],['pc_empty'],['attack_empty'],0.0,0.0,1.0,0.0,0.0,0.0,1.0,0.0,0.0,0.0,0.0,0.0,0.0,0.0,0.0,0.0,1.0,0.0,0.0,0.0,1.0,0.0,0.0,0.0,0.0,0.0,0.0,0.0,"A black bird, likely a crow, is perched on a white plate, creating a stark contrast between the dark feathers and the light background.","black bird, crow, white plate, contrast, perched, feathers, tableware"
3875,img/03875.png,1.0,we're glad you're home the russians pooped in the hallway!,train,4027,1133,1330,['pc_empty'],['attack_empty'],['pc_empty'],['attack_empty'],0.0,0.0,1.0,0.0,0.0,0.0,1.0,0.0,0.0,0.0,0.0,0.0,0.0,0.0,0.0,0.0,1.0,0.0,0.0,0.0,1.0,0.0,0.0,0.0,0.0,0.0,0.0,0.0,"Two dogs are positioned close to one another indoors, appearing alert and attentive.","dogs, indoors, two, alert, close together, pets"
1527,img/01527.png,0.0,oh no i can't run anymore,train,5782,1413,1361,['pc_empty'],['attack_empty'],['pc_empty'],['attack_empty'],0.0,0.0,1.0,0.0,0.0,0.0,1.0,0.0,0.0,0.0,0.0,0.0,0.0,0.0,0.0,0.0,1.0,0.0,0.0,0.0,1.0,0.0,0.0,0.0,0.0,0.0,0.0,0.0,"A person is walking down a road, holding their knee as if in pain or discomfort.","person, road, walking, knee, pain, discomfort"
2156,img/02156.png,0.0,never forget,train,3839,1098,806,['pc_empty'],['attack_empty'],['pc_empty'],['attack_empty'],0.0,0.0,1.0,0.0,0.0,0.0,1.0,0.0,0.0,0.0,0.0,0.0,0.0,0.0,0.0,0.0,1.0,0.0,0.0,0.0,1.0,0.0,0.0,0.0,0.0,0.0,0.0,0.0,"A woman is seen gently holding a child in her arms, displaying a close and caring bond between them.","woman, child, holding, arms, care, relationship, bond, gentle"
5619,img/05619.png,1.0,official white house  holiday ornaments,train,5799,638,818,['pc_empty'],['attack_empty'],['pc_empty'],['attack_empty'],0.0,0.0,1.0,0.0,0.0,0.0,1.0,0.0,0.0,0.0,0.0,0.0,0.0,0.0,0.0,0.0,1.0,0.0,0.0,0.0,1.0,0.0,0.0,0.0,0.0,0.0,0.0,0.0,"A group of decorative holiday ornaments is displayed together, each featuring festive designs and colors, possibly with some white and gold elements.","holiday ornaments, decorative, festive, group, white, gold, display"
7286,img/07286.png,0.0,hiltler eating a meal with his family,train,5811,6963,20,['pc_empty'],['attack_empty'],['pc_empty'],['attack_empty'],0.0,0.0,1.0,0.0,0.0,0.0,1.0,0.0,0.0,0.0,0.0,0.0,0.0,0.0,0.0,0.0,1.0,0.0,0.0,0.0,1.0,0.0,0.0,0.0,0.0,0.0,0.0,0.0,"A man in a blue shirt is sitting at a table, appearing to share a meal with several other people who seem to be his family.","man, blue shirt, meal, family, table, sitting, people, eating"
1329,img/01329.png,1.0,saddle up motherfuckers it's time to play cowboys,train,3756,1080,1030,['pc_empty'],['attack_empty'],['pc_empty'],['attack_empty'],0.0,0.0,1.0,0.0,0.0,0.0,1.0,0.0,0.0,0.0,0.0,0.0,0.0,0.0,0.0,0.0,1.0,0.0,0.0,0.0,1.0,0.0,0.0,0.0,0.0,0.0,0.0,0.0,"A man is sitting in a chair, likely preparing or embodying a cowboy theme.","man, chair, sitting, cowboy, preparing, western, costume"
7692,img/07692.png,1.0,"hurry up son, the owner is coming",train,5819,1419,841,['race'],['dehumanizing'],"['race', 'sex']","['mocking', 'dehumanizing']",0.0,0.0,0.0,1.0,0.0,0.0,0.0,0.0,1.0,0.0,0.0,0.0,0.0,0.0,0.0,0.0,0.0,1.0,0.0,1.0,0.0,0.0,1.0,0.0,0.0,0.0,1.0,0.0,"A man assists a young boy with a bicycle on a street, as they appear to be concerned or in a hurry.","man, boy, bicycle, assistance, street, concerned, hurrying"
7356,img/07356.png,0.0,my husband told me to make him a sandwich i need a good comeback i would come back with a sandwich,train,5823,1420,4166,['sex'],['dehumanizing'],['sex'],['dehumanizing'],0.0,0.0,0.0,0.0,0.0,1.0,0.0,0.0,1.0,0.0,0.0,0.0,0.0,0.0,0.0,0.0,0.0,0.0,0.0,1.0,0.0,0.0,1.0,0.0,0.0,0.0,0.0,0.0,A person is preparing a sandwich by placing a slice of bread onto other sandwich ingredients on a flat surface.,"sandwich, bread, person, preparing, food, ingredient, flat surface"
1529,img/01529.png,0.0,acceptance of individuality is not a disgusting thing,train,5825,3744,426,['pc_empty'],['attack_empty'],['pc_empty'],['attack_empty'],0.0,0.0,1.0,0.0,0.0,0.0,1.0,0.0,0.0,0.0,0.0,0.0,0.0,0.0,0.0,0.0,1.0,0.0,0.0,0.0,1.0,0.0,0.0,0.0,0.0,0.0,0.0,0.0,"A person is wearing a brightly colored, rainbow-patterned shirt.","rainbow, shirt, colorful, clothing, person, bright, pattern"
4675,img/04675.png,0.0,i called my boy whatchoo goin do bout that spray bottle now,train,5839,2426,2317,['pc_empty'],['attack_empty'],['pc_empty'],['attack_empty'],0.0,0.0,1.0,0.0,0.0,0.0,1.0,0.0,0.0,0.0,0.0,0.0,0.0,0.0,0.0,0.0,1.0,0.0,0.0,0.0,1.0,0.0,0.0,0.0,0.0,0.0,0.0,0.0,"A cat is looking directly at the camera, appearing alert and attentive in the image.","cat, camera, attention, alert, animal, pet"
3482,img/03482.png,0.0,i try not to be bias,train,5847,5437,5381,['pc_empty'],['attack_empty'],['pc_empty'],['attack_empty'],0.0,0.0,1.0,0.0,0.0,0.0,1.0,0.0,0.0,0.0,0.0,0.0,0.0,0.0,0.0,0.0,1.0,0.0,0.0,0.0,1.0,0.0,0.0,0.0,0.0,0.0,0.0,0.0,"A police officer is positioned near a marked patrol car in an outdoor setting, dressed in standard uniform and engaged in professional duties.","police officer, patrol car, uniform, outdoor, professional duty"
6973,img/06973.png,0.0,what it looks like when cancer gets aids,train,3858,1101,3679,['pc_empty'],['attack_empty'],['pc_empty'],['attack_empty'],0.0,0.0,1.0,0.0,0.0,0.0,1.0,0.0,0.0,0.0,0.0,0.0,0.0,0.0,0.0,0.0,1.0,0.0,0.0,0.0,1.0,0.0,0.0,0.0,0.0,0.0,0.0,0.0,A woman wearing a white lab coat and blue gloves is working at a computer in what appears to be a laboratory or medical environment.,"woman, lab coat, blue gloves, computer, laboratory, medical, working"
4156,img/04156.png,0.0,me after i take that first sip of mcdonald's sprite kwispy,train,5859,7186,7063,['pc_empty'],['attack_empty'],['pc_empty'],['attack_empty'],0.0,0.0,1.0,0.0,0.0,0.0,1.0,0.0,0.0,0.0,0.0,0.0,0.0,0.0,0.0,0.0,1.0,0.0,0.0,0.0,1.0,0.0,0.0,0.0,0.0,0.0,0.0,0.0,"A man wearing a tuxedo with a black tie and a white shirt is shown, possibly displaying a quirky or memorable reaction.","man, tuxedo, black tie, white shirt, reaction, formal wear"
2647,img/02647.png,0.0,notice how the kenyan skidmark has been silent about the mueller report?,train,4573,1237,6448,['pc_empty'],['attack_empty'],['pc_empty'],['attack_empty'],0.0,0.0,1.0,0.0,0.0,0.0,1.0,0.0,0.0,0.0,0.0,0.0,0.0,0.0,0.0,0.0,1.0,0.0,0.0,0.0,1.0,0.0,0.0,0.0,0.0,0.0,0.0,0.0,"A man dressed in a suit and tie is present in front of a group of people, suggesting a formal or public setting.","man, suit, tie, crowd, group, formal, public, people"
3172,img/03172.png,0.0,im white trash and im in trouble,train,5882,1427,3055,['pc_empty'],['attack_empty'],['pc_empty'],['attack_empty'],0.0,0.0,1.0,0.0,0.0,0.0,1.0,0.0,0.0,0.0,0.0,0.0,0.0,0.0,0.0,0.0,1.0,0.0,0.0,0.0,1.0,0.0,0.0,0.0,0.0,0.0,0.0,0.0,A plastic object is partially buried in the sandy ground.,"plastic, sand, object, ground, buried"
6948,img/06948.png,0.0,you mean i don't have to pick it and i can eat it?!,train,4653,1248,6485,['pc_empty'],['attack_empty'],['pc_empty'],['attack_empty'],0.0,0.0,1.0,0.0,0.0,0.0,1.0,0.0,0.0,0.0,0.0,0.0,0.0,0.0,0.0,0.0,1.0,0.0,0.0,0.0,1.0,0.0,0.0,0.0,0.0,0.0,0.0,0.0,"A man and a young girl are together with a basket full of strawberries, possibly enjoying or preparing to eat the fruit.","man, girl, basket, strawberries, fruit, together, eating"
4718,img/04718.png,0.0,isis you mean them goat fuckers that don't like bacon,train,5892,5649,1080,['pc_empty'],['attack_empty'],['pc_empty'],['attack_empty'],0.0,0.0,1.0,0.0,0.0,0.0,1.0,0.0,0.0,0.0,0.0,0.0,0.0,0.0,0.0,0.0,1.0,0.0,0.0,0.0,1.0,0.0,0.0,0.0,0.0,0.0,0.0,0.0,A man dressed in a red suit and tie is visible in the image.,"man, red suit, tie, clothing, male, formal wear"
6597,img/06597.png,0.0,we're all here cause we ain't all there,train,5893,5369,5311,['pc_empty'],['attack_empty'],['pc_empty'],['attack_empty'],0.0,0.0,1.0,0.0,0.0,0.0,1.0,0.0,0.0,0.0,0.0,0.0,0.0,0.0,0.0,0.0,1.0,0.0,0.0,0.0,1.0,0.0,0.0,0.0,0.0,0.0,0.0,0.0,"A man with a surprised expression on his face, looking directly ahead, depicted in a closely framed image.","man, surprised expression, face, portrait, close-up"
1962,img/01962.png,0.0,i put makeup for my profile photo,train,5909,5562,657,['pc_empty'],['attack_empty'],['pc_empty'],['attack_empty'],0.0,0.0,1.0,0.0,0.0,0.0,1.0,0.0,0.0,0.0,0.0,0.0,0.0,0.0,0.0,0.0,1.0,0.0,0.0,0.0,1.0,0.0,0.0,0.0,0.0,0.0,0.0,0.0,"A baby orangutan is sitting on a rock, with a natural background and visible facial features.","baby orangutan, rock, nature, animal, facial features"
2153,img/02153.png,0.0,when you're arguing with someone and trying notto hit them,train,5917,3110,3012,['pc_empty'],['attack_empty'],['pc_empty'],['attack_empty'],0.0,0.0,1.0,0.0,0.0,0.0,1.0,0.0,0.0,0.0,0.0,0.0,0.0,0.0,0.0,0.0,1.0,0.0,0.0,0.0,1.0,0.0,0.0,0.0,0.0,0.0,0.0,0.0,"A green stuffed animal is placed on a red carpet, appearing to sit upright and isolated.","green, stuffed animal, red carpet, upright, isolated"
3128,img/03128.png,1.0,lazy day nothing to steal,train,2600,812,870,['race'],['dehumanizing'],['race'],"['inferiority', 'dehumanizing']",0.0,0.0,0.0,1.0,0.0,0.0,0.0,0.0,1.0,0.0,0.0,0.0,0.0,0.0,0.0,0.0,0.0,1.0,0.0,0.0,0.0,0.0,1.0,0.0,0.0,1.0,0.0,0.0,A young girl is in front of a simple hut in a rural setting on a quiet day.,"young girl, hut, rural, quiet, simple, outdoors"
1349,img/01349.png,1.0,girl you're so special i'm gonna give you a gold star,train,5937,5000,667,['religion'],['mocking'],['religion'],['mocking'],0.0,0.0,0.0,0.0,1.0,0.0,0.0,0.0,0.0,0.0,0.0,0.0,1.0,0.0,0.0,0.0,0.0,0.0,1.0,0.0,0.0,0.0,0.0,0.0,0.0,0.0,1.0,0.0,"An old black and white photo shows a man and a young girl together, capturing a moment that appears to convey affection or recognition.","black and white, man, young girl, old photo, affection, recognition"
3962,img/03962.png,0.0,where's my water?,train,5938,1436,6082,['pc_empty'],['attack_empty'],['pc_empty'],['attack_empty'],0.0,0.0,1.0,0.0,0.0,0.0,1.0,0.0,0.0,0.0,0.0,0.0,0.0,0.0,0.0,0.0,1.0,0.0,0.0,0.0,1.0,0.0,0.0,0.0,0.0,0.0,0.0,0.0,A young boy is holding a glass and drinking water from it.,"boy, glass, drinking, water, young"
5612,img/05612.png,0.0,of all time the most underrated cook,train,5943,839,4378,['pc_empty'],['attack_empty'],['pc_empty'],['attack_empty'],0.0,0.0,1.0,0.0,0.0,0.0,1.0,0.0,0.0,0.0,0.0,0.0,0.0,0.0,0.0,0.0,1.0,0.0,0.0,0.0,1.0,0.0,0.0,0.0,0.0,0.0,0.0,0.0,"A young boy wearing a chef's uniform holds a frying pan, appearing ready to cook.","boy, chef's uniform, frying pan, young, cooking"
3947,img/03947.png,1.0,no one: steven hawking:,train,5947,4715,34,['disability'],['inferiority'],['disability'],['inferiority'],1.0,0.0,0.0,0.0,0.0,0.0,0.0,0.0,0.0,0.0,0.0,1.0,0.0,0.0,1.0,0.0,0.0,0.0,0.0,0.0,0.0,0.0,0.0,0.0,0.0,1.0,0.0,0.0,A black leather office chair with a white and black cow print cushion on its seat is placed against a plain background.,"black leather office chair, cow print seat, cushion, white and black, plain background"
1579,img/01579.png,1.0,"muslim figure: ""we must have pork-free menus or we will leave u.s"" bacon america great again!",train,5968,5498,684,['religion'],['exclusion'],['religion'],"['inferiority', 'exclusion']",0.0,0.0,0.0,0.0,1.0,0.0,0.0,0.0,0.0,1.0,0.0,0.0,0.0,0.0,0.0,0.0,0.0,0.0,1.0,0.0,0.0,0.0,0.0,1.0,0.0,1.0,0.0,0.0,"A woman is wearing a scarf with red, white, and blue colors, which may resemble the American flag.","woman, scarf, red, white, blue, American flag, headscarf"
7239,img/07239.png,0.0,a head diaper is required when you have shit for brains,train,710,235,5985,['pc_empty'],['attack_empty'],['pc_empty'],['attack_empty'],0.0,0.0,1.0,0.0,0.0,0.0,1.0,0.0,0.0,0.0,0.0,0.0,0.0,0.0,0.0,0.0,1.0,0.0,0.0,0.0,1.0,0.0,0.0,0.0,0.0,0.0,0.0,0.0,A young man wearing glasses and a tie has a diaper placed on his head.,"young man, glasses, tie, diaper, headwear"
6824,img/06824.png,1.0,these aren't bears! these are just two fat gay fucks! pride,train,5995,1773,1683,['sex'],"['inferiority', 'contempt']",['sex'],"['inferiority', 'contempt']",0.0,0.0,0.0,0.0,0.0,1.0,0.0,1.0,0.0,0.0,0.0,1.0,0.0,0.0,0.0,0.0,0.0,0.0,0.0,1.0,0.0,1.0,0.0,0.0,0.0,1.0,0.0,0.0,A man and a woman are seen together with a goat.,"man, woman, goat, together, people, animal"
6825,img/06825.png,1.0,"""at first, i didn t want to wear a hijab."" ""but my husband convinced me otherwise.""",train,114,38,199,['religion'],['dehumanizing'],['religion'],"['dehumanizing', 'inciting_violence']",0.0,0.0,0.0,0.0,1.0,0.0,0.0,0.0,1.0,0.0,0.0,0.0,0.0,0.0,0.0,0.0,0.0,0.0,1.0,0.0,0.0,0.0,1.0,0.0,1.0,0.0,0.0,0.0,"A man and a woman are together, with the woman wearing a hijab, and they are taking a selfie.","man, woman, hijab, selfie, together"
3468,img/03468.png,0.0,"my dishwasher is acting strange, can anybody help",train,6021,764,654,['pc_empty'],['attack_empty'],['pc_empty'],['attack_empty'],0.0,0.0,1.0,0.0,0.0,0.0,1.0,0.0,0.0,0.0,0.0,0.0,0.0,0.0,0.0,0.0,1.0,0.0,0.0,0.0,1.0,0.0,0.0,0.0,0.0,0.0,0.0,0.0,A man is inspecting or working on a dishwasher in a kitchen environment.,"man, dishwasher, kitchen, inspecting, repair, appliance, indoors"
5928,img/05928.png,0.0,"just because she weighed as much as two people, that doesn't mean that you had a threesome",train,3047,919,5161,['pc_empty'],['attack_empty'],['pc_empty'],['attack_empty'],0.0,0.0,1.0,0.0,0.0,0.0,1.0,0.0,0.0,0.0,0.0,0.0,0.0,0.0,0.0,0.0,1.0,0.0,0.0,0.0,1.0,0.0,0.0,0.0,0.0,0.0,0.0,0.0,"Two hippopotamuses are partially submerged in water, with their large bodies visible above the surface.","hippopotamus, water, animals, submerged, wildlife"
2845,img/02845.png,0.0,they have sex with goats wipe their asses with their hands and drink camel piss but i'm the unclean one!,train,3844,739,5081,['pc_empty'],['attack_empty'],['pc_empty'],['attack_empty'],0.0,0.0,1.0,0.0,0.0,0.0,1.0,0.0,0.0,0.0,0.0,0.0,0.0,0.0,0.0,0.0,1.0,0.0,0.0,0.0,1.0,0.0,0.0,0.0,0.0,0.0,0.0,0.0,"A monkey is sitting on a wooden log and is holding a piece of food, appearing to eat it.","monkey, log, food, sitting, eating, animal, wildlife"
2716,img/02716.png,0.0,"felt cute might pray later, idk",train,6084,6390,861,['pc_empty'],['attack_empty'],['pc_empty'],['attack_empty'],0.0,0.0,1.0,0.0,0.0,0.0,1.0,0.0,0.0,0.0,0.0,0.0,0.0,0.0,0.0,0.0,1.0,0.0,0.0,0.0,1.0,0.0,0.0,0.0,0.0,0.0,0.0,0.0,"A man wearing a white shirt is depicted with his hands together in a prayerful gesture, looking peaceful and contemplative.","man, white shirt, praying, hands together, peaceful, contemplative, gesture"
3691,img/03691.png,0.0,koran class with the rohingya people,train,6085,2831,1387,['pc_empty'],['attack_empty'],['pc_empty'],['attack_empty'],0.0,0.0,1.0,0.0,0.0,0.0,1.0,0.0,0.0,0.0,0.0,0.0,0.0,0.0,0.0,0.0,1.0,0.0,0.0,0.0,1.0,0.0,0.0,0.0,0.0,0.0,0.0,0.0,"Several people are seated together around a table, likely engaged in a group activity or discussion.","group, people, table, seated, gathering, discussion"
2853,img/02853.png,1.0,"but islam can radicalize muslims muslims are not terrorist quran 8:39 ""kill all non believers till the only religion is islam""",train,6096,2806,2703,['religion'],['dehumanizing'],['religion'],"['dehumanizing', 'inciting_violence']",0.0,0.0,0.0,0.0,1.0,0.0,0.0,0.0,1.0,0.0,0.0,0.0,0.0,0.0,0.0,0.0,0.0,0.0,1.0,0.0,0.0,0.0,1.0,0.0,1.0,0.0,0.0,0.0,"A man wearing a white shirt is positioned in front of an urban cityscape, with modern buildings visible in the background.","man, white shirt, cityscape, urban, buildings, background"
6513,img/06513.png,0.0,smile no matter what your going through,train,6102,6393,1001,['pc_empty'],['attack_empty'],['pc_empty'],['attack_empty'],0.0,0.0,1.0,0.0,0.0,0.0,1.0,0.0,0.0,0.0,0.0,0.0,0.0,0.0,0.0,0.0,1.0,0.0,0.0,0.0,1.0,0.0,0.0,0.0,0.0,0.0,0.0,0.0,A woman is smiling while performing a plank exercise using an exercise ball in a well-lit indoor setting.,"woman, plank, exercise ball, smiling, indoor, fitness, exercise"
2951,img/02951.png,0.0,protesters throwing smoke bombs,train,6110,7236,1391,['pc_empty'],['attack_empty'],['pc_empty'],['attack_empty'],0.0,0.0,1.0,0.0,0.0,0.0,1.0,0.0,0.0,0.0,0.0,0.0,0.0,0.0,0.0,0.0,1.0,0.0,0.0,0.0,1.0,0.0,0.0,0.0,0.0,0.0,0.0,0.0,"A man is sitting on the ground in front of several guns, with smoke filling the area, suggesting a scene of unrest or conflict.","man, sitting, guns, smoke, ground, conflict, unrest"
2371,img/02371.png,0.0,why do all the mexican foos who work lmaooo at t-mobile look like this,train,6116,6446,6353,['nationality'],['inferiority'],"['nationality', 'race']",['inferiority'],0.0,1.0,0.0,0.0,0.0,0.0,0.0,0.0,0.0,0.0,0.0,1.0,0.0,0.0,0.0,1.0,0.0,1.0,0.0,0.0,0.0,0.0,0.0,0.0,0.0,1.0,0.0,0.0,"Two people are seated at a table, each positioned in front of a microphone, possibly engaged in a conversation or interview.","people, table, microphone, seated, conversation, interview, two, indoors"
5649,img/05649.png,0.0,you sicced all of your corrupt  goons after me for 3 years and i came out clean. now it's my turn to send my justice-seeking patriots after you and your corrupt goons let's see how you all come out!!!,train,6149,1055,4799,['pc_empty'],['attack_empty'],['pc_empty'],['attack_empty'],0.0,0.0,1.0,0.0,0.0,0.0,1.0,0.0,0.0,0.0,0.0,0.0,0.0,0.0,0.0,0.0,1.0,0.0,0.0,0.0,1.0,0.0,0.0,0.0,0.0,0.0,0.0,0.0,"The image features two separate photographs of President Obama, alongside another photo of a different president, probably shown in a context highlighting their political identities.","President Obama, presidents, photographs, politics, identity, context, images"
2483,img/02483.png,0.0,group of people rescued from medditaranian sea by italian coast guard,train,6165,5156,1291,['pc_empty'],['attack_empty'],['pc_empty'],['attack_empty'],0.0,0.0,1.0,0.0,0.0,0.0,1.0,0.0,0.0,0.0,0.0,0.0,0.0,0.0,0.0,0.0,1.0,0.0,0.0,0.0,1.0,0.0,0.0,0.0,0.0,0.0,0.0,0.0,A large container ship is floating on the open ocean under clear skies.,"container ship, ocean, ship, open sea, clear skies"
4257,img/04257.png,0.0,"how sad it must be for supporters - believing that scientist, scholars, historians, economist, and journalists have devoted their entire lives to deceiving america, while a reality-tv star with decades of fraud and exhaustively-documented lying is your beacon of honesty",train,6166,2464,2355,['pc_empty'],['attack_empty'],['pc_empty'],['attack_empty'],0.0,0.0,1.0,0.0,0.0,0.0,1.0,0.0,0.0,0.0,0.0,0.0,0.0,0.0,0.0,0.0,1.0,0.0,0.0,0.0,1.0,0.0,0.0,0.0,0.0,0.0,0.0,0.0,"A man dressed in a formal suit is sitting alone on a plain couch in a simply furnished indoor setting, with a contemplative or somber expression on his face.","man, suit, couch, indoors, sitting, somber, contemplative, alone"
2719,img/02719.png,1.0,your black neighbor after you called the cops,train,6168,1458,1380,['race'],['dehumanizing'],['race'],['dehumanizing'],0.0,0.0,0.0,1.0,0.0,0.0,0.0,0.0,1.0,0.0,0.0,0.0,0.0,0.0,0.0,0.0,0.0,1.0,0.0,0.0,0.0,0.0,1.0,0.0,0.0,0.0,0.0,0.0,"A close-up image of a gorilla with its mouth open, displaying a strong facial expression.","gorilla, close-up, mouth open, facial expression, animal"
1258,img/01258.png,0.0,ladies! if your man is offended by this he is a faggot. end of story,train,6180,1132,6132,['sex'],['slurs'],['sex'],['slurs'],0.0,0.0,0.0,0.0,0.0,1.0,0.0,0.0,0.0,0.0,0.0,0.0,0.0,1.0,0.0,0.0,0.0,0.0,0.0,1.0,0.0,0.0,0.0,0.0,0.0,0.0,0.0,1.0,A woman with long hair is wearing sunglasses and holding a cigarette near her mouth.,"woman, sunglasses, cigarette, smoking, long hair"
1236,img/01236.png,0.0,meanwhile at the isis strip club,train,117,39,41,['pc_empty'],['attack_empty'],['pc_empty'],['attack_empty'],0.0,0.0,1.0,0.0,0.0,0.0,1.0,0.0,0.0,0.0,0.0,0.0,0.0,0.0,0.0,0.0,1.0,0.0,0.0,0.0,1.0,0.0,0.0,0.0,0.0,0.0,0.0,0.0,"Several men are gathered together in front of a sheep, standing outdoors.","men, group, sheep, outdoors, gathered"
6875,img/06875.png,0.0,it didn't happen because of the actions of one man it happened because of people who were 'just doing their jobs',train,512,176,3079,['pc_empty'],['attack_empty'],['pc_empty'],['attack_empty'],0.0,0.0,1.0,0.0,0.0,0.0,1.0,0.0,0.0,0.0,0.0,0.0,0.0,0.0,0.0,0.0,1.0,0.0,0.0,0.0,1.0,0.0,0.0,0.0,0.0,0.0,0.0,0.0,"The image shows a wedding cake displayed inside a glass case, likely in a bakery or shop setting, with focus on the cake as the central subject.","wedding cake, glass case, bakery, display, cake"
6275,img/06275.png,0.0,"so you listen to rap music but you're offended by ""baby it's cold outside""",train,6196,3675,3567,['pc_empty'],['attack_empty'],['pc_empty'],['attack_empty'],0.0,0.0,1.0,0.0,0.0,0.0,1.0,0.0,0.0,0.0,0.0,0.0,0.0,0.0,0.0,0.0,1.0,0.0,0.0,0.0,1.0,0.0,0.0,0.0,0.0,0.0,0.0,0.0,"A man is holding a microphone, suggesting he may be speaking or performing, with a neutral background.","man, microphone, speaking, performing, neutral background"
1827,img/01827.png,0.0,if your man is offended by this then he's never been hunting,train,6212,5866,1083,['pc_empty'],['attack_empty'],['pc_empty'],['attack_empty'],0.0,0.0,1.0,0.0,0.0,0.0,1.0,0.0,0.0,0.0,0.0,0.0,0.0,0.0,0.0,0.0,1.0,0.0,0.0,0.0,1.0,0.0,0.0,0.0,0.0,0.0,0.0,0.0,"A dog is interacting with a piece of wood on a dirt or earthy surface, appearing to play or engage with the item.","dog, piece of wood, dirt, playing, earthy surface"
7649,img/07649.png,0.0,i see no difference,train,6215,2489,2375,['pc_empty'],['attack_empty'],['pc_empty'],['attack_empty'],0.0,0.0,1.0,0.0,0.0,0.0,1.0,0.0,0.0,0.0,0.0,0.0,0.0,0.0,0.0,0.0,1.0,0.0,0.0,0.0,1.0,0.0,0.0,0.0,0.0,0.0,0.0,0.0,The image shows several different types of vacuum cleaners displayed side by side for comparison.,"vacuum cleaners, comparison, appliances, variety, display"
7431,img/07431.png,0.0,leave no dog behind,train,6223,1126,6267,['pc_empty'],['attack_empty'],['pc_empty'],['attack_empty'],0.0,0.0,1.0,0.0,0.0,0.0,1.0,0.0,0.0,0.0,0.0,0.0,0.0,0.0,0.0,0.0,1.0,0.0,0.0,0.0,1.0,0.0,0.0,0.0,0.0,0.0,0.0,0.0,"A woman is holding a dog while moving through a street that is heavily flooded with water, indicating a rescue or evacuation situation.","woman, dog, flood, rescue, evacuation, water, street"
6481,img/06481.png,0.0,where's kaepernick? i need my car washed,train,6234,3449,3365,['pc_empty'],['attack_empty'],['pc_empty'],['attack_empty'],0.0,0.0,1.0,0.0,0.0,0.0,1.0,0.0,0.0,0.0,0.0,0.0,0.0,0.0,0.0,0.0,1.0,0.0,0.0,0.0,1.0,0.0,0.0,0.0,0.0,0.0,0.0,0.0,"A green car outdoors is partially covered with a sheet, and a man is visible near or inside the vehicle.","green car, sheet, outdoors, man, vehicle, covered, partial"
5782,img/05782.png,1.0,you know what grinds my gears? niggers,train,6254,329,2046,['race'],['slurs'],['race'],['slurs'],0.0,0.0,0.0,1.0,0.0,0.0,0.0,0.0,0.0,0.0,0.0,0.0,0.0,1.0,0.0,0.0,0.0,1.0,0.0,0.0,0.0,0.0,0.0,0.0,0.0,0.0,0.0,1.0,A person dressed formally in a suit and tie is present on a red carpet.,"person, suit, tie, formal, red carpet"
2867,img/02867.png,0.0,russia #freesentsov #freekolchenko,train,6268,1866,1772,['pc_empty'],['attack_empty'],['pc_empty'],['attack_empty'],0.0,0.0,1.0,0.0,0.0,0.0,1.0,0.0,0.0,0.0,0.0,0.0,0.0,0.0,0.0,0.0,1.0,0.0,0.0,0.0,1.0,0.0,0.0,0.0,0.0,0.0,0.0,0.0,"A man is positioned in front of a plain white wall, possibly in an indoor setting.","man, white wall, indoor, plain background, adult"
1382,img/01382.png,0.0,my body my choice,train,6280,2815,1404,['pc_empty'],['attack_empty'],['pc_empty'],['attack_empty'],0.0,0.0,1.0,0.0,0.0,0.0,1.0,0.0,0.0,0.0,0.0,0.0,0.0,0.0,0.0,0.0,1.0,0.0,0.0,0.0,1.0,0.0,0.0,0.0,0.0,0.0,0.0,0.0,A hand is writing the phrase 'my body my choice' on a green chalkboard using white chalk.,"hand, writing, chalkboard, chalk, my body my choice, green, phrase, education"
4658,img/04658.png,0.0,"so, you think by being a a muslim sympathizer, this will somehow keep us from killing you ? you are a special kind of stupid",train,6294,706,7018,['religion'],['inciting_violence'],['religion'],"['inferiority', 'inciting_violence']",0.0,0.0,0.0,0.0,1.0,0.0,0.0,0.0,0.0,0.0,1.0,0.0,0.0,0.0,0.0,0.0,0.0,0.0,1.0,0.0,0.0,0.0,0.0,0.0,1.0,1.0,0.0,0.0,"The image shows three crocodiles lying close together on a natural, earthy surface.","crocodiles, animals, three, ground, nature, reptiles, group, lying"
6951,img/06951.png,0.0,never forget united we stand,train,6303,1873,1405,['pc_empty'],['attack_empty'],['pc_empty'],['attack_empty'],0.0,0.0,1.0,0.0,0.0,0.0,1.0,0.0,0.0,0.0,0.0,0.0,0.0,0.0,0.0,0.0,1.0,0.0,0.0,0.0,1.0,0.0,0.0,0.0,0.0,0.0,0.0,0.0,An aerial view of a cityscape featuring numerous tall modern buildings clustered together.,"aerial view, cityscape, tall buildings, urban, modern architecture, city, skyscrapers"
3256,img/03256.png,0.0,when you ask for advice and they tell you to just be yourself you want me to get naked and start the revolution?,train,6306,1970,1871,['pc_empty'],['attack_empty'],['pc_empty'],['attack_empty'],0.0,0.0,1.0,0.0,0.0,0.0,1.0,0.0,0.0,0.0,0.0,0.0,0.0,0.0,0.0,0.0,1.0,0.0,0.0,0.0,1.0,0.0,0.0,0.0,0.0,0.0,0.0,0.0,A man dressed in a formal suit and tie is holding a red tie in his hand.,"man, suit, formal, red tie, holding, clothing, male, business"
5294,img/05294.png,0.0,a little bird told me it is going to be a beautiful day. i ate it,train,6316,4521,4449,['pc_empty'],['attack_empty'],['pc_empty'],['attack_empty'],0.0,0.0,1.0,0.0,0.0,0.0,1.0,0.0,0.0,0.0,0.0,0.0,0.0,0.0,0.0,0.0,1.0,0.0,0.0,0.0,1.0,0.0,0.0,0.0,0.0,0.0,0.0,0.0,"A gray and white cat is sitting on a wooden floor, looking calm and relaxed.","cat, gray, white, wooden floor, sitting, calm, relaxed, pet, animal"
6489,img/06489.png,1.0,a head diaper is required when you have shit for brains,train,710,235,4063,['religion'],['inferiority'],['religion'],"['inferiority', 'contempt', 'dehumanizing']",0.0,0.0,0.0,0.0,1.0,0.0,0.0,0.0,0.0,0.0,0.0,1.0,0.0,0.0,0.0,0.0,0.0,0.0,1.0,0.0,0.0,1.0,1.0,0.0,0.0,1.0,0.0,0.0,"A woman is sitting at a table, with an American flag hanging in the background.","woman, table, American flag, sitting, background, indoor, flag"
6198,img/06198.png,0.0,"""vieques u.s. territory march 2019"" constant military bomb explosions!! """,train,6331,5921,5861,['pc_empty'],['attack_empty'],['pc_empty'],['attack_empty'],0.0,0.0,1.0,0.0,0.0,0.0,1.0,0.0,0.0,0.0,0.0,0.0,0.0,0.0,0.0,0.0,1.0,0.0,0.0,0.0,1.0,0.0,0.0,0.0,0.0,0.0,0.0,0.0,"Thick black smoke is rising from a chimney or similar structure, creating a dark plume against the sky.","black smoke, chimney, dark plume, rising smoke, sky, structure"
7259,img/07259.png,0.0,come here girl let me smell yo butt,train,6356,4260,4188,['pc_empty'],['attack_empty'],['pc_empty'],['attack_empty'],0.0,0.0,1.0,0.0,0.0,0.0,1.0,0.0,0.0,0.0,0.0,0.0,0.0,0.0,0.0,0.0,1.0,0.0,0.0,0.0,1.0,0.0,0.0,0.0,0.0,0.0,0.0,0.0,"A dog is sitting on the driver's seat inside a truck, looking towards the front.","dog, driver's seat, truck, vehicle interior, animal, sitting, front-facing"
6584,img/06584.png,1.0,when you consume too much trans fat,train,101,33,647,['sex'],['inferiority'],['sex'],['inferiority'],0.0,0.0,0.0,0.0,0.0,1.0,0.0,0.0,0.0,0.0,0.0,1.0,0.0,0.0,0.0,0.0,0.0,0.0,0.0,1.0,0.0,0.0,0.0,0.0,0.0,1.0,0.0,0.0,"A woman wearing a red dress is positioned in an open doorway, with natural light highlighting her presence.","woman, red dress, open doorway, natural light, interior"
2768,img/02768.png,0.0,when you look in your neighbor's yard and see an illegal immigrant mowing their lawn,train,5491,1377,4831,['nationality'],['dehumanizing'],['nationality'],['dehumanizing'],0.0,1.0,0.0,0.0,0.0,0.0,0.0,0.0,1.0,0.0,0.0,0.0,0.0,0.0,0.0,1.0,0.0,0.0,0.0,0.0,0.0,0.0,1.0,0.0,0.0,0.0,0.0,0.0,A man is sitting on a concrete bench outdoors with a snowboard placed next to him.,"man, concrete bench, snowboard, outdoors, sitting"
3285,img/03285.png,0.0,i wanna see the most fucked up meme. lets see what you got,train,864,287,282,['pc_empty'],['attack_empty'],['pc_empty'],['attack_empty'],0.0,0.0,1.0,0.0,0.0,0.0,1.0,0.0,0.0,0.0,0.0,0.0,0.0,0.0,0.0,0.0,1.0,0.0,0.0,0.0,1.0,0.0,0.0,0.0,0.0,0.0,0.0,0.0,"A man with a mohawk hairstyle is positioned in front of a blue wall, displaying a neutral expression.","man, mohawk, blue wall, neutral expression, hairstyle"
6349,img/06349.png,1.0,they still think i'm not a muslim they still think i'm a chick,train,6426,3439,3356,"['religion', 'sex']",['dehumanizing'],"['religion', 'race', 'sex']","['dehumanizing', 'contempt']",0.0,0.0,0.0,0.0,1.0,1.0,0.0,0.0,1.0,0.0,0.0,0.0,0.0,0.0,0.0,0.0,0.0,1.0,1.0,1.0,0.0,1.0,1.0,0.0,0.0,0.0,0.0,0.0,"The image features two prominent individuals standing side by side, one male and one female, both dressed formally, likely in a public or official setting.","male, female, formal attire, public setting, prominent individuals, side by side, official, duo"
5942,img/05942.png,1.0,"""your majesty, what's the secret to a long life?"" ""well kate, don't leave william for a fucking muslism.""",train,6428,6176,6104,['religion'],['contempt'],['religion'],['contempt'],0.0,0.0,0.0,0.0,1.0,0.0,0.0,1.0,0.0,0.0,0.0,0.0,0.0,0.0,0.0,0.0,0.0,0.0,1.0,0.0,0.0,1.0,0.0,0.0,0.0,0.0,0.0,0.0,"An elderly woman and a younger woman and man, all dressed formally, are sitting together on a bench outdoors, smiling warmly.","elderly woman, younger woman, younger man, formal attire, bench, outdoors, smiling, group portrait"
7126,img/07126.png,0.0,"these are kids, these are pigs please dont get us confused",train,6444,5610,956,['pc_empty'],['attack_empty'],['pc_empty'],['attack_empty'],0.0,0.0,1.0,0.0,0.0,0.0,1.0,0.0,0.0,0.0,0.0,0.0,0.0,0.0,0.0,0.0,1.0,0.0,0.0,0.0,1.0,0.0,0.0,0.0,0.0,0.0,0.0,0.0,"Several children are positioned beside multiple pigs, clearly distinguishing the two groups.","children, pigs, group, animals, people, beside, distinction"
1439,img/01439.png,0.0,im long and strong and down to get the goat hump on,train,1411,460,1148,['pc_empty'],['attack_empty'],['pc_empty'],['attack_empty'],0.0,0.0,1.0,0.0,0.0,0.0,1.0,0.0,0.0,0.0,0.0,0.0,0.0,0.0,0.0,0.0,1.0,0.0,0.0,0.0,1.0,0.0,0.0,0.0,0.0,0.0,0.0,0.0,"Two goats are standing on a rocky hillside with scattered stones and sparse vegetation, surrounded by mountainous terrain.","goat, rocky hillside, mountain, stones, vegetation, animal, outdoors"
7852,img/07852.png,0.0,"old people at weddings always poke me and say ""you're next."" so, i started doing the same thing to them at funerals",train,1276,422,4601,['pc_empty'],['attack_empty'],['pc_empty'],['attack_empty'],0.0,0.0,1.0,0.0,0.0,0.0,1.0,0.0,0.0,0.0,0.0,0.0,0.0,0.0,0.0,0.0,1.0,0.0,0.0,0.0,1.0,0.0,0.0,0.0,0.0,0.0,0.0,0.0,A young boy wearing a red shirt is facing the camera with a neutral expression.,"boy, red shirt, young, camera, neutral expression"
5918,img/05918.png,0.0,burning them was a horrific event in the history,train,6461,6944,1418,['pc_empty'],['attack_empty'],['pc_empty'],['attack_empty'],0.0,0.0,1.0,0.0,0.0,0.0,1.0,0.0,0.0,0.0,0.0,0.0,0.0,0.0,0.0,0.0,1.0,0.0,0.0,0.0,1.0,0.0,0.0,0.0,0.0,0.0,0.0,0.0,"A group of men are gathered in an old black and white photograph, standing together in a somber setting that suggests an event of historical significance.","group of men, black and white, photograph, historical, somber, gathered, men"
1245,img/01245.png,1.0,and that was the last nativity play my son was invited to take part in,train,1683,552,6667,['pc_empty'],['attack_empty'],['pc_empty'],['attack_empty'],0.0,0.0,1.0,0.0,0.0,0.0,1.0,0.0,0.0,0.0,0.0,0.0,0.0,0.0,0.0,0.0,1.0,0.0,0.0,0.0,1.0,0.0,0.0,0.0,0.0,0.0,0.0,0.0,"A young boy dressed in a camouflage jacket and matching hat is looking at the camera, smiling.","boy, camouflage jacket, hat, smile, camera, young, clothing"
1476,img/01476.png,0.0,im confident in my own skin,train,6471,2562,1219,['pc_empty'],['attack_empty'],['pc_empty'],['attack_empty'],0.0,0.0,1.0,0.0,0.0,0.0,1.0,0.0,0.0,0.0,0.0,0.0,0.0,0.0,0.0,0.0,1.0,0.0,0.0,0.0,1.0,0.0,0.0,0.0,0.0,0.0,0.0,0.0,A young girl wearing a red sweater is holding a pair of skis.,"girl, red sweater, skis, young, holding, child, sports"
5736,img/05736.png,1.0,"dad, what is humanity? i don't know son, we are zionist",train,6474,4170,4093,['religion'],['dehumanizing'],"['nationality', 'religion']","['inferiority', 'dehumanizing']",0.0,0.0,0.0,0.0,1.0,0.0,0.0,0.0,1.0,0.0,0.0,0.0,0.0,0.0,0.0,1.0,0.0,0.0,1.0,0.0,0.0,0.0,1.0,0.0,0.0,1.0,0.0,0.0,"A young girl stands in front of a large menorah, which is a traditional Jewish candelabrum, and she appears to be looking at it.","girl, menorah, Jewish, candelabrum, young, front, tradition, religion"
2389,img/02389.png,0.0,democrat jan schakowsky defends ilhan omar: 'she comes from a different culture' where they want to kill all the jews,train,6481,5911,5855,['religion'],"['inciting_violence', 'dehumanizing']","['nationality', 'race', 'religion']","['dehumanizing', 'inciting_violence']",0.0,0.0,0.0,0.0,1.0,0.0,0.0,0.0,1.0,0.0,1.0,0.0,0.0,0.0,0.0,1.0,0.0,1.0,1.0,0.0,0.0,0.0,1.0,0.0,1.0,0.0,0.0,0.0,"Two women are present at a podium, engaged in conversation with each other, while other people are nearby.","women, podium, conversation, people, event, audience"
4316,img/04316.png,0.0,"algebra and geometry are fine, but graphing is where you draw a line",train,6484,4924,4869,['pc_empty'],['attack_empty'],['pc_empty'],['attack_empty'],0.0,0.0,1.0,0.0,0.0,0.0,1.0,0.0,0.0,0.0,0.0,0.0,0.0,0.0,0.0,0.0,1.0,0.0,0.0,0.0,1.0,0.0,0.0,0.0,0.0,0.0,0.0,0.0,"A white cat is sitting on an open book, with some mathematical graphs visible on the pages.","white cat, open book, graphs, mathematics, sitting, pages, geometry, algebra"
4579,img/04579.png,1.0,maybe the catholic church protects pedophile preists because the last time christianity shunned a pedophile he started islam?,train,6501,2060,1422,['religion'],['dehumanizing'],['religion'],"['inferiority', 'dehumanizing']",0.0,0.0,0.0,0.0,1.0,0.0,0.0,0.0,1.0,0.0,0.0,0.0,0.0,0.0,0.0,0.0,0.0,0.0,1.0,0.0,0.0,0.0,1.0,0.0,0.0,1.0,0.0,0.0,A man with glasses and a beard is facing the camera with a neutral expression.,"man, glasses, beard, camera, neutral expression"
2984,img/02984.png,0.0,stop racism black children and white children are the same,train,5376,1359,3240,['pc_empty'],['attack_empty'],['pc_empty'],['attack_empty'],0.0,0.0,1.0,0.0,0.0,0.0,1.0,0.0,0.0,0.0,0.0,0.0,0.0,0.0,0.0,0.0,1.0,0.0,0.0,0.0,1.0,0.0,0.0,0.0,0.0,0.0,0.0,0.0,"Two children, one black and one white, are together in a classroom setting and looking at each other.","children, classroom, black child, white child, together, looking, diversity"
6859,img/06859.png,1.0,the entire world: the great war killed millions germany: you gotta pump those numbers up!,train,6508,6396,291,['race'],['mocking'],"['nationality', 'race', 'religion']","['mocking', 'inciting_violence']",0.0,0.0,0.0,1.0,0.0,0.0,0.0,0.0,0.0,0.0,0.0,0.0,1.0,0.0,0.0,1.0,0.0,1.0,1.0,0.0,0.0,0.0,0.0,0.0,1.0,0.0,1.0,0.0,"A man wearing a blue shirt is holding a microphone, appearing to speak or present in front of an audience.","man, blue shirt, microphone, speaking, presenting"
3847,img/03847.png,0.0,meanwhile at the isis strip club,train,117,39,41,['pc_empty'],['attack_empty'],['pc_empty'],['attack_empty'],0.0,0.0,1.0,0.0,0.0,0.0,1.0,0.0,0.0,0.0,0.0,0.0,0.0,0.0,0.0,0.0,1.0,0.0,0.0,0.0,1.0,0.0,0.0,0.0,0.0,0.0,0.0,0.0,The image shows two pictures featuring a man wearing a white turban and a group of sheep gathered together.,"man, white turban, sheep, group, pictures, herd, traditional clothing"
4782,img/04782.png,0.0,adorable african kid appreciating life,train,6516,5599,1025,['pc_empty'],['attack_empty'],['pc_empty'],['attack_empty'],0.0,0.0,1.0,0.0,0.0,0.0,1.0,0.0,0.0,0.0,0.0,0.0,0.0,0.0,0.0,0.0,1.0,0.0,0.0,0.0,1.0,0.0,0.0,0.0,0.0,0.0,0.0,0.0,"A young African boy wearing a necklace is shown, looking cheerful and lively.","African boy, necklace, child, young, cheerful, lively"
7562,img/07562.png,0.0,rest in peace,train,6524,4974,1354,['pc_empty'],['attack_empty'],['pc_empty'],['attack_empty'],0.0,0.0,1.0,0.0,0.0,0.0,1.0,0.0,0.0,0.0,0.0,0.0,0.0,0.0,0.0,0.0,1.0,0.0,0.0,0.0,1.0,0.0,0.0,0.0,0.0,0.0,0.0,0.0,A brown and white cow is in the foreground and looking directly at the camera.,"cow, brown, white, animal, foreground, looking, camera"
5914,img/05914.png,0.0,meanwhile at the isis strip club,train,117,39,41,['pc_empty'],['attack_empty'],['pc_empty'],['attack_empty'],0.0,0.0,1.0,0.0,0.0,0.0,1.0,0.0,0.0,0.0,0.0,0.0,0.0,0.0,0.0,0.0,1.0,0.0,0.0,0.0,1.0,0.0,0.0,0.0,0.0,0.0,0.0,0.0,The image shows three separate photos featuring a man wearing a white hat alongside several sheep.,"man, white hat, sheep, three photos, images, animals, portrait, outdoor, people"
4256,img/04256.png,0.0,me and styrofoam... yup...both white trash,train,4564,1236,3636,['pc_empty'],['attack_empty'],['pc_empty'],['attack_empty'],0.0,0.0,1.0,0.0,0.0,0.0,1.0,0.0,0.0,0.0,0.0,0.0,0.0,0.0,0.0,0.0,1.0,0.0,0.0,0.0,1.0,0.0,0.0,0.0,0.0,0.0,0.0,0.0,The image shows a wrecked car on the street with visible damage.,"car, wrecked, street, damage, vehicle"
4759,img/04759.png,0.0,im ready to have some fun,train,6565,5474,352,['pc_empty'],['attack_empty'],['pc_empty'],['attack_empty'],0.0,0.0,1.0,0.0,0.0,0.0,1.0,0.0,0.0,0.0,0.0,0.0,0.0,0.0,0.0,0.0,1.0,0.0,0.0,0.0,1.0,0.0,0.0,0.0,0.0,0.0,0.0,0.0,A woman wearing a green jacket is outdoors in an urban environment.,"woman, green jacket, urban, outdoors, city"
4758,img/04758.png,0.0,"my fragile heart at my sex drive - stay back, slut",train,6578,6127,6057,['pc_empty'],['attack_empty'],['pc_empty'],['attack_empty'],0.0,0.0,1.0,0.0,0.0,0.0,1.0,0.0,0.0,0.0,0.0,0.0,0.0,0.0,0.0,0.0,1.0,0.0,0.0,0.0,1.0,0.0,0.0,0.0,0.0,0.0,0.0,0.0,A woman wearing a dress and a necklace is present in the image.,"woman, dress, necklace, female, fashion, accessory"
2169,img/02169.png,1.0,"to see better, asians sometimes switch to fullscreen view",train,622,209,1237,['race'],['inferiority'],['race'],['inferiority'],0.0,0.0,0.0,1.0,0.0,0.0,0.0,0.0,0.0,0.0,0.0,1.0,0.0,0.0,0.0,0.0,0.0,1.0,0.0,0.0,0.0,0.0,0.0,0.0,0.0,1.0,0.0,0.0,"An Asian woman is covering her forehead above her eyes with one hand, possibly to block light or see more clearly.","Asian woman, forehead, hand, eyes, see clearly, blocking light"
3865,img/03865.png,0.0,after 3 million years of evolution we still love to relax,train,6587,3907,621,['pc_empty'],['attack_empty'],['pc_empty'],['attack_empty'],0.0,0.0,1.0,0.0,0.0,0.0,1.0,0.0,0.0,0.0,0.0,0.0,0.0,0.0,0.0,0.0,1.0,0.0,0.0,0.0,1.0,0.0,0.0,0.0,0.0,0.0,0.0,0.0,"A man is sitting in an inflatable pool outdoors, with a gorilla visible in the background, suggesting a contrast between human leisure and nature.","man, inflatable pool, gorilla, outdoors, background, relaxation, evolution, contrast"
3678,img/03678.png,0.0,lock her up and throw away the key,train,6588,5471,5425,['pc_empty'],['attack_empty'],['pc_empty'],['attack_empty'],0.0,0.0,1.0,0.0,0.0,0.0,1.0,0.0,0.0,0.0,0.0,0.0,0.0,0.0,0.0,0.0,1.0,0.0,0.0,0.0,1.0,0.0,0.0,0.0,0.0,0.0,0.0,0.0,A woman wearing a graduation gown is positioned in front of a microphone.,"woman, graduation gown, microphone, academic attire, ceremony, graduation"
7486,img/07486.png,1.0,what's the difference between a walrus and a lesbian? one smells like fish and has a moustache and the other is a walrus!,train,119,41,1319,['sex'],['dehumanizing'],['sex'],"['inferiority', 'dehumanizing']",0.0,0.0,0.0,0.0,0.0,1.0,0.0,0.0,1.0,0.0,0.0,0.0,0.0,0.0,0.0,0.0,0.0,0.0,0.0,1.0,0.0,0.0,1.0,0.0,0.0,1.0,0.0,0.0,"A bride and groom are sharing a kiss in front of a mirror, dressed in traditional wedding attire, with the reflection clearly visible behind them.","bride, groom, kiss, mirror, wedding attire, reflection"
1894,img/01894.png,0.0,we haven't t seen any new jesus appearances on pancakes in a while i hope he's okay,train,6611,7494,7347,['pc_empty'],['attack_empty'],['pc_empty'],['attack_empty'],0.0,0.0,1.0,0.0,0.0,0.0,1.0,0.0,0.0,0.0,0.0,0.0,0.0,0.0,0.0,0.0,1.0,0.0,0.0,0.0,1.0,0.0,0.0,0.0,0.0,0.0,0.0,0.0,A woman is gazing out of a window with her hand resting thoughtfully on her face.,"woman, window, gazing, thoughtful, hand on face"
6248,img/06248.png,0.0,your black neighbor after you called the cops,train,6168,1458,4689,['pc_empty'],['attack_empty'],['pc_empty'],['attack_empty'],0.0,0.0,1.0,0.0,0.0,0.0,1.0,0.0,0.0,0.0,0.0,0.0,0.0,0.0,0.0,0.0,1.0,0.0,0.0,0.0,1.0,0.0,0.0,0.0,0.0,0.0,0.0,0.0,A Black man wearing a blue suit is smiling.,"Black man, blue suit, smiling, male, formal attire"
5972,img/05972.png,0.0,when you have to take another picture for mom,train,6652,2192,961,['pc_empty'],['attack_empty'],['pc_empty'],['attack_empty'],0.0,0.0,1.0,0.0,0.0,0.0,1.0,0.0,0.0,0.0,0.0,0.0,0.0,0.0,0.0,0.0,1.0,0.0,0.0,0.0,1.0,0.0,0.0,0.0,0.0,0.0,0.0,0.0,"A man is sitting on outdoor steps, holding a guitar and appearing to be posing for a photograph.","man, sitting, outdoor steps, guitar, posing, photograph"
3281,img/03281.png,0.0,the weekend be like,train,6661,3180,720,['pc_empty'],['attack_empty'],['pc_empty'],['attack_empty'],0.0,0.0,1.0,0.0,0.0,0.0,1.0,0.0,0.0,0.0,0.0,0.0,0.0,0.0,0.0,0.0,1.0,0.0,0.0,0.0,1.0,0.0,0.0,0.0,0.0,0.0,0.0,0.0,"A mountain goat is sitting on a large rock in a natural outdoor setting, surrounded by rugged terrain.","mountain goat, rock, outdoors, rugged terrain, nature"
1564,img/01564.png,0.0,puts on sunblock doesn't protect from harmful rays,train,798,270,261,['pc_empty'],['attack_empty'],['pc_empty'],['attack_empty'],0.0,0.0,1.0,0.0,0.0,0.0,1.0,0.0,0.0,0.0,0.0,0.0,0.0,0.0,0.0,0.0,1.0,0.0,0.0,0.0,1.0,0.0,0.0,0.0,0.0,0.0,0.0,0.0,"A man with blonde hair is looking at the camera and smiling, with a focus on his facial expression and hair color.","man, blonde hair, smiling, camera, facial expression"
5936,img/05936.png,0.0,i wish i was there and had my gun to help them,train,6693,4351,1064,['pc_empty'],['attack_empty'],['pc_empty'],['attack_empty'],0.0,0.0,1.0,0.0,0.0,0.0,1.0,0.0,0.0,0.0,0.0,0.0,0.0,0.0,0.0,0.0,1.0,0.0,0.0,0.0,1.0,0.0,0.0,0.0,0.0,0.0,0.0,0.0,"This is a vintage black and white photograph featuring a group of people gathered together, possibly in a serious or tense setting.","black and white photo, group, people, vintage, gathered, photograph, historical, serious setting"
6157,img/06157.png,0.0,dark humor is like food not everybody gets it,train,6698,1178,3237,['pc_empty'],['attack_empty'],['pc_empty'],['attack_empty'],0.0,0.0,1.0,0.0,0.0,0.0,1.0,0.0,0.0,0.0,0.0,0.0,0.0,0.0,0.0,0.0,1.0,0.0,0.0,0.0,1.0,0.0,0.0,0.0,0.0,0.0,0.0,0.0,"A black and white photo shows a man dressed in a uniform, presented with clear contrast and sharp details.","black and white, man, uniform, photo, contrast, details"
5241,img/05241.png,1.0,"last year tyrone got a new job, started building his credit, and spending more time with his kids then something amazing started to happen!",train,1644,215,515,['race'],['inferiority'],"['disability', 'race']",['inferiority'],0.0,0.0,0.0,1.0,0.0,0.0,0.0,0.0,0.0,0.0,0.0,1.0,0.0,0.0,1.0,0.0,0.0,1.0,0.0,0.0,0.0,0.0,0.0,0.0,0.0,1.0,0.0,0.0,"A man with a face smeared with mud is talking on a cell phone, appearing outdoors.","man, mud, face, cell phone, outdoors"
2687,img/02687.png,0.0,i hang a sock on my doorknob so my roommate knows not to come in because i'm busy fucking the other sock,train,6766,5135,5061,['pc_empty'],['attack_empty'],['pc_empty'],['attack_empty'],0.0,0.0,1.0,0.0,0.0,0.0,1.0,0.0,0.0,0.0,0.0,0.0,0.0,0.0,0.0,0.0,1.0,0.0,0.0,0.0,1.0,0.0,0.0,0.0,0.0,0.0,0.0,0.0,A single sock is hanging from a doorknob attached to a wooden door.,"sock, doorknob, door, wooden, hanging"
2365,img/02365.png,0.0,"quick, which one is a bb gun? oops, too late . . . you're dead",train,6793,5771,1140,['pc_empty'],['attack_empty'],['pc_empty'],['attack_empty'],0.0,0.0,1.0,0.0,0.0,0.0,1.0,0.0,0.0,0.0,0.0,0.0,0.0,0.0,0.0,0.0,1.0,0.0,0.0,0.0,1.0,0.0,0.0,0.0,0.0,0.0,0.0,0.0,"A man wearing sunglasses is holding two pistols, with both guns clearly visible in his hands.","man, sunglasses, two pistols, guns, holding"
3642,img/03642.png,0.0,when you catch your goat with another man,train,494,170,6743,['pc_empty'],['attack_empty'],['pc_empty'],['attack_empty'],0.0,0.0,1.0,0.0,0.0,0.0,1.0,0.0,0.0,0.0,0.0,0.0,0.0,0.0,0.0,0.0,1.0,0.0,0.0,0.0,1.0,0.0,0.0,0.0,0.0,0.0,0.0,0.0,A man is positioned beside a white goat on a bridge outdoors.,"man, goat, white, bridge, outdoors"
3421,img/03421.png,1.0,"when you shoot up the school and somebody else gets blamed for it we stand here amid my achievement, not yours!",train,6818,5835,5774,['race'],['inciting_violence'],"['race', 'sex']","['dehumanizing', 'inciting_violence', 'contempt']",0.0,0.0,0.0,1.0,0.0,0.0,0.0,0.0,0.0,0.0,1.0,0.0,0.0,0.0,0.0,0.0,0.0,1.0,0.0,1.0,0.0,1.0,1.0,0.0,1.0,0.0,0.0,0.0,"A man dressed in a formal uniform is holding a sword, positioned in front of several flags.","man, uniform, sword, flags, formal, holding, front, BLIP"
1547,img/01547.png,0.0,how mexicans be like... when they hear their friends kid is having a birthday party,train,6825,1090,4030,['pc_empty'],['attack_empty'],['pc_empty'],['attack_empty'],0.0,0.0,1.0,0.0,0.0,0.0,1.0,0.0,0.0,0.0,0.0,0.0,0.0,0.0,0.0,0.0,1.0,0.0,0.0,0.0,1.0,0.0,0.0,0.0,0.0,0.0,0.0,0.0,"A group of people are gathered around a table that has food on it, engaging with each other in a social setting.","group, people, table, food, gathering, social, party"
7836,img/07836.png,1.0,hi hacker bro we are muslim brotherhood,train,6829,6792,932,['pc_empty'],['attack_empty'],['pc_empty'],['attack_empty'],0.0,0.0,1.0,0.0,0.0,0.0,1.0,0.0,0.0,0.0,0.0,0.0,0.0,0.0,0.0,0.0,1.0,0.0,0.0,0.0,1.0,0.0,0.0,0.0,0.0,0.0,0.0,0.0,A large group of people are closely gathered together in a crowded setting.,"crowd, group, people, gathered, many, community, public, together"
2481,img/02481.png,1.0,greetings tranny time to die,train,3519,1030,113,['sex'],"['inciting_violence', 'slurs']",['sex'],"['slurs', 'inciting_violence']",0.0,0.0,0.0,0.0,0.0,1.0,0.0,0.0,0.0,0.0,1.0,0.0,0.0,1.0,0.0,0.0,0.0,0.0,0.0,1.0,0.0,0.0,0.0,0.0,1.0,0.0,0.0,1.0,A dog is depicted with a firearm inside its mouth.,"dog, firearm, mouth, animal, violence, danger, weapon"
1794,img/01794.png,1.0,i beat children,train,6832,6936,6822,['pc_empty'],['attack_empty'],['pc_empty'],['attack_empty'],0.0,0.0,1.0,0.0,0.0,0.0,1.0,0.0,0.0,0.0,0.0,0.0,0.0,0.0,0.0,0.0,1.0,0.0,0.0,0.0,1.0,0.0,0.0,0.0,0.0,0.0,0.0,0.0,A man with a beard wearing a black shirt is present in the image.,"man, beard, black shirt, male, portrait"
4891,img/04891.png,0.0,cannibalism,train,4053,1138,7026,['pc_empty'],['attack_empty'],['pc_empty'],['attack_empty'],0.0,0.0,1.0,0.0,0.0,0.0,1.0,0.0,0.0,0.0,0.0,0.0,0.0,0.0,0.0,0.0,1.0,0.0,0.0,0.0,1.0,0.0,0.0,0.0,0.0,0.0,0.0,0.0,A bird is pecking at what appears to be the remains of another bird on a concrete sidewalk.,"bird, sidewalk, remains, pecking, cannibalism, concrete, urban, animal behavior"
6781,img/06781.png,1.0,how cops subdue whites blacks see the night and day responses,train,6834,7380,7249,['race'],['inciting_violence'],['race'],['inciting_violence'],0.0,0.0,0.0,1.0,0.0,0.0,0.0,0.0,0.0,0.0,1.0,0.0,0.0,0.0,0.0,0.0,0.0,1.0,0.0,0.0,0.0,0.0,0.0,0.0,1.0,0.0,0.0,0.0,"The image shows a close-up of a hand holding a bullet, with an additional picture of the same bullet included in the composition.","hand, bullet, close-up, picture, object, metal, ammunition, fingers"
6435,img/06435.png,1.0,"slave salesman:*slams hand on head* this baby can pick so much fucking cotton, only comes in one color tho",train,6839,3018,2922,['race'],"['dehumanizing', 'mocking']",['race'],"['mocking', 'dehumanizing']",0.0,0.0,0.0,1.0,0.0,0.0,0.0,0.0,1.0,0.0,0.0,0.0,1.0,0.0,0.0,0.0,0.0,1.0,0.0,0.0,0.0,0.0,1.0,0.0,0.0,0.0,1.0,0.0,"The image depicts several people gathered around a large barrel, appearing to evaluate or discuss something related to the barrel.","people, group, barrel, gathering, discussion, evaluation, illustration"
6295,img/06295.png,0.0,are u a wizard?,train,2224,703,4018,['pc_empty'],['attack_empty'],['pc_empty'],['attack_empty'],0.0,0.0,1.0,0.0,0.0,0.0,1.0,0.0,0.0,0.0,0.0,0.0,0.0,0.0,0.0,0.0,1.0,0.0,0.0,0.0,1.0,0.0,0.0,0.0,0.0,0.0,0.0,0.0,"A young boy with glasses and a necktie is present in the image, looking forward.","boy, glasses, necktie, young, portrait"
1972,img/01972.png,0.0,you don't have a cat? this is your lucky day! i'm moving in!,train,6844,6707,6603,['pc_empty'],['attack_empty'],['pc_empty'],['attack_empty'],0.0,0.0,1.0,0.0,0.0,0.0,1.0,0.0,0.0,0.0,0.0,0.0,0.0,0.0,0.0,0.0,1.0,0.0,0.0,0.0,1.0,0.0,0.0,0.0,0.0,0.0,0.0,0.0,"An orange cat is sitting on the ground, looking towards the viewer.","orange cat, cat, sitting, ground, pet, looking, viewer"
4138,img/04138.png,1.0,what do a bicycle and a nigger have in common? neither works without chains,train,6847,4037,3953,['race'],"['mocking', 'dehumanizing']",['race'],"['mocking', 'dehumanizing', 'slurs']",0.0,0.0,0.0,1.0,0.0,0.0,0.0,0.0,1.0,0.0,0.0,0.0,1.0,0.0,0.0,0.0,0.0,1.0,0.0,0.0,0.0,0.0,1.0,0.0,0.0,0.0,1.0,1.0,"A dog is wearing red glasses on its face, with the glasses prominently displayed.","dog, red glasses, accessory, face, animal"
4682,img/04682.png,0.0,why can't we spend money on education instead of drugs,train,6850,787,5976,['pc_empty'],['attack_empty'],['pc_empty'],['attack_empty'],0.0,0.0,1.0,0.0,0.0,0.0,1.0,0.0,0.0,0.0,0.0,0.0,0.0,0.0,0.0,0.0,1.0,0.0,0.0,0.0,1.0,0.0,0.0,0.0,0.0,0.0,0.0,0.0,"Several children are seated on the floor together in a classroom setting, appearing engaged and attentive.","children, classroom, group, seated, floor, education, students, indoors"
2367,img/02367.png,0.0,dodge owners be like don't take a picture,train,6851,1794,1703,['pc_empty'],['attack_empty'],['pc_empty'],['attack_empty'],0.0,0.0,1.0,0.0,0.0,0.0,1.0,0.0,0.0,0.0,0.0,0.0,0.0,0.0,0.0,0.0,1.0,0.0,0.0,0.0,1.0,0.0,0.0,0.0,0.0,0.0,0.0,0.0,"A person is positioned near a red Dodge truck, visible from the front.","person, red truck, Dodge, vehicle front, automobile"
4163,img/04163.png,1.0,i will kill this white man ooo wwe fans,train,6859,3914,3828,['race'],['inciting_violence'],"['race', 'sex']",['inciting_violence'],0.0,0.0,0.0,1.0,0.0,0.0,0.0,0.0,0.0,0.0,1.0,0.0,0.0,0.0,0.0,0.0,0.0,1.0,0.0,1.0,0.0,0.0,0.0,0.0,1.0,0.0,0.0,0.0,Two men are present together in the scene.,"two men, men, together, scene, pair"
2351,img/02351.png,1.0,when karen helps u camouflage the crackhouse,train,3411,1004,689,['disability'],['inferiority'],['disability'],"['inferiority', 'dehumanizing']",1.0,0.0,0.0,0.0,0.0,0.0,0.0,0.0,0.0,0.0,0.0,1.0,0.0,0.0,1.0,0.0,0.0,0.0,0.0,0.0,0.0,0.0,1.0,0.0,0.0,1.0,0.0,0.0,"A yellow sign is attached to a pole, standing against a clear blue sky background.","yellow sign, pole, blue sky, outdoor, signage"
1436,img/01436.png,1.0,when the school shooter accidently shoots the autistic kid but doesn't know that the tard strength makes him impervious to bullets,train,6869,3590,3492,['disability'],"['inciting_violence', 'inferiority']",['disability'],"['inferiority', 'inciting_violence', 'slurs']",1.0,0.0,0.0,0.0,0.0,0.0,0.0,0.0,0.0,0.0,1.0,1.0,0.0,0.0,1.0,0.0,0.0,0.0,0.0,0.0,0.0,0.0,0.0,0.0,1.0,1.0,0.0,1.0,A frog and a bird are sitting together on top of a flower.,"frog, bird, flower, perched, animals, nature"
7849,img/07849.png,1.0,sorry white guys but i only date black guys,train,4588,1241,4305,['race'],['dehumanizing'],['race'],"['dehumanizing', 'exclusion']",0.0,0.0,0.0,1.0,0.0,0.0,0.0,0.0,1.0,0.0,0.0,0.0,0.0,0.0,0.0,0.0,0.0,1.0,0.0,0.0,0.0,0.0,1.0,1.0,0.0,0.0,0.0,0.0,A young woman with visible bruises on her face looks directly at the camera with a serious expression.,"woman, bruises, face, serious expression, young, camera, injury"
1954,img/01954.png,0.0,the best part about a prostitute dying on you is you get the second hour free,train,6886,4866,4817,['pc_empty'],['attack_empty'],['pc_empty'],['attack_empty'],0.0,0.0,1.0,0.0,0.0,0.0,1.0,0.0,0.0,0.0,0.0,0.0,0.0,0.0,0.0,0.0,1.0,0.0,0.0,0.0,1.0,0.0,0.0,0.0,0.0,0.0,0.0,0.0,A woman wearing a red dress is positioned near a wall.,"woman, red dress, wall, female, clothing"
3148,img/03148.png,0.0,fact: ethiopian food is so rare that locals dont even eat it ethiopian food,train,6896,4136,4054,['nationality'],['inferiority'],"['nationality', 'race']",['inferiority'],0.0,1.0,0.0,0.0,0.0,0.0,0.0,0.0,0.0,0.0,0.0,1.0,0.0,0.0,0.0,1.0,0.0,1.0,0.0,0.0,0.0,0.0,0.0,0.0,0.0,1.0,0.0,0.0,"A young girl is visible in a dimly lit environment, with her mouth open, suggesting surprise or speech.","girl, dim light, mouth open, young, dark environment"
1548,img/01548.png,0.0,"what are they fighting over? is it: a) the last pan ducle b) he accidentally touch the homies hand passing a beer? c) foo used the last of the three flowers. d) homie said ""i got you on gas"" but he only has $3!",train,3167,941,3017,['pc_empty'],['attack_empty'],['pc_empty'],['attack_empty'],0.0,0.0,1.0,0.0,0.0,0.0,1.0,0.0,0.0,0.0,0.0,0.0,0.0,0.0,0.0,0.0,1.0,0.0,0.0,0.0,1.0,0.0,0.0,0.0,0.0,0.0,0.0,0.0,"A woman sits across from a man, resting her hand on her face, while both individuals appear to be engaged in a serious or contemplative conversation at a table.","woman, man, conversation, table, serious, face, sitting, discussion"
3276,img/03276.png,0.0,unless life also gives you water and sugar your lemonade is gonna suck,train,6904,3121,3023,['pc_empty'],['attack_empty'],['pc_empty'],['attack_empty'],0.0,0.0,1.0,0.0,0.0,0.0,1.0,0.0,0.0,0.0,0.0,0.0,0.0,0.0,0.0,0.0,1.0,0.0,0.0,0.0,1.0,0.0,0.0,0.0,0.0,0.0,0.0,0.0,"A cat is lying on a purple pillow, appearing relaxed and comfortable.","cat, purple pillow, relaxed, lying, comfortable"
1953,img/01953.png,1.0,muslim +hunt = less muslims,train,6908,6596,6491,['religion'],['inciting_violence'],['religion'],"['dehumanizing', 'inciting_violence', 'exclusion']",0.0,0.0,0.0,0.0,1.0,0.0,0.0,0.0,0.0,0.0,1.0,0.0,0.0,0.0,0.0,0.0,0.0,0.0,1.0,0.0,0.0,0.0,1.0,1.0,1.0,0.0,0.0,0.0,The image shows a dinosaur standing on a red carpet.,"dinosaur, red carpet, standing, animal, event"
1763,img/01763.png,0.0,want a spin ?,train,6917,1797,744,['pc_empty'],['attack_empty'],['pc_empty'],['attack_empty'],0.0,0.0,1.0,0.0,0.0,0.0,1.0,0.0,0.0,0.0,0.0,0.0,0.0,0.0,0.0,0.0,1.0,0.0,0.0,0.0,1.0,0.0,0.0,0.0,0.0,0.0,0.0,0.0,"A person is using a mop to clean a wooden floor, likely preparing to spin the mop as suggested.","person, mop, cleaning, wooden floor, spin, housework"
1247,img/01247.png,1.0,you can't be racist if there is no other race,train,6919,2209,4,['race'],['mocking'],"['religion', 'race']",['mocking'],0.0,0.0,0.0,1.0,0.0,0.0,0.0,0.0,0.0,0.0,0.0,0.0,1.0,0.0,0.0,0.0,0.0,1.0,1.0,0.0,0.0,0.0,0.0,0.0,0.0,0.0,1.0,0.0,"A black and white photo featuring a man wearing a uniform, possibly related to law enforcement or the military, with no visible insignia or specific racial identifiers.","black and white, man, uniform, monochrome, male, portrait, person"
5743,img/05743.png,0.0,how your booty feels after the taco bell drops,train,6920,3880,3787,['pc_empty'],['attack_empty'],['pc_empty'],['attack_empty'],0.0,0.0,1.0,0.0,0.0,0.0,1.0,0.0,0.0,0.0,0.0,0.0,0.0,0.0,0.0,0.0,1.0,0.0,0.0,0.0,1.0,0.0,0.0,0.0,0.0,0.0,0.0,0.0,"The image shows a dramatic explosion in the sky, with dense clouds of smoke billowing outward from the blast.","explosion, sky, smoke, blast, clouds"
4819,img/04819.png,1.0,"jew: *walks out of the shower* hey man, can i get a towel? auschwitz guard:",train,6929,4478,4410,['religion'],['mocking'],['religion'],['mocking'],0.0,0.0,0.0,0.0,1.0,0.0,0.0,0.0,0.0,0.0,0.0,0.0,1.0,0.0,0.0,0.0,0.0,0.0,1.0,0.0,0.0,0.0,0.0,0.0,0.0,0.0,1.0,0.0,"A man wearing a white t-shirt is standing in front of a mirror, with a bathroom setting visible around him.","man, white t-shirt, mirror, bathroom, standing, indoor, reflection"
5261,img/05261.png,1.0,i'm deporting all mexicans!!! except the ones in baldwin park you fuckers are crazy!!!,train,6937,7371,7235,['pc_empty'],['attack_empty'],['pc_empty'],['attack_empty'],0.0,0.0,1.0,0.0,0.0,0.0,1.0,0.0,0.0,0.0,0.0,0.0,0.0,0.0,0.0,0.0,1.0,0.0,0.0,0.0,1.0,0.0,0.0,0.0,0.0,0.0,0.0,0.0,A man wearing a suit and tie holds a microphone while appearing to speak.,"man, suit, tie, microphone, speaking"
6589,img/06589.png,1.0,on ala akbar i will fuck ur goats,train,6941,7321,7190,['religion'],['dehumanizing'],"['religion', 'race']",['dehumanizing'],0.0,0.0,0.0,0.0,1.0,0.0,0.0,0.0,1.0,0.0,0.0,0.0,0.0,0.0,0.0,0.0,0.0,1.0,1.0,0.0,0.0,0.0,1.0,0.0,0.0,0.0,0.0,0.0,A man is wearing a white turban on his head.,"man, white turban, headwear, male, turban, person"
3185,img/03185.png,1.0,best thing about an ethiopian blowjob ? you know she's going to swallow,train,6946,4443,872,['nationality'],['contempt'],"['nationality', 'sex']","['inferiority', 'contempt']",0.0,1.0,0.0,0.0,0.0,0.0,0.0,1.0,0.0,0.0,0.0,0.0,0.0,0.0,0.0,1.0,0.0,0.0,0.0,1.0,0.0,1.0,0.0,0.0,0.0,1.0,0.0,0.0,"A woman is sitting on the ground near the entrance of a simple hut made from natural materials, in what appears to be a rural or village setting.","woman, hut, sitting, ground, rural, village, natural materials, entrance, outdoors"
2815,img/02815.png,1.0,how do i like my eggs? same as i like my niggers beaten and separated from the whites,train,4115,1152,3357,['race'],"['inciting_violence', 'exclusion', 'slurs']",['race'],"['slurs', 'inciting_violence', 'exclusion']",0.0,0.0,0.0,1.0,0.0,0.0,0.0,0.0,0.0,1.0,1.0,0.0,0.0,1.0,0.0,0.0,0.0,1.0,0.0,0.0,0.0,0.0,0.0,1.0,1.0,0.0,0.0,1.0,"A white plate holds a cooked egg that has been broken in half, with the egg white and yolk visibly separated.","egg, plate, yolk, white, broken, separated, food, cooked"
4397,img/04397.png,1.0,what do you call a a retarded jew? auschwistic,train,6997,28,2457,"['religion', 'disability']","['mocking', 'inferiority']","['disability', 'religion']","['mocking', 'inferiority']",1.0,0.0,0.0,0.0,1.0,0.0,0.0,0.0,0.0,0.0,0.0,1.0,1.0,0.0,1.0,0.0,0.0,0.0,1.0,0.0,0.0,0.0,0.0,0.0,0.0,1.0,1.0,0.0,"Two boys are sitting together at a table, each resting their cheeks on their hands, looking forward with neutral expressions.","two boys, table, sitting, hands on cheeks, neutral expressions"
4529,img/04529.png,1.0,"please, ' 'share' this piggy he upsets muslims",train,7009,7148,517,['religion'],['contempt'],['religion'],"['inferiority', 'contempt']",0.0,0.0,0.0,0.0,1.0,0.0,0.0,1.0,0.0,0.0,0.0,0.0,0.0,0.0,0.0,0.0,0.0,0.0,1.0,0.0,0.0,1.0,0.0,0.0,0.0,1.0,0.0,0.0,A small pig is shown alone against a plain white background.,"pig, animal, white background, small, isolated"
1649,img/01649.png,1.0,american cops when they graduate police academy let the black man come forth! let murder be done upon him!,train,7011,5374,834,"['race', 'nationality']","['inciting_violence', 'dehumanizing']","['nationality', 'race', 'sex']","['dehumanizing', 'inciting_violence']",0.0,1.0,0.0,1.0,0.0,0.0,0.0,0.0,1.0,0.0,1.0,0.0,0.0,0.0,0.0,1.0,0.0,1.0,0.0,1.0,0.0,0.0,1.0,0.0,1.0,0.0,0.0,0.0,"A man dressed in a formal suit and tie, likely posing for a photograph with a serious expression.","man, suit, tie, formal, photograph, serious expression"
2863,img/02863.png,1.0,white men are the biggest terror threat except for my white boyfriend,train,7018,1830,1742,"['race', 'sex']",['dehumanizing'],"['race', 'sex']",['dehumanizing'],0.0,0.0,0.0,1.0,0.0,1.0,0.0,0.0,1.0,0.0,0.0,0.0,0.0,0.0,0.0,0.0,0.0,1.0,0.0,1.0,0.0,0.0,1.0,0.0,0.0,0.0,0.0,0.0,"Two men are positioned side by side, both of whom appear to be white.","two men, side by side, white men, pair, male, portrait"
6871,img/06871.png,1.0,"abdul, you moron! i said ""bag the oat and wheat""! not ""shag the goat meat""!",train,7029,6527,6418,"['race', 'religion']",['dehumanizing'],"['nationality', 'race', 'religion']","['inferiority', 'dehumanizing']",0.0,0.0,0.0,1.0,1.0,0.0,0.0,0.0,1.0,0.0,0.0,0.0,0.0,0.0,0.0,1.0,0.0,1.0,1.0,0.0,0.0,0.0,1.0,0.0,0.0,1.0,0.0,0.0,"A man is positioned behind a table where there is a cake, and he appears involved in a situation likely related to food handling or preparation.","man, table, cake, food, indoors, kitchen, person, preparation"
4268,img/04268.png,1.0,guess which one is which? 1. transgender; 2. suicide bomber or 3. a floor lamp,train,7041,3417,3330,"['religion', 'sex']",['dehumanizing'],"['religion', 'race', 'sex']",['dehumanizing'],0.0,0.0,0.0,0.0,1.0,1.0,0.0,0.0,1.0,0.0,0.0,0.0,0.0,0.0,0.0,0.0,0.0,1.0,1.0,1.0,0.0,0.0,1.0,0.0,0.0,0.0,0.0,0.0,"A group of individuals are seated together on a bus, with each person appearing distinct from the others.","bus, people, group, seated, public transport"
3591,img/03591.png,1.0,"joins the democrat party to indulge in deep seated supremacist proclivities. ""helping"" minorities also loves black cock",train,7052,6133,6066,['race'],['attack_empty'],['race'],[],0.0,0.0,0.0,1.0,0.0,0.0,1.0,0.0,0.0,0.0,0.0,0.0,0.0,0.0,0.0,0.0,0.0,1.0,0.0,0.0,0.0,0.0,0.0,0.0,0.0,0.0,0.0,0.0,A woman with glasses and a plaid shirt is visible in the image.,"woman, glasses, plaid shirt, female, apparel"
3764,img/03764.png,1.0,"my black flag brings all the goats to the yard and they're like allah akbar and then i'll put a bomb in a car, i'd teach u but i have no arms",train,7055,5556,7,"['religion', 'race']","['dehumanizing', 'inferiority']","['nationality', 'religion', 'race', 'disability']","['inferiority', 'dehumanizing', 'inciting_violence']",0.0,0.0,0.0,1.0,1.0,0.0,0.0,0.0,1.0,0.0,0.0,1.0,0.0,0.0,1.0,1.0,0.0,1.0,1.0,0.0,0.0,0.0,1.0,0.0,1.0,1.0,0.0,0.0,"A bearded man is in front of a plain wall, wearing casual clothes, with no visible background details.","man, beard, wall, casual clothes, no background, male, adult"
3745,img/03745.png,1.0,your order comes to $37.50 and your white privilege discount brings the total to $37.50,dev,6020,1439,1128,,,,,,,,,,,,,,,,,,,,,,,,,,,,,,,,,"A woman is at a desk with an open laptop and a printed receipt displaying amounts and a discount, possibly indicating a payment or checkout scenario.","woman, desk, laptop, receipt, payment, checkout, discount, total amount"
5279,img/05279.png,1.0,"knowing white people , that's probably the baby father",dev,7072,6511,293,,,,,,,,,,,,,,,,,,,,,,,,,,,,,,,,,A woman is positioned near a brown and white horse outdoors.,"woman, horse, brown and white, outdoors, animal, person"
1796,img/01796.png,1.0,life hack #23 how to get stoned with no weed,dev,7073,7414,774,,,,,,,,,,,,,,,,,,,,,,,,,,,,,,,,,"Two women are depicted close together in front of a brick wall, one appearing to kiss the other.","women, brick wall, kiss, close together, front"
2568,img/02568.png,1.0,whatsthe difference between heroin and i? cops think twice before shooting heroin,dev,6304,1467,46,,,,,,,,,,,,,,,,,,,,,,,,,,,,,,,,,"A man is pointing at the camera and holding his fingers up in the air, making a gesture.","man, pointing, camera, fingers, gesture"
2478,img/02478.png,1.0,must..resist...urge to.. kill whitey.,dev,7085,6144,1378,,,,,,,,,,,,,,,,,,,,,,,,,,,,,,,,,Two men in formal attire are greeting each other in a professional setting.,"two men, formal attire, greeting, professional setting, handshake"
2143,img/02143.png,1.0,"doesnt have food, water, electricity proud of nuclear weapons",dev,7087,3115,7,,,,,,,,,,,,,,,,,,,,,,,,,,,,,,,,,"A man with a long beard is shown, appearing unkempt, with a serious expression, dressed in plain clothing.","man, long beard, unkempt appearance, serious expression, plain clothing"
5349,img/05349.png,0.0,normal day in a islamic country,dev,7089,7171,1444,,,,,,,,,,,,,,,,,,,,,,,,,,,,,,,,,"Two women are sitting together on a bench in front of a brick wall, wearing modest clothing that may reflect cultural or religious customs.","women, bench, brick wall, modest clothing, cultural, religious, sitting, outdoor"
6491,img/06491.png,1.0,tranny for sale,dev,4544,1235,552,,,,,,,,,,,,,,,,,,,,,,,,,,,,,,,,,A person wearing a black dress is posing for a photo.,"person, black dress, posing, photo, woman"
4569,img/04569.png,0.0,when is the time to eat i am hungry,dev,7097,3447,1448,,,,,,,,,,,,,,,,,,,,,,,,,,,,,,,,,"A pig is situated inside a box, with its body partially visible.","pig, box, animal, inside, container"
1925,img/01925.png,1.0,i am not racist i just don't like brown sugar,dev,6172,1459,1279,,,,,,,,,,,,,,,,,,,,,,,,,,,,,,,,,A woman is sitting at a table with a cup of coffee in front of her.,"woman, table, coffee, sitting, cup"
3567,img/03567.png,1.0,potato is my favorite color of the alphabet,dev,7106,1503,7111,,,,,,,,,,,,,,,,,,,,,,,,,,,,,,,,,A man wearing a blue shirt is smiling directly at the camera in a well-lit setting.,"man, blue shirt, smiling, camera, well-lit"
4538,img/04538.png,0.0,"bows here, bows there, bows everywhere",dev,7112,4072,3993,,,,,,,,,,,,,,,,,,,,,,,,,,,,,,,,,A little girl sitting at a table with a cat nearby; the scene features many bows visible on objects and clothing around them.,"girl, cat, table, bows, objects, clothing, scene, sitting"
6123,img/06123.png,1.0,a group of men,dev,977,320,544,,,,,,,,,,,,,,,,,,,,,,,,,,,,,,,,,Several men are gathered together outdoors on a grassy area.,"men, group, outdoors, grass, gathered"
3214,img/03214.png,0.0,bartender: how about a nice 12 yr old? him: boy or girl?,dev,7104,1502,4976,,,,,,,,,,,,,,,,,,,,,,,,,,,,,,,,,"A man is positioned behind a podium, speaking into a microphone, appearing to address an audience in a formal or public setting.","man, podium, microphone, speaking, audience, formal, public, address, indoors"
5126,img/05126.png,1.0,can you smell what the reich is cooking,dev,7124,1509,1454,,,,,,,,,,,,,,,,,,,,,,,,,,,,,,,,,"A black and white photo showing two men near a table, possibly engaged in a kitchen or cooking setting.","black and white, two men, table, cooking, kitchen, photo"
5213,img/05213.png,0.0,the families of the hillsborough tragedy were denied legal aid.... but shamima begum gets it to fight for her uk citizenship our system is a sick joke! - martin costello,dev,7131,2016,1916,,,,,,,,,,,,,,,,,,,,,,,,,,,,,,,,,A man wearing a formal suit and tie is positioned in front of a solid red background.,"man, suit, tie, formal, red background, portrait, male, clothing, background"
4857,img/04857.png,1.0,...even the dumb jews know that! trump is a racist.,dev,7146,5092,1278,,,,,,,,,,,,,,,,,,,,,,,,,,,,,,,,,A woman with a purple head scarf and earrings is depicted in the image.,"woman, purple head scarf, earrings, portrait, headwear, female"
1456,img/01456.png,1.0,they see them rollin..... they hating..,dev,7155,6255,1451,,,,,,,,,,,,,,,,,,,,,,,,,,,,,,,,,A black and white photo showing multiple people inside a car.,"black and white, people, car, group, photo"
7135,img/07135.png,1.0,this is the greatest news manufacturing in 20th century,dev,2770,846,292,,,,,,,,,,,,,,,,,,,,,,,,,,,,,,,,,"A black and white photograph shows several people walking along a city street, typical of the early to mid-20th century urban environment. The people are dressed in period-appropriate attire, and buildings line both sides of the street.","black and white, photograph, people, walking, city street, 20th century, urban environment, historic clothing"
3524,img/03524.png,1.0,terrorist can come to this country way to easy,dev,2499,785,783,,,,,,,,,,,,,,,,,,,,,,,,,,,,,,,,,"A group of people are gathered and sitting together along the edge of a paved road, outdoors, possibly waiting or resting.","people, group, roadside, sitting, outdoors, crowd"
1967,img/01967.png,0.0,when you decide to stop racism by burning its symbol,dev,7183,3967,1446,,,,,,,,,,,,,,,,,,,,,,,,,,,,,,,,,"A man is outdoors holding an object aloft in a field, with visible flames and smoke present in the scene.","man, field, flames, smoke, outdoors, object, fire"
6723,img/06723.png,1.0,the hardest part to eat in a vegetable,dev,5750,1411,1238,,,,,,,,,,,,,,,,,,,,,,,,,,,,,,,,,"A single red chair is positioned in a mostly empty room, set close to a plain wall.","red chair, room, wall, furniture, interior"
2157,img/02157.png,1.0,"mohammed i'm pregnant.... don't sass me, you know it's funny! ~cupcakes",dev,7187,1518,123,,,,,,,,,,,,,,,,,,,,,,,,,,,,,,,,,A goat is facing the camera and appears to be looking directly at it.,"goat, animal, camera, looking, facing"
1765,img/01765.png,1.0,"after a girl dies, what organ in her body stays warm? my dick",dev,7193,6565,70,,,,,,,,,,,,,,,,,,,,,,,,,,,,,,,,,A man dressed in an orange shirt is holding a cellphone in his hand.,"man, orange shirt, cellphone, holding, male, clothing"
1742,img/01742.png,0.0,in just one hour from now i'll only have 4 hours left until i have to work a mere 3 hours,dev,7196,4060,3977,,,,,,,,,,,,,,,,,,,,,,,,,,,,,,,,,"A man is sitting at a desk with his hands behind his head, appearing relaxed yet possibly contemplating time or work, with no other people present in the scene.","man, desk, sitting, hands behind head, relaxed, contemplative, indoor, alone, office"
7429,img/07429.png,1.0,i'm about to have my 5th abortion fuck you batman i'm the real crime fighter,dev,7208,2898,2779,,,,,,,,,,,,,,,,,,,,,,,,,,,,,,,,,"A woman is lying on a bed beside a teddy bear, with a neutral or serious expression.","woman, bed, teddy bear, lying, serious expression"
4769,img/04769.png,1.0,"if she's pouting like this and you don't immediately drop the argument , motherfucker you gay",dev,7214,2053,269,,,,,,,,,,,,,,,,,,,,,,,,,,,,,,,,,"A woman with a slightly pouting expression sits on a bed, looking contemplatively out of the window.","woman, bed, pouting, window, contemplative, sitting"
3197,img/03197.png,1.0,i'm no bird expert but i'm guessing it's 4 females and 1 male,dev,7220,2525,2415,,,,,,,,,,,,,,,,,,,,,,,,,,,,,,,,,"A group of five young birds are gathered closely together, positioned on a mound-like surface.","birds, group, young, pile, five, gathered, animals, nature"
3519,img/03519.png,1.0,i'm going home i'm russian,dev,7143,1513,1448,,,,,,,,,,,,,,,,,,,,,,,,,,,,,,,,,"The image shows a pig in a fenced enclosure, with the animal's head and face clearly visible in a close-up shot.","pig, pen, enclosure, close-up, animal, fence"
2145,img/02145.png,0.0,"and then i asked mom, what's for dinner?",dev,7237,1523,2178,,,,,,,,,,,,,,,,,,,,,,,,,,,,,,,,,"An overhead view of a dining table set for a meal, featuring several plates, bowls, and utensils arranged neatly.","overhead view, dining table, plates, bowls, utensils, meal, arranged"
7382,img/07382.png,1.0,wouldn't be the last time those people used the oven this way,dev,7241,1526,1469,,,,,,,,,,,,,,,,,,,,,,,,,,,,,,,,,"An old postcard featuring a painting of a man positioned in front of a house, with a rustic and historical aesthetic.","postcard, painting, man, house, historical, rustic, front"
7351,img/07351.png,0.0,"""plays uno steals all the green cards""",dev,7258,3797,3697,,,,,,,,,,,,,,,,,,,,,,,,,,,,,,,,,"A stack of playing cards, primarily featuring green cards, is placed on a green table.","playing cards, green cards, stack, table, uno, card game"
5938,img/05938.png,1.0,in the muslim world all gay men are well hung,dev,7264,1538,1478,,,,,,,,,,,,,,,,,,,,,,,,,,,,,,,,,A man wearing a black shirt is being restrained with a rope.,"man, black shirt, rope, restraint, tied"
6582,img/06582.png,1.0,they are terrorists anyone who doesn't agree is an idiot,dev,7272,1545,1481,,,,,,,,,,,,,,,,,,,,,,,,,,,,,,,,,"A large group of people are lying on the ground in close proximity to each other, forming a dense cluster.","group, people, lying down, ground, cluster, crowd"
1726,img/01726.png,1.0,a real man loads the dishwasher every night,dev,7229,1520,1000,,,,,,,,,,,,,,,,,,,,,,,,,,,,,,,,,"A person is lying on a bed with their feet resting on the bed, visible from the perspective above the bed.","person, bed, feet, lying, resting, indoor, perspective"
2634,img/02634.png,1.0,and just like that... this sandwich maker doubles as an ironing board,dev,7300,1265,1493,,,,,,,,,,,,,,,,,,,,,,,,,,,,,,,,,"A young girl is lying on the grass in a park, appearing relaxed amidst a natural outdoor setting.","girl, grass, park, lying, outdoors, nature, relaxed"
7198,img/07198.png,1.0,islam is a religion of peace stop criticizing my religion,dev,7302,1558,1391,,,,,,,,,,,,,,,,,,,,,,,,,,,,,,,,,A man is positioned on the ground near several firearms arranged together.,"man, ground, firearms, guns, arranged, positioned"
2364,img/02364.png,0.0,"a jewish shop owner, wears a kippah or yarmulke whilst in his shop in tehran",dev,7306,5639,1495,,,,,,,,,,,,,,,,,,,,,,,,,,,,,,,,,"A man wearing a kippah sits in his shop, which has a wall covered with photographs or pictures.","man, kippah, shop, wall, photographs, pictures, Jewish, Tehran"
6352,img/06352.png,0.0,"and then i asked mom, can we go play?",dev,7316,6117,1499,,,,,,,,,,,,,,,,,,,,,,,,,,,,,,,,,A young boy is riding a skateboard outdoors on a paved sidewalk during the daytime.,"boy, skateboard, sidewalk, outdoors, daytime"
2783,img/02783.png,1.0,a picture of my great great great grand grandfather's tractors they don't make them like they used to,dev,7290,1553,1484,,,,,,,,,,,,,,,,,,,,,,,,,,,,,,,,,"The image shows several old-fashioned tractors grouped together outdoors, surrounded by natural vegetation.","tractors, outdoors, vintage, group, vegetation, old-fashioned"
2518,img/02518.png,0.0,when the dog bites you and you bite back to assert dominance,dev,7333,6258,1507,,,,,,,,,,,,,,,,,,,,,,,,,,,,,,,,,A woman is holding a small dog closely in her arms.,"woman, small dog, holding, arms, close interaction"
4621,img/04621.png,0.0,you are what you eat meanwhile in africa,dev,7281,1549,7154,,,,,,,,,,,,,,,,,,,,,,,,,,,,,,,,,Several people in distinctive costumes are walking together along an outdoor urban street during daylight.,"people, costumes, street, urban, group, outdoor, daytime"
3568,img/03568.png,0.0,time to play rich vs the constitution,dev,7340,2160,913,,,,,,,,,,,,,,,,,,,,,,,,,,,,,,,,,A man dressed in a formal suit and tie is holding a rifle.,"man, suit, tie, rifle, formal, weapon, holding, male"
7653,img/07653.png,1.0,"in the last days there will be god hating scoffers, ridiculers, deniers and mockers following after their own lusts",dev,7341,1531,1490,,,,,,,,,,,,,,,,,,,,,,,,,,,,,,,,,"A man is holding a rainbow flag in his hands, with the flag's colors clearly visible.","man, rainbow flag, holding, colors, hands"
3217,img/03217.png,0.0,"they are like sperm you get millions, but only one works",dev,7343,1572,6803,,,,,,,,,,,,,,,,,,,,,,,,,,,,,,,,,"A single yellow flower is placed on a white rectangular surface, viewed from above against a simple background.","yellow flower, white board, rectangular surface, simple background, single flower"
3798,img/03798.png,0.0,"hey, i just met you and this is crazy but here's your number... so camping, maybe?",dev,7346,1544,6989,,,,,,,,,,,,,,,,,,,,,,,,,,,,,,,,,"A man and a woman are sitting next to each other on a bus, both looking out of the window.","man, woman, bus, sitting, window, together"
5316,img/05316.png,0.0,doing o's with the smoke,dev,7355,1578,6400,,,,,,,,,,,,,,,,,,,,,,,,,,,,,,,,,A person in a red hoodie is creating ring shapes with smoke in front of a wall.,"person, red hoodie, smoke, smoke rings, wall"
6273,img/06273.png,1.0,the jihad squad,dev,7379,1583,1474,,,,,,,,,,,,,,,,,,,,,,,,,,,,,,,,,"A woman is speaking at a podium, with an American flag prominently displayed behind her.","woman, podium, American flag, speaking, background"
5439,img/05439.png,0.0,portable dishwasher slash sandwich maker,dev,7373,1582,1798,,,,,,,,,,,,,,,,,,,,,,,,,,,,,,,,,"Two hands are shown, with one hand holding the other hand in a supportive gesture.","hands, holding, support, gesture, two"
7528,img/07528.png,1.0,the latest and greatest. a truck that comes with a dishwasher!,dev,7239,1525,1514,,,,,,,,,,,,,,,,,,,,,,,,,,,,,,,,,"A woman is seated in the driver's seat of a green truck, which features a built-in dishwasher.","woman, truck, green, driver's seat, dishwasher, interior, vehicle, modern"
1268,img/01268.png,0.0,father and daughter bonding time is the best like and share if you agree,dev,7382,3518,1512,,,,,,,,,,,,,,,,,,,,,,,,,,,,,,,,,A man and a young girl are embracing each other while sitting on a bed in a cozy indoor setting.,"man, girl, hug, bed, embrace, indoor, family, bonding"
5429,img/05429.png,,claims that her ancestors created a safe space for jews these are her ancestors,test,5493,1378,1239,,,,,,,,,,,,,,,,,,,,,,,,,,,,,,,,,"A black and white photo showing a man and a woman seated together at a table, facing the camera.","black and white, photo, man, woman, table, seated, together, portrait"
1865,img/01865.png,,i'm this pretty because both my parents are white,test,755,252,3373,,,,,,,,,,,,,,,,,,,,,,,,,,,,,,,,,"A young woman with long blonde hair is at the beach, with the ocean and sand visible around her. She appears to have light skin and is likely of European descent.","woman, blonde hair, beach, ocean, sand, light skin, European descent, young woman"
4615,img/04615.png,,it's the religion of peace. join exclusive islam!,test,7401,3272,3175,,,,,,,,,,,,,,,,,,,,,,,,,,,,,,,,,A man dressed in a white suit and green hat is holding several pieces of bread.,"man, white suit, green hat, bread, holding, food"
1936,img/01936.png,,we said we would never forget why are you voting them into our governement?,test,1391,14,1405,,,,,,,,,,,,,,,,,,,,,,,,,,,,,,,,,"The image shows an aerial view of a modern city featuring numerous tall buildings clustered together, with streets and infrastructure visible between them.","aerial view, city, tall buildings, urban, infrastructure, streets, modern, architecture"
4958,img/04958.png,,how i see black people getting trolled on the internet,test,2890,876,571,,,,,,,,,,,,,,,,,,,,,,,,,,,,,,,,,"A gorilla is sitting on a large rock, with a neutral expression, in what appears to be a naturalistic outdoor setting.","gorilla, rock, sitting, outdoors, animal, neutral expression"
2356,img/02356.png,,if i was arrested what do u think i got arrested 4?,test,7403,4002,188,,,,,,,,,,,,,,,,,,,,,,,,,,,,,,,,,"Several men are gathered outside near a building, appearing to interact or converse with one another.","men, group, building, outside, gathered, interaction, conversation"
5462,img/05462.png,,i'm not racist i hate white liberals more than anybody,test,5871,1425,36,,,,,,,,,,,,,,,,,,,,,,,,,,,,,,,,,A man wearing a suit and tie is looking at the camera with a smile on his face.,"man, suit, tie, smiling, camera, portrait"
1627,img/01627.png,,jew jerky: leave out in the sun until all moisture is gone store in a cool dark place for 3 days,test,1485,489,1175,,,,,,,,,,,,,,,,,,,,,,,,,,,,,,,,,"A person is positioned on top of a cross suspended in the sky, with clouds visible in the background.","person, cross, sky, clouds, suspension, elevation"
7516,img/07516.png,,teacher: alright class take out your calculators mohammed:,test,2437,765,421,,,,,,,,,,,,,,,,,,,,,,,,,,,,,,,,,A person is holding a calculator in their hand.,"person, calculator, hand, holding, electronic device"
2789,img/02789.png,,when you got a warrant out for your arrest & you on the run.....,test,7407,7440,725,,,,,,,,,,,,,,,,,,,,,,,,,,,,,,,,,"A man wearing a pink shirt is holding a cell phone, looking alert and attentive.","man, pink shirt, cell phone, alert, attentive, person, male, technology"
3976,img/03976.png,,"warning ""every"" country that has become involved in muslim immigration has eventually become an islamic state, and don't the fate of your country will be any different islam is a cancer for which there is no cure",test,7408,6310,6223,,,,,,,,,,,,,,,,,,,,,,,,,,,,,,,,,"The image shows a large group of people gathered together, likely in a public space, with no clear indication of their specific activities or context.","group, people, gathering, crowd, public space"
7291,img/07291.png,,it's a piece of cake if she's not awake,test,4204,1168,36,,,,,,,,,,,,,,,,,,,,,,,,,,,,,,,,,A man dressed in a formal suit and tie is holding an open umbrella.,"man, suit, tie, umbrella, formal, holding, open"
7392,img/07392.png,,once you go black ur a single mom!,test,7411,6314,6227,,,,,,,,,,,,,,,,,,,,,,,,,,,,,,,,,A woman is holding a small child while standing outdoors in an open field.,"woman, child, holding, outdoors, field, open space, mother, parent"
1284,img/01284.png,,muslims offend me,test,5119,1320,1756,,,,,,,,,,,,,,,,,,,,,,,,,,,,,,,,,A man is sitting at a table with several dishes of food placed in front of him.,"man, sitting, table, food, dishes"
2584,img/02584.png,,imagine being so disugsting there have to be laws to try to stop normal people from hating you,test,7429,1532,6357,,,,,,,,,,,,,,,,,,,,,,,,,,,,,,,,,"An illustration depicts a Jewish man sitting on a bench, visibly holding a menorah in his hands, suggesting a focus on Jewish cultural or religious symbolism.","Jewish man, bench, menorah, illustration, cultural symbolism"
5219,img/05219.png,,just admit it. white america was better,test,7437,1596,1529,,,,,,,,,,,,,,,,,,,,,,,,,,,,,,,,,Several children are seated together around an outdoor picnic table.,"children, picnic table, group, outdoors, seated"
5162,img/05162.png,,went down on a muslim bitch her pussy was the bomb!,test,7444,1601,3903,,,,,,,,,,,,,,,,,,,,,,,,,,,,,,,,,"An older man with glasses is smiling at the camera, appearing relaxed and content.","older man, glasses, smiling, camera, content, relaxed"
7652,img/07652.png,,ban the burka you must be fucking joking,test,7455,1609,7034,,,,,,,,,,,,,,,,,,,,,,,,,,,,,,,,,"A woman with long, curly hair is surrounded by or interacting with pink petals.","woman, long hair, curly hair, pink petals, surrounded, interacting"
7689,img/07689.png,,man: i'd like to trade her in for newer one,test,7462,1613,2636,,,,,,,,,,,,,,,,,,,,,,,,,,,,,,,,,"A slightly dirty red car is parked along a roadside, with no people visibly present in the image.","red car, dirty, roadside, parked, vehicle"
6931,img/06931.png,,the newest hate group the dumb stupid klan,test,7468,1616,1541,,,,,,,,,,,,,,,,,,,,,,,,,,,,,,,,,"A woman is positioned in front of a large crowd, addressing or interacting with them in a group setting.","woman, crowd, group, gathering, people"
3146,img/03146.png,,this is inhuman the operation takes only a couple of seconds to perform but its image remains for years,test,7471,2032,1543,,,,,,,,,,,,,,,,,,,,,,,,,,,,,,,,,"A black and white photograph featuring a man seated in a wheelchair, with a neutral background and a somber atmosphere.","black and white, man, wheelchair, photograph, somber, seated"
4879,img/04879.png,,i hear a funny joke about dishwashers,test,7472,3301,1526,,,,,,,,,,,,,,,,,,,,,,,,,,,,,,,,,A woman with long hair wearing a gray shirt is present in the image.,"woman, long hair, gray shirt, female, portrait"
6135,img/06135.png,,everyone should take care of their skin,test,7487,5734,5675,,,,,,,,,,,,,,,,,,,,,,,,,,,,,,,,,"A person's hand is reaching into a bowl filled with a creamy, white substance, which appears smooth and thick.","hand, bowl, cream, white, smooth, thick, substance"
1634,img/01634.png,,"""aye, tone! why would dey delouse 'em if dey was just gonna whack 'em?!""",test,7500,1627,3312,,,,,,,,,,,,,,,,,,,,,,,,,,,,,,,,,"A man is closely interacting with a sheep, appearing to be engaged in the process of shearing or cleaning its wool.","man, sheep, shearing, wool, processing, interaction, animal, farm, cleaning"
7193,img/07193.png,,things i love to hunt,test,7433,1593,1539,,,,,,,,,,,,,,,,,,,,,,,,,,,,,,,,,A woman wearing a black tank top and vibrant floral shorts is running outdoors in a wooded forest environment.,"woman, black tank top, floral shorts, running, forest, outdoors, wooded, nature"
3968,img/03968.png,,when you're watching the #roots remake but you're in an interracial relationship,test,7491,1625,5754,,,,,,,,,,,,,,,,,,,,,,,,,,,,,,,,,"A man and a woman, who appear to be of different racial backgrounds, are shown affectionately kissing while holding a baby together.","interracial couple, man, woman, baby, affection, kissing, family, diversity"
7396,img/07396.png,,this project is tough but it will save the world,test,7476,1619,1556,,,,,,,,,,,,,,,,,,,,,,,,,,,,,,,,,"A black and white photograph shows a man lying on the ground, suggesting a moment of exhaustion or contemplation.","black and white, photograph, man, lying, ground, exhaustion, contemplation"
5968,img/05968.png,,what would you do if i got pregnant,test,7537,240,1550,,,,,,,,,,,,,,,,,,,,,,,,,,,,,,,,,"A young boy is wearing a pirate hat and holding a black object, with a neutral facial expression.","boy, pirate hat, black object, young, neutral expression"
4265,img/04265.png,,farming simulator 1800,test,7536,1640,1561,,,,,,,,,,,,,,,,,,,,,,,,,,,,,,,,,"The image depicts several individuals working together in a cotton field, harvesting cotton by hand under daylight.","cotton, field, harvesting, people, daylight, farming, agriculture"
4716,img/04716.png,,"makeup artist $4,000 / month personal stylist $15,000 / week i can't tell the difference",test,7545,1630,5050,,,,,,,,,,,,,,,,,,,,,,,,,,,,,,,,,"A person is holding three small kittens in their hands, with the kittens appearing comfortable and secure.","person, kittens, holding, hands, animals, pet, three, comfort, secure"
3164,img/03164.png,,party tonight? i'm down,test,2416,762,127,,,,,,,,,,,,,,,,,,,,,,,,,,,,,,,,,"A woman is looking at herself in the mirror, possibly preparing for an event or occasion.","woman, mirror, reflection, preparation, event, self-view, occasion"
5218,img/05218.png,,things i love to pull behind my trunck,test,7546,1642,6170,,,,,,,,,,,,,,,,,,,,,,,,,,,,,,,,,"Request failed: HTTPSConnectionPool(host='api.zhizengzeng.com', port=443): Max retries exceeded with url: /v1/chat/completions (Caused by SSLError(SSLEOFError(8, '[SSL: UNEXPECTED_EOF_WHILE_READING] EOF occurred in violation of protocol (_ssl.c:1016)')))",
7694,img/07694.png,,if i had a gone i could convert this fruit to vegetable,test,7489,1624,1564,,,,,,,,,,,,,,,,,,,,,,,,,,,,,,,,,"A man wearing a blue shirt is shown with a medal around his neck, standing in front of a table holding various fruits and vegetables.","man, blue shirt, medal, fruit, vegetable, table, neck"
3987,img/03987.png,,the newest hate group the dumb stupid klan,test,7468,1616,5556,,,,,,,,,,,,,,,,,,,,,,,,,,,,,,,,,"A man dressed in a sailor outfit is taking a photo of himself, with a neutral background.","man, sailor outfit, selfie, solo, photography, neutral background"
6593,img/06593.png,,dss,test,7559,6542,1546,,,,,,,,,,,,,,,,,,,,,,,,,,,,,,,,,"A baby wearing only a diaper is positioned directly in front of an open dishwasher, with kitchen elements visible in the background.","baby, diaper, dishwasher, kitchen, appliance, child, open dishwasher"
6329,img/06329.png,,president condemned capital punishment,test,7561,6674,1531,,,,,,,,,,,,,,,,,,,,,,,,,,,,,,,,,"A person appears with a rope around their neck, suggesting a depiction related to execution or capital punishment.","person, rope, neck, execution, capital punishment"
2751,img/02751.png,,just admit it white america was better,test,7563,1596,4225,,,,,,,,,,,,,,,,,,,,,,,,,,,,,,,,,The image shows a wintry landscape with snow-covered trees surrounding a partially frozen pond.,"snow, trees, pond, winter, landscape, frozen, nature"
4239,img/04239.png,,when you fart in crowd and  try to look normal,test,7568,7463,1566,,,,,,,,,,,,,,,,,,,,,,,,,,,,,,,,,"An illustration of a mouse, holding and eating a piece of cheese, with an exaggerated facial expression that suggests it is trying to appear innocent or inconspicuous.","mouse, cheese, illustration, innocent expression, cartoon, eating, animal, humor"
5879,img/05879.png,,me watching the pride parade,test,7584,1652,4535,,,,,,,,,,,,,,,,,,,,,,,,,,,,,,,,,"Several people are gathered outdoors, holding colorful signs and banners, likely participating in a parade or public event.","people, outdoors, signs, banners, gathering, parade, event, crowd"
6243,img/06243.png,,(laughs in goat fucker),test,7589,1654,30,,,,,,,,,,,,,,,,,,,,,,,,,,,,,,,,,A man wearing a pink hat is smiling at the camera.,"man, pink hat, smile, camera, portrait"
5792,img/05792.png,,when you just realize that you forgot to take the cake out of the oven,test,7597,3971,869,,,,,,,,,,,,,,,,,,,,,,,,,,,,,,,,,"A woman with wide eyes and slightly open mouth appears shocked or worried, focusing her gaze forward with a surprised facial expression.","woman, surprised, shocked, wide eyes, open mouth, facial expression"
4583,img/04583.png,,mom won't let me use the oven with my jewish friends,test,2241,707,702,,,,,,,,,,,,,,,,,,,,,,,,,,,,,,,,,"A black and white photo showing a man dressed in a military uniform, standing against a plain background.","black and white, man, military uniform, photo, plain background"
7612,img/07612.png,,"what is that wonderful smell? it smells like... caramel! oh, today we burnt the diabetics",test,7608,483,1574,,,,,,,,,,,,,,,,,,,,,,,,,,,,,,,,,"Request failed: HTTPSConnectionPool(host='api.zhizengzeng.com', port=443): Max retries exceeded with url: /v1/chat/completions (Caused by SSLError(SSLEOFError(8, '[SSL: UNEXPECTED_EOF_WHILE_READING] EOF occurred in violation of protocol (_ssl.c:1016)')))",
3267,img/03267.png,,that feeling when you finish your homework in record time and have extra time to chill,test,7618,4894,1568,,,,,,,,,,,,,,,,,,,,,,,,,,,,,,,,,A young woman wearing a blue and white shirt and a red bandana is looking relaxed and content.,"young woman, blue shirt, white shirt, red bandana, relaxed, content"
4127,img/04127.png,,here we go again. us paralympics team refuses to stand during st.,test,7632,3470,3379,,,,,,,,,,,,,,,,,,,,,,,,,,,,,,,,,"A group of young people are gathered around a table tennis table, engaging in a game together indoors.","young people, group, table tennis, game, indoors"
4135,img/04135.png,,there's only one race the human race and that thing on the right? that's a monkey in human clothes,test,7643,1669,4172,,,,,,,,,,,,,,,,,,,,,,,,,,,,,,,,,A young boy and a monkey dressed in human clothing are sitting together at a table.,"boy, monkey, human clothing, table, sitting, companionship, costume"
5461,img/05461.png,,"me, an air force intellectual watching some marines get into a bar fight with some thai tranny hookers",test,7649,3012,2918,,,,,,,,,,,,,,,,,,,,,,,,,,,,,,,,,"Two men are sitting together on a bench, with one of them holding an umbrella over both of them.","two men, bench, umbrella, sitting, together"
2846,img/02846.png,,the before image that not many people have seen,test,7650,3603,1405,,,,,,,,,,,,,,,,,,,,,,,,,,,,,,,,,"An aerial photograph shows a cityscape taken from above, capturing buildings, streets, and various urban features in clear detail.","aerial view, cityscape, urban, buildings, streets, photograph, above, helicopter, architecture"
3765,img/03765.png,,american kids all across american storefronts!!! freeway off n on ramps!!! street corners!!! begging for $$$ for the're alcohol!!! n drugs!!!,test,7667,3678,3570,,,,,,,,,,,,,,,,,,,,,,,,,,,,,,,,,"A young man with red hair is sitting on the floor near what appears to be a public area, possibly beside a storefront or street corner.","young man, red hair, sitting, floor, public area, storefront, street corner"
4563,img/04563.png,,"yeah, we know ""no president has done what i have done.""",test,7672,4485,925,,,,,,,,,,,,,,,,,,,,,,,,,,,,,,,,,A man wearing a suit and tie is making an exaggerated or humorous facial expression.,"man, suit, tie, funny face, exaggerated expression, humor, male, portrait"
1459,img/01459.png,,trust me... ...they're re all terrorists,test,7673,1680,1672,,,,,,,,,,,,,,,,,,,,,,,,,,,,,,,,,"A woman is sitting on the floor, looking concerned and surrounded by numerous black spiders crawling around her.","woman, sitting, floor, spiders, surrounded, concerned, black, crawling"
5734,img/05734.png,,this man single handedly saved this animal from poachers,test,7681,4089,1589,,,,,,,,,,,,,,,,,,,,,,,,,,,,,,,,,"The image shows two pictures featuring a man and a gorilla; in one, the man is interacting closely with an adult gorilla, and in the other, he is with a young gorilla, both highlighting a bond between the man and the animals.","man, gorilla, young gorilla, animal, interaction, bond, picture, adult gorilla"
1325,img/01325.png,,when your world cup team scores a goal,test,7684,3736,1590,,,,,,,,,,,,,,,,,,,,,,,,,,,,,,,,,"A man wearing a blue head scarf and a white shirt is opening his mouth in a strong expression, likely reacting with excitement or surprise.","man, blue head scarf, white shirt, open mouth, expression, excitement, surprise"
3924,img/03924.png,,three k's a day keeps the minorities away,test,7686,6861,493,,,,,,,,,,,,,,,,,,,,,,,,,,,,,,,,,A man is wearing a white shirt that features a large red cross symbol on the front.,"man, white shirt, red cross, clothing, symbol"
1359,img/01359.png,,area 51 naruto runners naruto runners let me iiiiiiiiiiiiin! let me in,test,7690,7375,7240,,,,,,,,,,,,,,,,,,,,,,,,,,,,,,,,,A man wearing a white shirt is holding a microphone and appears to be shouting or singing passionately.,"man, white shirt, microphone, singing, shouting, passion"
6524,img/06524.png,,how black women fight crime,test,7701,1690,1428,,,,,,,,,,,,,,,,,,,,,,,,,,,,,,,,,A Black woman wearing a police uniform is standing in front of a mirror.,"Black woman, police uniform, mirror, law enforcement, reflection, female police officer"
5791,img/05791.png,,"mohammed i'm pregnant.... don't sass me, you know it's funny! ~cupcakes",test,7187,1518,2622,,,,,,,,,,,,,,,,,,,,,,,,,,,,,,,,,"A goat is positioned amidst tall, dense grass in an open field, with natural greenery surrounding it; the animal is clearly visible in the outdoor environment.","goat, field, tall grass, outdoors, nature, animal, greenery"
7521,img/07521.png,,turns out out they were expecting something very different went gay clubbing with some friends,test,7708,220,1395,,,,,,,,,,,,,,,,,,,,,,,,,,,,,,,,,A man wearing a mask is holding a baseball bat in his hand.,"man, mask, baseball bat, holding, person"
3624,img/03624.png,,just a traditional muslim man with a beard,test,7712,5378,7,,,,,,,,,,,,,,,,,,,,,,,,,,,,,,,,,"A traditional Muslim man with a long beard, wearing modest attire.","Muslim, man, beard, traditional, modest attire"
4582,img/04582.png,,this has no place on american soil,test,7734,1700,7134,,,,,,,,,,,,,,,,,,,,,,,,,,,,,,,,,"An American flag is burning in a fire, with visible flames consuming the fabric of the flag.","American flag, fire, burning, flames, flag, destruction, fabric, symbol, United States"
2514,img/02514.png,,"if they're in a relationship, who makes the sandwiches?",test,7745,1686,4695,,,,,,,,,,,,,,,,,,,,,,,,,,,,,,,,,"A spacious and modern kitchen area featuring ample countertop space, with a clean and organized appearance.","kitchen, counter space, modern, spacious, clean, organized"
5389,img/05389.png,,this pizza is so disgusting if you take it to italv you'll get arrested,test,7751,2542,20,,,,,,,,,,,,,,,,,,,,,,,,,,,,,,,,,A man wearing a blue shirt is sitting at a table with a pizza in front of him.,"man, blue shirt, pizza, table, food"
5379,img/05379.png,,i'd like the porn in my room to be disabled we only have regular porn you sick bastard,test,5230,1337,5711,,,,,,,,,,,,,,,,,,,,,,,,,,,,,,,,,"A man and a woman are interacting at a hotel reception desk, with the man appearing to make a request while the woman listens attentively.","man, woman, reception desk, hotel, interaction, request, conversation"
1324,img/01324.png,,the great train robbers,test,7807,4025,1611,,,,,,,,,,,,,,,,,,,,,,,,,,,,,,,,,A black and white photograph shows several men posing together in front of a storefront.,"black and white, men, photograph, storefront, group, posing"
5174,img/05174.png,,when you start burning calories instead of people,test,7809,1718,6370,,,,,,,,,,,,,,,,,,,,,,,,,,,,,,,,,Several people are gathered near a heap of trash or discarded items outdoors.,"people, garbage, group, outdoors, trash, pile, gathered"
4536,img/04536.png,,"he's not a great debater, he's not a smooth talking politician, he's not part of the establishment, but he is a true american patriot! we cannot sit back and watch them destroy this man who is trying to help us ! he can clean up america and they know it !",test,7810,6241,6171,,,,,,,,,,,,,,,,,,,,,,,,,,,,,,,,,"A composite image prominently features President Trump's face, highlighting his distinctive facial features and expression.","President Trump, face, composite image, portrait, expression, distinctive features"
1364,img/01364.png,,and that was the last nativity play my son was invited to take part in,test,1683,552,1591,,,,,,,,,,,,,,,,,,,,,,,,,,,,,,,,,Several people dressed in white outfits are positioned closely together in a group.,"people, group, white outfits, together, group photo"
1937,img/01937.png,,"when you find a shooter the same day you plan a bombing, so you team up",test,1726,564,1287,,,,,,,,,,,,,,,,,,,,,,,,,,,,,,,,,"Two children are sitting together on the floor, actively playing with wooden blocks.","children, playing, wooden blocks, floor, together, sitting, activity"
4319,img/04319.png,,"sometimes, you have to water your farm equipment so it doesn't overheat",test,7777,1707,1573,,,,,,,,,,,,,,,,,,,,,,,,,,,,,,,,,"A young boy is drinking water from a bottle, with farm equipment visible nearby.","boy, water bottle, drinking, farm equipment, outdoors"
5864,img/05864.png,,trust me... ...they're re all terrorists,test,7673,1680,971,,,,,,,,,,,,,,,,,,,,,,,,,,,,,,,,,"Three camels are standing together on the ground, each with their mouths open.","camels, three, standing, open mouths, ground"
7265,img/07265.png,,muslim terror attacks are more frequent white terror attacks are more efficient,test,7884,6132,6064,,,,,,,,,,,,,,,,,,,,,,,,,,,,,,,,,"A black and white bird is perched on a rock, with its attention directed towards its surroundings.","bird, black and white, rock, perched, outdoors"
5846,img/05846.png,,our insurance,test,7891,5597,960,,,,,,,,,,,,,,,,,,,,,,,,,,,,,,,,,"A group of people wearing white robes is gathered together outdoors, each person holding an umbrella.","group, people, white robes, umbrellas, outdoors"
6195,img/06195.png,,what do i do when my dishwasher stops? i should get back to scrubbing,test,7914,1732,654,,,,,,,,,,,,,,,,,,,,,,,,,,,,,,,,,"A person is positioned near a dishwasher, possibly considering cleaning dishes manually.","person, dishwasher, cleaning, dishes, kitchen, appliance"
5438,img/05438.png,,didn't get bought today success!,test,7936,1735,5392,,,,,,,,,,,,,,,,,,,,,,,,,,,,,,,,,"A close-up image shows a red lobster resting on a rock surface, highlighting the lobster's details and natural texture.","lobster, red, rock, close-up, crustacean, animal, nature"
6752,img/06752.png,,"the amish reject modern society without strapping explosives children proof that you can be completely devoted to your religion wear beards, dress modestly and reject modern society without strapping explosives to children",test,7937,4726,4683,,,,,,,,,,,,,,,,,,,,,,,,,,,,,,,,,"A group of people dressed in modest, traditional clothing are walking together through an open grassy field.","group, people, modest clothing, traditional, walking, field, outdoors, grass"
7658,img/07658.png,,i was asked who my favourite x-men character was apparently my answer was inappropriate,test,7624,1664,7167,,,,,,,,,,,,,,,,,,,,,,,,,,,,,,,,,"A woman with red hair is dressed in a green costume with yellow accents, resembling a superhero character from the X-Men series.","woman, red hair, green costume, yellow accents, superhero, X-Men, character, cosplay"
6387,img/06387.png,,when your leader is killed by a drone and you get to fuck his herd of goats,test,7580,1650,1632,,,,,,,,,,,,,,,,,,,,,,,,,,,,,,,,,"A man is sitting casually on a couch, with one hand raised in the air, appearing relaxed and possibly gesturing or responding to something.","man, couch, sitting, hand raised, gesture, indoor, relaxed, casual"
7645,img/07645.png,,dem rep calls trump supporters 'just plain dumb' & 'racist' in letter on house floor.. what's your response?,test,7939,5224,5159,,,,,,,,,,,,,,,,,,,,,,,,,,,,,,,,,"A woman wearing a red jacket and glasses is speaking into a microphone in what appears to be a formal indoor setting, such as a legislative chamber.","woman, red jacket, glasses, microphone, speaking, indoor, formal setting, legislative chamber"
1836,img/01836.png,,can you hear me at the back?,test,7941,1881,1788,,,,,,,,,,,,,,,,,,,,,,,,,,,,,,,,,The image is an old black and white photograph featuring a man dressed formally in a suit.,"black and white, photograph, man, suit, formal, old, vintage"
2649,img/02649.png,,and that was the last nativity play my son was invited to take part in,test,1683,552,3590,,,,,,,,,,,,,,,,,,,,,,,,,,,,,,,,,"A baby is peacefully sleeping on a soft purple blanket, surrounded by straw in a woven basket.","baby, sleeping, purple blanket, basket, straw, peaceful, soft, woven"
5978,img/05978.png,,i think it is safe now challenge accepted,test,5555,1389,819,,,,,,,,,,,,,,,,,,,,,,,,,,,,,,,,,"A man is positioned next to a bicycle, possibly preparing for a challenge or activity.","man, bicycle, challenge, preparation, activity"
6927,img/06927.png,,this is me not having any white guilt,test,7976,6079,6016,,,,,,,,,,,,,,,,,,,,,,,,,,,,,,,,,"A young boy is outdoors in a grassy field, wearing casual clothes. The background is open and natural.","boy, field, outdoors, grass, casual clothes, nature"
6231,img/06231.png,,do i need to dig up hitler to show you how to use an oven,test,5550,1387,20,,,,,,,,,,,,,,,,,,,,,,,,,,,,,,,,,"A man is present in the image, wearing a blue shirt.","man, blue shirt, male, clothing, person"
6427,img/06427.png,,little girls are the devil,test,7999,6058,5999,,,,,,,,,,,,,,,,,,,,,,,,,,,,,,,,,"A woman dressed in a blue shirt is directly facing the camera, with a neutral or serious expression.","woman, blue shirt, camera, neutral expression, serious expression"
6348,img/06348.png,,the look you give when your husband would rather fuck a goat then you,test,5020,1309,247,,,,,,,,,,,,,,,,,,,,,,,,,,,,,,,,,"A woman wearing a brown hoodie stands in front of a white brick wall, looking directly at the camera with a serious and slightly disapproving facial expression.","woman, brown hoodie, white brick wall, serious expression, direct gaze, disapproving look"
7596,img/07596.png,,the face you make when one of those damn apes cancels your show,test,7696,1688,6600,,,,,,,,,,,,,,,,,,,,,,,,,,,,,,,,,"A monkey is wearing headphones, set against a black background.","monkey, headphones, black background, animal, portrait"
2416,img/02416.png,,how do you piss off a female archeologist? give her a used tampon and ask her what period it comes from,test,8016,4326,4261,,,,,,,,,,,,,,,,,,,,,,,,,,,,,,,,,"Two people are seated on the ground near a pond, appearing to be engaged in a casual conversation in an outdoor setting.","two people, seated, ground, pond, outdoors, conversation"
7314,img/07314.png,,spending alot of time with your pets,test,7706,1692,2128,,,,,,,,,,,,,,,,,,,,,,,,,,,,,,,,,"A woman is sitting on a couch with a boy and a dog, all appearing relaxed and close to each other, highlighting a warm moment spent together indoors.","woman, boy, dog, couch, relaxing, indoors, togetherness, pet"
7451,img/07451.png,,actors costumed in the full regalia of the kkk,test,8025,5269,337,,,,,,,,,,,,,,,,,,,,,,,,,,,,,,,,,A black and white photograph showing several men wearing full Ku Klux Klan regalia.,"black and white, photograph, men, Ku Klux Klan, costume, regalia, group, historical"
3869,img/03869.png,,a mother's love for the child is a divine thing,test,8041,3378,3293,,,,,,,,,,,,,,,,,,,,,,,,,,,,,,,,,"A group of monkeys are gathered closely together on a wooden bench, appearing to interact with each other.","monkeys, group, wooden bench, gathered, interaction"
