image,description,keywords
01235_mask.png,"A man wearing a black shirt and a white hat is raising his hands, and his facial expression suggests a playful or mischievous mood.","man, black shirt, white hat, hands up, mischievous, playful, adult, facial expression"
01236_mask.png,"Several men are gathered together in front of a sheep, standing outdoors.","men, group, sheep, outdoors, gathered"
01243_mask.png,"A white and brown dog is sitting on a vibrant green grass field, looking relaxed and attentive.","dog, white, brown, green field, grass, sitting, outdoors, pet, animal"
01245_mask.png,"A young boy dressed in a camouflage jacket and matching hat is looking at the camera, smiling.","boy, camouflage jacket, hat, smile, camera, young, clothing"
01247_mask.png,"A black and white photo featuring a man wearing a uniform, possibly related to law enforcement or the military, with no visible insignia or specific racial identifiers.","black and white, man, uniform, monochrome, male, portrait, person"
01256_mask.png,"A close-up shot of a dog's face, with the dog's eyes and nose prominently visible in the frame.","dog, close-up, face, eyes, nose, animal, canine"
01258_mask.png,A woman with long hair is wearing sunglasses and holding a cigarette near her mouth.,"woman, sunglasses, cigarette, smoking, long hair"
01264_mask.png,"A squirrel is sitting on the top of a tree trunk, possibly looking alert or curious.","squirrel, tree trunk, sitting, animal, nature"
01268_mask.png,A man and a young girl are embracing each other while sitting on a bed in a cozy indoor setting.,"man, girl, hug, bed, embrace, indoor, family, bonding"
01269_mask.png,A green frog puppet is placed on top of a white rectangular box.,"green, frog, puppet, white box, stuffed animal, Kermit, toy"
01274_mask.png,A man wearing a hat and a jacket is leaning against a wall in a casual manner.,"man, hat, jacket, wall, leaning, casual, clothing"
01275_mask.png,"A man dressed in a suit and tie is speaking into several microphones, appearing to address an audience or the media.","man, suit, tie, microphones, speaking, media, address, audience"
01276_mask.png,"A young boy with a bright smile is positioned near a swimming pool, with water visible in the background.","boy, smile, swimming pool, water, youth, outdoors"
01284_mask.png,A man is sitting at a table with several dishes of food placed in front of him.,"man, sitting, table, food, dishes"
01293_mask.png,"A person’s hand is shown with a thick layer of melted chocolate covering the skin, appearing messy and sticky.","hand, melted chocolate, messy, sticky, skin, person"
01295_mask.png,"A person dressed in a red robe is sitting on a chair, resembling traditional clergy attire.","person, red robe, sitting, chair, clergy, attire"
01324_mask.png,A black and white photograph shows several men posing together in front of a storefront.,"black and white, men, photograph, storefront, group, posing"
01325_mask.png,"A man wearing a blue head scarf and a white shirt is opening his mouth in a strong expression, likely reacting with excitement or surprise.","man, blue head scarf, white shirt, open mouth, expression, excitement, surprise"
01327_mask.png,"A television screen displays an image of the Joker's face, characterized by striking makeup and a sinister smile, set against a dark background.","television, screen, Joker, face, makeup, sinister smile, dark background"
01329_mask.png,"A man is sitting in a chair, likely preparing or embodying a cowboy theme.","man, chair, sitting, cowboy, preparing, western, costume"
01348_mask.png,Two men are seen near a flock of sheep in an outdoor rural setting.,"men, sheep, flock, outdoor, rural, animals"
01349_mask.png,"An old black and white photo shows a man and a young girl together, capturing a moment that appears to convey affection or recognition.","black and white, man, young girl, old photo, affection, recognition"
01359_mask.png,A man wearing a white shirt is holding a microphone and appears to be shouting or singing passionately.,"man, white shirt, microphone, singing, shouting, passion"
01364_mask.png,Several people dressed in white outfits are positioned closely together in a group.,"people, group, white outfits, together, group photo"
01379_mask.png,"A young woman is holding a small child on her lap, both appear to be engaged together in a caring and gentle environment.","woman, child, lap, young, together, caring, gentle, sitting"
01382_mask.png,A hand is writing the phrase 'my body my choice' on a green chalkboard using white chalk.,"hand, writing, chalkboard, chalk, my body my choice, green, phrase, education"
01389_mask.png,"A man is holding a cat in his arms, and they appear to be together in a public place such as a mall.","man, cat, holding, public place, mall, companionship, indoor, arms"
01392_mask.png,"A young girl is holding a cellphone to her ear, appearing to engage in a phone conversation.","girl, cellphone, conversation, child, phone call"
01395_mask.png,"A man is sitting beside a woman who is lying in a hospital bed, both appearing engaged in a conversation or shared moment.","man, woman, hospital bed, conversation, sitting, lying, hospital, patients, together"
01423_mask.png,"A man lies unclothed on a bed with his head resting on a pillow, appearing exhausted and relaxed, possibly after physical activity.","man, bed, pillow, naked, resting, exhausted, relaxed"
01436_mask.png,A frog and a bird are sitting together on top of a flower.,"frog, bird, flower, perched, animals, nature"
01439_mask.png,"Two goats are standing on a rocky hillside with scattered stones and sparse vegetation, surrounded by mountainous terrain.","goat, rocky hillside, mountain, stones, vegetation, animal, outdoors"
01452_mask.png,"A mother gorilla gently sits in the grass with her baby nestled close, surrounded by green vegetation.","gorilla, mother, baby, grass, nature, green, wildlife"
01456_mask.png,A black and white photo showing multiple people inside a car.,"black and white, people, car, group, photo"
01459_mask.png,"A woman is sitting on the floor, looking concerned and surrounded by numerous black spiders crawling around her.","woman, sitting, floor, spiders, surrounded, concerned, black, crawling"
01465_mask.png,"A group of people wearing white and red clothing are gathered together, some of them holding flags.","group, people, white clothing, red clothing, flags, gathering"
01467_mask.png,A man is smiling and giving a thumbs up gesture with one of his hands.,"man, thumbs up, gesture, smiling, hand"
01468_mask.png,"A young child is sitting on a toilet in a bathroom, appearing to be in the middle of toilet training or personal hygiene, with standard bathroom fixtures visible around her.","child, toilet, bathroom, personal hygiene, toilet training, fixtures"
01469_mask.png,A man wearing a gas mask is holding a rifle.,"man, gas mask, rifle, weapon, military, armed, mask, firearm"
01472_mask.png,A woman wearing a headdress sits at a table holding a drink in her hand.,"woman, headdress, table, drink, sitting, hand"
01475_mask.png,"The image is a painting depicting a man with long black hair, wearing a crown on his head, suggesting he is a royal or historical figure.","painting, man, long black hair, crown, royal, historical figure"
01476_mask.png,A young girl wearing a red sweater is holding a pair of skis.,"girl, red sweater, skis, young, holding, child, sports"
01483_mask.png,"Several men are seated together, facing the camera in an indoor setting.","men, group, seated, indoor, camera, together"
01487_mask.png,A young girl holds a rectangular sign while standing in front of a plain wall.,"girl, sign, wall, rectangular, holding"
01492_mask.png,"A woman is on a beach near the ocean, wearing a visor to shield herself from the sun.","woman, beach, ocean, visor, sun, outdoor, headwear"
01497_mask.png,"A man is carrying a child in his arms, with both appearing close together in the image.","man, child, arms, carrying, close, together"
01498_mask.png,"A woman with red hair is shown making an exaggerated facial expression, with the background and setting not clearly visible.","woman, red hair, facial expression, funny face, portrait"
01524_mask.png,A person is holding a gun partially concealed inside a pocket.,"person, gun, pocket, concealed, holding"
01526_mask.png,"A woman is near a cash register, interacting with it while handling money and a small bag.","woman, cash register, money, bag, transaction, interaction"
01527_mask.png,"A person is walking down a road, holding their knee as if in pain or discomfort.","person, road, walking, knee, pain, discomfort"
01529_mask.png,"A person is wearing a brightly colored, rainbow-patterned shirt.","rainbow, shirt, colorful, clothing, person, bright, pattern"
01546_mask.png,"A man dressed in a uniform is positioned near the Eiffel Tower, which is clearly visible in the background.","man, uniform, Eiffel Tower, Paris, landmark, outdoors"
01547_mask.png,"A group of people are gathered around a table that has food on it, engaging with each other in a social setting.","group, people, table, food, gathering, social, party"
01548_mask.png,"A woman sits across from a man, resting her hand on her face, while both individuals appear to be engaged in a serious or contemplative conversation at a table.","woman, man, conversation, table, serious, face, sitting, discussion"
01564_mask.png,"A man with blonde hair is looking at the camera and smiling, with a focus on his facial expression and hair color.","man, blonde hair, smiling, camera, facial expression"
01568_mask.png,"A woman wearing a headscarf is positioned in front of a large government building with a dome, resembling the capitol.","woman, headscarf, government building, dome, capitol, politics, architecture"
01569_mask.png,"Two women are in a kitchen, with one holding a knife and the other smiling, possibly preparing a meal together.","kitchen, two women, knife, smiling, meal preparation"
01576_mask.png,The image shows two separate scenes featuring a man in the process of jumping off a cliff.,"man, jumping, cliff, two pictures, outdoor, scene"
01578_mask.png,Several people are gathered and engaging in recreational activities in a body of water.,"people, group, water, recreation, outdoors, activity"
01579_mask.png,"A woman is wearing a scarf with red, white, and blue colors, which may resemble the American flag.","woman, scarf, red, white, blue, American flag, headscarf"
01589_mask.png,"A woman is seated in a chair, holding a microphone close to her face while speaking.","woman, chair, microphone, speaking, seated"
01598_mask.png,A dog is sitting on a black leather chair that is covered with pieces of paper scattered around.,"dog, black leather chair, paper, sitting, indoor, scattered, furniture"
01627_mask.png,"A person is positioned on top of a cross suspended in the sky, with clouds visible in the background.","person, cross, sky, clouds, suspension, elevation"
01634_mask.png,"A man is closely interacting with a sheep, appearing to be engaged in the process of shearing or cleaning its wool.","man, sheep, shearing, wool, processing, interaction, animal, farm, cleaning"
01637_mask.png,"A standard metal stapler is positioned on a plain white background, clearly displayed with no additional objects in the scene.","stapler, metal, stationery, white background, office supply"
01642_mask.png,"A man wearing glasses is smiling directly at the camera, appearing friendly and approachable.","man, glasses, smiling, camera, friendly, approachable"
01643_mask.png,"A man and a young boy are brushing their teeth together, both holding toothbrushes and standing close to each other, likely in a bathroom setting.","man, boy, brushing teeth, toothbrush, bathroom, together, hygiene"
01649_mask.png,"A man dressed in a formal suit and tie, likely posing for a photograph with a serious expression.","man, suit, tie, formal, photograph, serious expression"
01653_mask.png,"A woman is holding a black cat in her arms, and both appear to be indoors with a neutral background.","woman, black cat, arms, indoors, neutral background"
01658_mask.png,The image consists of three separate photographs featuring a woman with brown hair and blue eyes.,"woman, brown hair, blue eyes, three photos, portrait"
01672_mask.png,"A man wearing a blue jacket is holding a gun, possibly preparing for an action, with a focused expression.","man, blue jacket, gun, focused, preparation, action"
01682_mask.png,A person is holding a piece of raw pork on a cutting board.,"person, pork, cutting board, meat, raw"
01694_mask.png,"Several men are gathered near a group of horses, appearing to discuss or consider which horse to select.","men, horses, group, discussion, selection, herd"
01698_mask.png,A woman wearing a pink shirt is next to a Black man with a beard.,"woman, pink shirt, Black man, beard, two people"
01726_mask.png,"A person is lying on a bed with their feet resting on the bed, visible from the perspective above the bed.","person, bed, feet, lying, resting, indoor, perspective"
01734_mask.png,A cartoon illustration shows a man and a woman engaged in conversation.,"cartoon, man, woman, conversation, illustration"
01736_mask.png,"Several coffins are arranged in a row, each draped with an American flag, in a solemn setting.","coffins, American flags, row, solemn, draped, military, ceremony"
01742_mask.png,"A man is sitting at a desk with his hands behind his head, appearing relaxed yet possibly contemplating time or work, with no other people present in the scene.","man, desk, sitting, hands behind head, relaxed, contemplative, indoor, alone, office"
01743_mask.png,"A middle-aged man smiling at the camera, dressed in formal attire, with a neutral indoor background.","man, smiling, middle-aged, formal attire, indoor, camera, portrait"
01746_mask.png,"A young girl is gently holding a smaller child, both showing calm and affectionate expressions.","girl, child, holding, affection, gentle, young, calm, expressions"
01749_mask.png,"A group of people are sitting closely together, appearing to be engaged in conversation.","group, people, sitting, conversation, together"
01756_mask.png,A woman is running quickly on a track with a crowd of spectators in the background.,"woman, running, track, crowd, spectators, speed, athlete"
01763_mask.png,"A person is using a mop to clean a wooden floor, likely preparing to spin the mop as suggested.","person, mop, cleaning, wooden floor, spin, housework"
01765_mask.png,A man dressed in an orange shirt is holding a cellphone in his hand.,"man, orange shirt, cellphone, holding, male, clothing"
01793_mask.png,A black and white photograph showing a person wearing a gas mask.,"black and white, photograph, person, gas mask, old photo"
01794_mask.png,A man with a beard wearing a black shirt is present in the image.,"man, beard, black shirt, male, portrait"
01796_mask.png,"Two women are depicted close together in front of a brick wall, one appearing to kiss the other.","women, brick wall, kiss, close together, front"
01823_mask.png,"The image shows a close-up of an adult man with a beard, facing the camera.","man, beard, close-up, adult, face"
01827_mask.png,"A dog is interacting with a piece of wood on a dirt or earthy surface, appearing to play or engage with the item.","dog, piece of wood, dirt, playing, earthy surface"
01829_mask.png,"A man wearing a black shirt is raising his hands, possibly in surprise or confusion, indoors.","man, black shirt, hands up, indoors, surprise, confusion"
01835_mask.png,"A woman is seated at a dining table, looking at a plate of food in front of her.","woman, table, plate, food, dining, seated, indoor, meal"
01836_mask.png,The image is an old black and white photograph featuring a man dressed formally in a suit.,"black and white, photograph, man, suit, formal, old, vintage"
01842_mask.png,"Two images show a dog with a long, slender body, likely a dachshund mix, looking up toward the camera against a simple background.","dog, dachshund, pet, canine, camera, animal, portrait, slender, long body"
01845_mask.png,"A heavyset woman is sitting in shallow water at the beach, with waves around her and sand visible.","woman, beach, water, waves, sand, sitting, fat, outdoors"
01854_mask.png,An Indian person walking with their dog in front of a building.,"Indian, person, dog, walking, building, outdoor, companion, urban, daytime"
01865_mask.png,"A young woman with long blonde hair is at the beach, with the ocean and sand visible around her. She appears to have light skin and is likely of European descent.","woman, blonde hair, beach, ocean, sand, light skin, European descent, young woman"
01875_mask.png,"Three people are walking together on a sidewalk in an urban setting, each carrying shopping bags in their hands.","three people, sidewalk, urban, shopping bags, walking, group, outdoors"
01892_mask.png,A man who appears to be Barack Obama is in front of the White House.,"Barack Obama, man, White House, president, building"
01894_mask.png,A woman is gazing out of a window with her hand resting thoughtfully on her face.,"woman, window, gazing, thoughtful, hand on face"
01896_mask.png,"A man wearing a suit is present in the foreground, while a cityscape stretches out behind him.","man, suit, cityscape, urban, background, foreground, male, buildings"
01924_mask.png,"A group of young women are holding protest signs and raising their voices toward the camera, appearing to participate in a public demonstration.","women, group, protest, signs, demonstration, shouting, public, activism"
01925_mask.png,A woman is sitting at a table with a cup of coffee in front of her.,"woman, table, coffee, sitting, cup"
01936_mask.png,"The image shows an aerial view of a modern city featuring numerous tall buildings clustered together, with streets and infrastructure visible between them.","aerial view, city, tall buildings, urban, infrastructure, streets, modern, architecture"
01937_mask.png,"Two children are sitting together on the floor, actively playing with wooden blocks.","children, playing, wooden blocks, floor, together, sitting, activity"
01943_mask.png,A black and white photo shows a man holding a microphone while speaking.,"black and white, man, microphone, speaking, photo"
01953_mask.png,The image shows a dinosaur standing on a red carpet.,"dinosaur, red carpet, standing, animal, event"
01954_mask.png,A woman wearing a red dress is positioned near a wall.,"woman, red dress, wall, female, clothing"
01956_mask.png,A crocodile is playing with a red ball.,"crocodile, red ball, animal, play, reptile"
01962_mask.png,"A baby orangutan is sitting on a rock, with a natural background and visible facial features.","baby orangutan, rock, nature, animal, facial features"
01967_mask.png,"A man is outdoors holding an object aloft in a field, with visible flames and smoke present in the scene.","man, field, flames, smoke, outdoors, object, fire"
01972_mask.png,"An orange cat is sitting on the ground, looking towards the viewer.","orange cat, cat, sitting, ground, pet, looking, viewer"
01974_mask.png,A man is examining a map that features a prominent red ball located centrally.,"man, map, red ball, examining, central position"
01975_mask.png,"A young boy gently holds a baby goat while standing on a dirt road in a rural area, with natural surroundings visible.","young boy, baby goat, dirt road, rural, holding, natural surroundings"
02139_mask.png,A woman wearing a white dress poses elegantly in front of a red carpet backdrop.,"woman, white dress, red carpet, elegant, fashion, formal, posing"
02143_mask.png,"A man with a long beard is shown, appearing unkempt, with a serious expression, dressed in plain clothing.","man, long beard, unkempt appearance, serious expression, plain clothing"
02145_mask.png,"An overhead view of a dining table set for a meal, featuring several plates, bowls, and utensils arranged neatly.","overhead view, dining table, plates, bowls, utensils, meal, arranged"
02146_mask.png,Several birds are perched together on a wooden branch against a neutral background.,"birds, perched, wooden branch, group, neutral background"
02153_mask.png,"A green stuffed animal is placed on a red carpet, appearing to sit upright and isolated.","green, stuffed animal, red carpet, upright, isolated"
02156_mask.png,"A woman is seen gently holding a child in her arms, displaying a close and caring bond between them.","woman, child, holding, arms, care, relationship, bond, gentle"
02157_mask.png,A goat is facing the camera and appears to be looking directly at it.,"goat, animal, camera, looking, facing"
02158_mask.png,"A chicken is shown against a plain white background, appearing isolated and clearly visible.","chicken, white background, isolated, animal, bird"
02165_mask.png,"A man wearing a white shirt is holding a phone to his ear, appearing to be engaged in a conversation.","man, white shirt, phone, conversation, talking"
02168_mask.png,"A man wearing a black shirt is holding a microphone, appearing to speak or address an audience.","man, black shirt, microphone, speaking, addressing, audience"
02169_mask.png,"An Asian woman is covering her forehead above her eyes with one hand, possibly to block light or see more clearly.","Asian woman, forehead, hand, eyes, see clearly, blocking light"
02185_mask.png,"A woman dressed in black and pink is riding a purple horse, outdoors, with the horse in motion.","woman, black, pink, purple horse, riding, outdoors, motion"
02194_mask.png,"A man is walking along a street while carefully holding a small, healthy baby goat in his arms.","man, street, baby goat, walking, holding, healthy animal"
02315_mask.png,"A man dressed formally in a suit and tie is positioned in front of several flags, suggesting an official or formal setting.","man, suit, tie, flags, formal, official, setting"
02316_mask.png,A man wearing a black shirt and blue jeans is making a thumbs-up gesture.,"man, black shirt, blue jeans, thumbs-up, gesture"
02317_mask.png,"A man is on a stage, raising both hands, with a projection or display behind him containing bold, profane, and politically charged text.","man, stage, hands raised, political, profanity, projection, text, expression"
02351_mask.png,"A yellow sign is attached to a pole, standing against a clear blue sky background.","yellow sign, pole, blue sky, outdoor, signage"
02356_mask.png,"Several men are gathered outside near a building, appearing to interact or converse with one another.","men, group, building, outside, gathered, interaction, conversation"
02358_mask.png,"A doll with a smiling face is prominently displayed in the image, appearing cheerful as it faces the camera.","doll, smiling, face, camera, cheerful, displayed"
02364_mask.png,"A man wearing a kippah sits in his shop, which has a wall covered with photographs or pictures.","man, kippah, shop, wall, photographs, pictures, Jewish, Tehran"
02365_mask.png,"A man wearing sunglasses is holding two pistols, with both guns clearly visible in his hands.","man, sunglasses, two pistols, guns, holding"
02367_mask.png,"A person is positioned near a red Dodge truck, visible from the front.","person, red truck, Dodge, vehicle front, automobile"
02371_mask.png,"Two people are seated at a table, each positioned in front of a microphone, possibly engaged in a conversation or interview.","people, table, microphone, seated, conversation, interview, two, indoors"
02374_mask.png,"A man is sitting on a red chair, holding a cigarette in his mouth, appearing relaxed.","man, red chair, cigarette, sitting, relaxed"
02381_mask.png,"A young boy with a shaved head is looking directly at the camera, with visible dental braces on his teeth.","boy, shaved head, braces, teeth, looking at camera, portrait, youth"
02384_mask.png,A woman is standing next to a purple sports car in an outdoor setting.,"woman, purple, sports car, outdoor, standing, vehicle, car, person"
02385_mask.png,"A man is riding a motorcycle, and a dog is sitting comfortably in a basket attached to the motorcycle.","man, motorcycle, dog, basket, riding, transportation, animal, human-animal interaction"
02389_mask.png,"Two women are present at a podium, engaged in conversation with each other, while other people are nearby.","women, podium, conversation, people, event, audience"
02413_mask.png,"The image shows a close-up of a woman's face displaying visible bruises, with a serious expression.","woman, face, bruises, close-up, serious expression, injury, female, violence"
02416_mask.png,"Two people are seated on the ground near a pond, appearing to be engaged in a casual conversation in an outdoor setting.","two people, seated, ground, pond, outdoors, conversation"
02431_mask.png,"A man and a woman are together in a kitchen, engaged in preparing food, with various kitchen utensils and ingredients visible around them.","man, woman, kitchen, food preparation, cooking, utensils, ingredients"
02435_mask.png,A young boy is playing with a small spinning toy on a playground.,"boy, spinning toy, playground, child, outdoors, toy, play"
02439_mask.png,"A woman wearing a superhero costume is sitting on a bus seat, surrounded by other passengers.","woman, superhero costume, bus, sitting, passengers"
02456_mask.png,"A man dressed in a military uniform is holding a rifle, with a serious expression on his face.","man, military uniform, rifle, soldier, serious expression, weapon, army, military, male"
02457_mask.png,"A person dressed in a white outfit is holding up one hand, possibly offering something or gesturing, with their face partially visible.","person, white costume, hand up, gesture, offering, partially visible face"
02459_mask.png,"A woman is washing her hands at a kitchen sink, with a dishwasher visible nearby.","woman, kitchen, sink, washing hands, dishwasher, appliance, interior"
02461_mask.png,A man dressed in a suit and tie is holding an American flag.,"man, suit, tie, American flag, holding, formal attire"
02467_mask.png,"A man is on a stage facing an audience, likely presenting or discussing a topic related to the cost of a hologram.","man, stage, audience, presentation, hologram, cost, discussion"
02471_mask.png,"A young girl sits on a chair beside a large gorilla, both positioned next to each other, with the gorilla exhibiting a calm demeanor.","girl, chair, gorilla, sitting, calm, large, next to, young"
02475_mask.png,"Several children and a dog are present together in what appears to be a library setting, surrounded by bookshelves and reading materials.","children, dog, library, bookshelves, reading, group, indoor, therapy animal"
02476_mask.png,A woman is walking through a field while carrying a basket.,"woman, field, walking, basket, outdoors"
02478_mask.png,Two men in formal attire are greeting each other in a professional setting.,"two men, formal attire, greeting, professional setting, handshake"
02481_mask.png,A dog is depicted with a firearm inside its mouth.,"dog, firearm, mouth, animal, violence, danger, weapon"
02483_mask.png,A large container ship is floating on the open ocean under clear skies.,"container ship, ocean, ship, open sea, clear skies"
02485_mask.png,A man wearing a black shirt and a blue jacket is present in the image.,"man, black shirt, blue jacket, male, clothing, person, outfit"
02497_mask.png,"A man wearing a black leather jacket and a hat is present in the image, appearing to embody a rebellious or unconventional persona.","man, black leather jacket, hat, rebellious, unconventional, portrait"
02514_mask.png,"A spacious and modern kitchen area featuring ample countertop space, with a clean and organized appearance.","kitchen, counter space, modern, spacious, clean, organized"
02518_mask.png,A woman is holding a small dog closely in her arms.,"woman, small dog, holding, arms, close interaction"
02519_mask.png,A man wearing a suit and hat is facing the camera and pointing his finger towards it.,"man, suit, hat, pointing, camera, finger, facing, clothing"
02536_mask.png,"A cross is lying in the grass near a parked car, symbolizing a memorial or warning.","cross, grass, car, memorial, warning"
02537_mask.png,"A man dressed formally in a suit and tie stands beside a boat, appearing serious.","man, suit, tie, boat, formal, serious"
02538_mask.png,"A woman wearing underwear is running through a room, with a playful or energetic demeanor.","woman, underwear, room, running, playful, indoors"
02543_mask.png,A woman with red hair and a man with black hair are present together in the image.,"woman, red hair, man, black hair, together"
02548_mask.png,"A small bird is sitting on a tree branch, facing toward the camera.","bird, tree branch, small, perched, facing camera"
02561_mask.png,"A young boy is positioned in front of an American flag, facing the camera with a neutral expression.","boy, American flag, child, portrait, flag background"
02568_mask.png,"A man is pointing at the camera and holding his fingers up in the air, making a gesture.","man, pointing, camera, fingers, gesture"
02571_mask.png,"A woman dressed in black and a man in a suit are together, possibly participating in a formal or professional event.","woman, black dress, man, suit, formal, interview, professional, together"
02576_mask.png,"A close-up view of a yellow snake with its mouth open, positioned on a branch, revealing the details inside its mouth.","yellow snake, mouth open, branch, close-up, snake, detailed view"
02581_mask.png,"A woman wearing shorts is holding a gun and directly facing the camera, with a tense and serious expression.","woman, shorts, gun, camera, serious expression, tense, holding"
02584_mask.png,"An illustration depicts a Jewish man sitting on a bench, visibly holding a menorah in his hands, suggesting a focus on Jewish cultural or religious symbolism.","Jewish man, bench, menorah, illustration, cultural symbolism"
02594_mask.png,A goat is standing close to a cell phone placed on a flat surface.,"goat, cell phone, standing, flat surface, animal"
02613_mask.png,"Two people are lying on a red couch in a living room, appearing exhausted after an intimate encounter.","two people, red couch, living room, lying down, exhausted, intimate encounter"
02614_mask.png,A Black man and a White man are sitting together in the back seat of a car.,"Black man, White man, car, back seat, sitting, interracial, two people"
02631_mask.png,A woman with long hair is shown with her hair being blown by the wind.,"woman, long hair, wind, hair blowing, outdoors"
02634_mask.png,"A young girl is lying on the grass in a park, appearing relaxed amidst a natural outdoor setting.","girl, grass, park, lying, outdoors, nature, relaxed"
02647_mask.png,"A man dressed in a suit and tie is present in front of a group of people, suggesting a formal or public setting.","man, suit, tie, crowd, group, formal, public, people"
02649_mask.png,"A baby is peacefully sleeping on a soft purple blanket, surrounded by straw in a woven basket.","baby, sleeping, purple blanket, basket, straw, peaceful, soft, woven"
02653_mask.png,"A snow-covered street runs parallel to a body of water, with buildings visible along the shoreline in a cold, winter setting.","snow, street, body of water, buildings, shoreline, winter, cold, urban, architecture"
02654_mask.png,A woman in a green dress is holding a microphone.,"woman, green dress, microphone, holding, female, clothing, event"
02657_mask.png,"A woman is sitting inside a shopping cart, possibly in a store setting.","woman, shopping cart, store, sitting, indoor, shopping, cart"
02674_mask.png,"An Asian woman is seated on a chair placed next to a car, outdoors, during the day.","Asian woman, chair, car, outdoors, daytime"
02687_mask.png,A single sock is hanging from a doorknob attached to a wooden door.,"sock, doorknob, door, wooden, hanging"
02691_mask.png,"A man wearing a striped shirt is present near a field, appearing to demonstrate or interact with others, possibly engaging in an educational outdoor activity.","man, striped shirt, field, outdoor, demonstration, education, group, teaching"
02716_mask.png,"A man wearing a white shirt is depicted with his hands together in a prayerful gesture, looking peaceful and contemplative.","man, white shirt, praying, hands together, peaceful, contemplative, gesture"
02718_mask.png,"A young boy is lying unconscious on the kitchen floor, next to kitchen appliances and cabinets, with subdued lighting.","boy, kitchen, floor, unconscious, child, appliances, cabinets, interior, home, lying"
02719_mask.png,"A close-up image of a gorilla with its mouth open, displaying a strong facial expression.","gorilla, close-up, mouth open, facial expression, animal"
02735_mask.png,"The image shows the word 'anxiety' written in large letters on a plain white background, with each letter possibly representing a different mental disorder.","anxiety, letters, mental disorders, white background, word"
02751_mask.png,The image shows a wintry landscape with snow-covered trees surrounding a partially frozen pond.,"snow, trees, pond, winter, landscape, frozen, nature"
02761_mask.png,"A man with his mouth open is looking upward, showing an expressive facial reaction.","man, mouth open, looking up, facial expression, emotion"
02763_mask.png,A group of individuals is holding American flags.,"group, individuals, American flags, people, flag holding"
02764_mask.png,"A person is holding a piece of paper near the entrance of a white building, with focus on the interaction and the document.","person, paper, white building, entrance, document, outdoors"
02768_mask.png,A man is sitting on a concrete bench outdoors with a snowboard placed next to him.,"man, concrete bench, snowboard, outdoors, sitting"
02769_mask.png,A poster features a man wearing a hat and holding a donut wrapped in bacon.,"poster, man, hat, donut, bacon, food, holding, wrapping"
02783_mask.png,"The image shows several old-fashioned tractors grouped together outdoors, surrounded by natural vegetation.","tractors, outdoors, vintage, group, vegetation, old-fashioned"
02789_mask.png,"A man wearing a pink shirt is holding a cell phone, looking alert and attentive.","man, pink shirt, cell phone, alert, attentive, person, male, technology"
02793_mask.png,"A man is sitting in a small boat floating on the water, with a calm water surface visible around him.","man, boat, sitting, water, calm, floating"
02795_mask.png,"A man and a woman are shaking hands in a classroom setting, with other people present, likely as part of an official ceremony.","man, woman, shaking hands, classroom, ceremony, people, official"
02814_mask.png,A woman wearing a white shirt and glasses is holding a piece of paper and appears to be looking forward.,"woman, white shirt, glasses, piece of paper, holding, looking forward"
02815_mask.png,"A white plate holds a cooked egg that has been broken in half, with the egg white and yolk visibly separated.","egg, plate, yolk, white, broken, separated, food, cooked"
02816_mask.png,"A young girl is in a swimming pool, partially submerged in water, with a flower held in her mouth, appearing to be in distress.","girl, swimming pool, flower, water, distress, submerged, young girl"
02831_mask.png,"A group of people are gathered on a boat floating on the ocean, with the water stretching into the distance under a clear sky.","boat, ocean, group of people, water, sky"
02841_mask.png,A man dressed in a suit and tie is positioned in front of a large poster.,"man, suit, tie, poster, formal, male, portrait"
02845_mask.png,"A monkey is sitting on a wooden log and is holding a piece of food, appearing to eat it.","monkey, log, food, sitting, eating, animal, wildlife"
02846_mask.png,"An aerial photograph shows a cityscape taken from above, capturing buildings, streets, and various urban features in clear detail.","aerial view, cityscape, urban, buildings, streets, photograph, above, helicopter, architecture"
02849_mask.png,"A person wearing a white shirt is singing into a microphone, likely performing music.","person, white shirt, microphone, singing, music, performance"
02853_mask.png,"A man wearing a white shirt is positioned in front of an urban cityscape, with modern buildings visible in the background.","man, white shirt, cityscape, urban, buildings, background"
02854_mask.png,The image shows a bearded man wearing a checkered shirt.,"man, beard, checkered shirt, male, person"
02857_mask.png,A man with a beard and glasses is positioned in front of a pink background.,"man, beard, glasses, pink background, portrait"
02863_mask.png,"Two men are positioned side by side, both of whom appear to be white.","two men, side by side, white men, pair, male, portrait"
02867_mask.png,"A man is positioned in front of a plain white wall, possibly in an indoor setting.","man, white wall, indoor, plain background, adult"
02876_mask.png,A young boy is drinking a beverage from a plastic cup outdoors.,"boy, child, drinking, plastic cup, beverage, outdoors"
02891_mask.png,"A woman is wearing a green headscarf, and in the scene there appears to be a blow-up doll present.","woman, green headscarf, blow-up doll, scene, present"
02894_mask.png,A bearded man facing the camera with a neutral expression.,"man, beard, camera, neutral expression, facing forward"
02914_mask.png,"A young boy is swimming in a sunlit outdoor pool, surrounded by clear blue water.","boy, swimming, pool, sunlight, outdoor, water, summer"
02917_mask.png,Several soldiers are walking together through an open doorway in what appears to be a structured or built environment.,"soldiers, group, doorway, walking, structured environment"
02918_mask.png,"A man in a green jacket, surrounded by a group of people, is holding a gun in his hand.","man, green jacket, gun, group, people, surrounded, followers"
02935_mask.png,"A man with a surprised expression on his face, looking directly at the camera.","man, surprised, expression, face, camera, direct, portrait"
02943_mask.png,"Two people are sitting together at the top of a hill, with a clear view of the surroundings.","two people, hill, sitting, outdoors, scenery"
02945_mask.png,"A black and white photograph features a man sitting on the ground, appearing exhausted or weary, with minimal background details.","black and white, man, sitting, ground, weary, exhausted, photograph"
02946_mask.png,"A doll is dressed in a white shirt, with a face that resembles human features, depicted in a straightforward manner.","doll, white shirt, human-like face, toy, clothing"
02947_mask.png,Several people are gathered together near a group of sheep in an open outdoor area.,"people, sheep, group, outdoors, gathered, herd, animals"
02951_mask.png,"A man is sitting on the ground in front of several guns, with smoke filling the area, suggesting a scene of unrest or conflict.","man, sitting, guns, smoke, ground, conflict, unrest"
02956_mask.png,"A baby is lying on a bed next to a large white pillow, appearing calm and relaxed.","baby, bed, pillow, lying, calm, relaxed, white, indoors"
02958_mask.png,A man with a beard is wearing a sweater.,"man, beard, sweater, person, facial hair"
02965_mask.png,A woman with red hair and crossed eyes is looking forward.,"woman, red hair, crossed eyes, portrait, female, face"
02967_mask.png,"A man dressed formally, wearing a blue tie, is present in the image.","man, blue tie, formal attire, male, clothing"
02971_mask.png,A man is wearing a white jacket.,"man, white jacket, clothing, male, outerwear"
02973_mask.png,"A dog is shown with its tongue hanging out of its mouth, wearing a collar attached to a chain.","dog, tongue, collar, chain, pet, animal"
02974_mask.png,"A close-up image shows a pair of hands with a bright, glowing yellow flame resting above them.","hands, flame, yellow, glowing, close-up"
02975_mask.png,"A bowl containing salsa sauce is placed next to a pile of crispy tortilla chips, likely served together as an appetizer.","salsa, tortilla chips, bowl, appetizer, crispy, sauce, snack"
02983_mask.png,"A man in a blue shirt is facing the camera, with a large Big Mac burger in front of him that appears to have no onions.","man, blue shirt, camera, Big Mac, burger, no onions, food, large"
02984_mask.png,"Two children, one black and one white, are together in a classroom setting and looking at each other.","children, classroom, black child, white child, together, looking, diversity"
02987_mask.png,"A man dressed in a suit and tie is speaking into a microphone, likely addressing an audience in a formal setting.","man, suit, tie, microphone, speaking, formal, audience, address"
03124_mask.png,"A man is seated at a table, focusing on repairing a calculator, with a mobile phone placed nearby.","man, table, calculator, repair, seated, mobile phone, focus"
03128_mask.png,A young girl is in front of a simple hut in a rural setting on a quiet day.,"young girl, hut, rural, quiet, simple, outdoors"
03145_mask.png,"The image shows a colorful circular shape set against a white background, featuring gradients of pink, blue, and green.","colorful, circle, gradient, pink, blue, green, white background, abstract, shape"
03146_mask.png,"A black and white photograph featuring a man seated in a wheelchair, with a neutral background and a somber atmosphere.","black and white, man, wheelchair, photograph, somber, seated"
03148_mask.png,"A young girl is visible in a dimly lit environment, with her mouth open, suggesting surprise or speech.","girl, dim light, mouth open, young, dark environment"
03162_mask.png,"A man sitting at a table and talking on a cell phone, appearing to be engaged in a conversation.","man, cell phone, sitting, table, conversation, indoor, talking"
03164_mask.png,"A woman is looking at herself in the mirror, possibly preparing for an event or occasion.","woman, mirror, reflection, preparation, event, self-view, occasion"
03172_mask.png,A plastic object is partially buried in the sandy ground.,"plastic, sand, object, ground, buried"
03178_mask.png,A woman wearing a black jacket over a green shirt is present in the image.,"woman, black jacket, green shirt, person, clothing"
03185_mask.png,"A woman is sitting on the ground near the entrance of a simple hut made from natural materials, in what appears to be a rural or village setting.","woman, hut, sitting, ground, rural, village, natural materials, entrance, outdoors"
03186_mask.png,"A black and white photograph features a man with a mustache, dressed in formal attire, his facial expression serious and somber.","black and white, man, mustache, photograph, formal attire, serious expression, somber, historical, portrait"
03187_mask.png,A man wearing a costume resembling Loki from the Marvel universe is present at a comic convention event.,"man, Loki, costume, comic convention, Marvel, cosplay, event"
03189_mask.png,"Two people are sitting at a table, holding hands with their fingers intertwined.","two people, holding hands, table, sitting, intertwined fingers"
03197_mask.png,"A group of five young birds are gathered closely together, positioned on a mound-like surface.","birds, group, young, pile, five, gathered, animals, nature"
03214_mask.png,"A man is positioned behind a podium, speaking into a microphone, appearing to address an audience in a formal or public setting.","man, podium, microphone, speaking, audience, formal, public, address, indoors"
03217_mask.png,"A single yellow flower is placed on a white rectangular surface, viewed from above against a simple background.","yellow flower, white board, rectangular surface, simple background, single flower"
03241_mask.png,"Two men are present, one wearing a black shirt and the other wearing a red and white shirt, standing or sitting near each other with neutral expressions.","two men, black shirt, red and white shirt, neutral expressions, together, people, clothing"
03246_mask.png,"The image shows a close-up view of a person dressed in formal attire, including a suit jacket and tie.","close-up, person, suit, tie, formal attire"
03248_mask.png,A man dressed in a suit and tie is eating a hot dog.,"man, suit, tie, hot dog, eating"
03251_mask.png,"Two women are wrapped together in a rainbow-colored blanket, closely positioned to each other, with the rainbow colors symbolizing LGBTQ+ pride.","women, rainbow blanket, LGBTQ+, together, symbolism"
03254_mask.png,"A man dressed in a suit and tie is holding his hands up to his face, appearing to whisper or speak quietly.","man, suit, tie, hands, face, whisper, speaking, clothing, gesture"
03256_mask.png,A man dressed in a formal suit and tie is holding a red tie in his hand.,"man, suit, formal, red tie, holding, clothing, male, business"
03257_mask.png,"A woman wearing a white dress paired with black boots is present, with no additional visible accessories or background details provided.","woman, white dress, black boots, fashion, clothing, female, outfit"
03258_mask.png,"A man is positioned in front of a brick wall, appearing to be a refugee seeking assistance.","man, brick wall, refugee, assistance, urban"
03267_mask.png,A young woman wearing a blue and white shirt and a red bandana is looking relaxed and content.,"young woman, blue shirt, white shirt, red bandana, relaxed, content"
03268_mask.png,"A young girl and a woman are inside a barn together, near a goat that appears to have a medical issue.","girl, woman, barn, goat, medical issue, animal, indoors"
03271_mask.png,A bearded man wearing a white shirt is pointing directly at the camera with a serious expression.,"man, beard, white shirt, pointing, camera, serious expression"
03275_mask.png,"A man is repairing a car in a garage, surrounded by various automotive tools and equipment.","man, car, garage, repair, automotive tools, workshop, mechanic"
03276_mask.png,"A cat is lying on a purple pillow, appearing relaxed and comfortable.","cat, purple pillow, relaxed, lying, comfortable"
03279_mask.png,"A woman is seated at a table, holding a pen in her hand, appearing to be in the middle of a conversation.","woman, table, pen, conversation, seated"
03281_mask.png,"A mountain goat is sitting on a large rock in a natural outdoor setting, surrounded by rugged terrain.","mountain goat, rock, outdoors, rugged terrain, nature"
03285_mask.png,"A man with a mohawk hairstyle is positioned in front of a blue wall, displaying a neutral expression.","man, mohawk, blue wall, neutral expression, hairstyle"
03289_mask.png,"A man is sitting on the ground with his hands resting on his knees, facing forward in a casual posture.","man, sitting, ground, hands on knees, casual posture"
03291_mask.png,A woman is depicted with the British flag prominently displayed in the background.,"woman, British flag, background, portrait, UK"
03296_mask.png,Multiple women with red lipstick are gathered together and looking at the camera.,"women, group, red lipstick, gathered, camera, together"
03298_mask.png,"A woman is sitting in a wheelchair, holding a cat on her lap, in what appears to be an indoor setting.","woman, wheelchair, cat, indoor, sitting, lap, holding"
03418_mask.png,"Two men are interacting and laughing together, appearing to share a light-hearted moment, with their attention focused on each other.","men, laughing, interaction, together, focus, light-hearted"
03421_mask.png,"A man dressed in a formal uniform is holding a sword, positioned in front of several flags.","man, uniform, sword, flags, formal, holding, front, BLIP"
03429_mask.png,"An old barn stands isolated in the center of an open field, with no other structures or people nearby.","barn, field, isolation, old, building, outdoors"
03468_mask.png,A man is inspecting or working on a dishwasher in a kitchen environment.,"man, dishwasher, kitchen, inspecting, repair, appliance, indoors"
03472_mask.png,"An iguana is shown in a hospital bed beside a woman, with some pet accessories such as a food dish, toys, and a screen lid visible nearby.","iguana, hospital bed, woman, food dish, toys, screen lid, pet, accessories"
03479_mask.png,"A young boy is outdoors, using water to wet soil in a garden area, with visible splashes and a natural setting surrounding him.","boy, garden, water, soil, splash, outdoors, nature"
03482_mask.png,"A police officer is positioned near a marked patrol car in an outdoor setting, dressed in standard uniform and engaged in professional duties.","police officer, patrol car, uniform, outdoor, professional duty"
03495_mask.png,A man dressed in a suit and tie is visible.,"man, suit, tie, formal, male, clothing"
03519_mask.png,"The image shows a pig in a fenced enclosure, with the animal's head and face clearly visible in a close-up shot.","pig, pen, enclosure, close-up, animal, fence"
03524_mask.png,"A group of people are gathered and sitting together along the edge of a paved road, outdoors, possibly waiting or resting.","people, group, roadside, sitting, outdoors, crowd"
03528_mask.png,"A black and white dog with its tongue hanging out, featuring a distinctive color split on its fur.","dog, black and white, fur, tongue out, color split, animal, pet"
03547_mask.png,"A black and white photo shows a group of people who appear to have dwarfism, gathered together, each holding a hammer.","black and white, group, people with dwarfism, hammers, gathered"
03567_mask.png,A man wearing a blue shirt is smiling directly at the camera in a well-lit setting.,"man, blue shirt, smiling, camera, well-lit"
03568_mask.png,A man dressed in a formal suit and tie is holding a rifle.,"man, suit, tie, rifle, formal, weapon, holding, male"
03574_mask.png,A person is standing on a grassy field near a baby goat and its mother.,"person, baby goat, mother goat, grassy field, outdoors"
03591_mask.png,A woman with glasses and a plaid shirt is visible in the image.,"woman, glasses, plaid shirt, female, apparel"
03615_mask.png,"A wooden door stands ajar in a dimly lit room, with bright light streaming through the opening and illuminating part of the floor.","wooden door, ajar, light, opening, dimly lit room, bright, floor, interior"
03624_mask.png,"A traditional Muslim man with a long beard, wearing modest attire.","Muslim, man, beard, traditional, modest attire"
03629_mask.png,"A small dog is lying down on a plain white surface, appearing calm and relaxed.","dog, small, lying down, white surface, calm, relaxed"
03642_mask.png,A man is positioned beside a white goat on a bridge outdoors.,"man, goat, white, bridge, outdoors"
03659_mask.png,"A woman wearing a white shirt is posing with her hand raised, forming a peace sign gesture.","woman, white shirt, peace sign, hand gesture, posing"
03675_mask.png,A woman is leaning toward a front-loading washing machine while placing clothes inside it.,"woman, washing machine, laundry, clothes, front-loading, indoor, housework"
03678_mask.png,A woman wearing a graduation gown is positioned in front of a microphone.,"woman, graduation gown, microphone, academic attire, ceremony, graduation"
03681_mask.png,"Several men are seated close together, wearing traditional clothing, suggesting a formal or cultural gathering.","men, sitting, traditional clothing, group, gathering, culture"
03685_mask.png,"Two soldiers are walking together along a path in a barren desert landscape, wearing military uniforms and carrying equipment.","soldiers, desert, path, military uniforms, equipment, walking, barren landscape"
03691_mask.png,"Several people are seated together around a table, likely engaged in a group activity or discussion.","group, people, table, seated, gathering, discussion"
03715_mask.png,"A white washing machine is shown with its door open, revealing the empty interior drum.","washing machine, white, open door, appliance, empty drum"
03718_mask.png,A man wearing a blue shirt is positioned in front of a large group of sheep.,"man, blue shirt, sheep, herd, outdoors, livestock"
03728_mask.png,"A black and white photo shows a man holding a newspaper, with a focused expression, dressed in period clothing suggestive of the early to mid 20th century.","black and white, man, newspaper, period clothing, 20th century, photo"
03745_mask.png,"A woman is at a desk with an open laptop and a printed receipt displaying amounts and a discount, possibly indicating a payment or checkout scenario.","woman, desk, laptop, receipt, payment, checkout, discount, total amount"
03751_mask.png,A young girl is holding a remote control and watching a television.,"girl, remote control, television, watching, young"
03756_mask.png,"A man wearing a green scarf is seated in the back of a truck, with the interior of the vehicle partially visible around him.","man, green scarf, truck, seated, vehicle interior"
03759_mask.png,The image shows a collage featuring multiple images of Hillary Clinton's face.,"collage, Hillary Clinton, face, multiple images, portrait"
03764_mask.png,"A bearded man is in front of a plain wall, wearing casual clothes, with no visible background details.","man, beard, wall, casual clothes, no background, male, adult"
03765_mask.png,"A young man with red hair is sitting on the floor near what appears to be a public area, possibly beside a storefront or street corner.","young man, red hair, sitting, floor, public area, storefront, street corner"
03789_mask.png,"A vintage black and white photograph features a man with a mustache, dressed in period-appropriate attire and captured in a classic portrait style.","man, mustache, black and white, vintage, photograph, portrait, old, attire"
03794_mask.png,A person is holding a sign displaying a cross along with a provocative message written in English.,"person, sign, cross, message, English, provocative, holding, protest, illustration"
03795_mask.png,"A central photo features a person resembling Donald, presented with a neutral background.","Donald, photo, central, person, image, neutral background"
03798_mask.png,"A man and a woman are sitting next to each other on a bus, both looking out of the window.","man, woman, bus, sitting, window, together"
03841_mask.png,"A young boy is seen outdoors surrounded by tall grass, looking thoughtful.","boy, outdoors, tall grass, child, natural setting"
03845_mask.png,"A man wearing a suit and tie is speaking into a microphone, appearing to address an audience.","man, suit, tie, microphone, speaking, audience, formal, public speaking"
03847_mask.png,The image shows two pictures featuring a man wearing a white turban and a group of sheep gathered together.,"man, white turban, sheep, group, pictures, herd, traditional clothing"
03849_mask.png,"A silver GMC truck is showcased indoors, likely at an automotive exhibition, with bright lighting emphasizing its clean and polished exterior.","GMC, silver truck, automotive exhibition, showcase, indoor, polished exterior, display, vehicle"
03854_mask.png,"A black and white photo showing a man with a mustache looking directly at the camera, dressed in formal attire.","black and white, man, mustache, portrait, formal attire"
03861_mask.png,"A man with blonde hair wearing a green shirt, appearing pensive or contemplative.","man, blonde hair, green shirt, pensive, contemplative"
03864_mask.png,"A man wearing a white shirt and tie is visible against a neutral background, with his facial expression appearing exaggerated or humorous.","man, white shirt, tie, funny face, exaggerated expression, neutral background"
03865_mask.png,"A man is sitting in an inflatable pool outdoors, with a gorilla visible in the background, suggesting a contrast between human leisure and nature.","man, inflatable pool, gorilla, outdoors, background, relaxation, evolution, contrast"
03869_mask.png,"A group of monkeys are gathered closely together on a wooden bench, appearing to interact with each other.","monkeys, group, wooden bench, gathered, interaction"
03871_mask.png,"A man wearing a suit and tie is sitting on the floor, appearing formal and composed.","man, suit, tie, sitting, floor, formal, composed"
03874_mask.png,A woman wearing a pink dress is positioned in front of a white wall.,"woman, pink dress, white wall, indoor, female, clothing"
03875_mask.png,"Two dogs are positioned close to one another indoors, appearing alert and attentive.","dogs, indoors, two, alert, close together, pets"
03896_mask.png,"A black and white photograph features a man with a mustache, wearing attire that suggests it is a historical portrait.","black and white, man, mustache, portrait, historical, photograph"
03917_mask.png,"A man wearing a cowboy hat holds a microphone, appearing to speak, with a serious expression on his face.","man, cowboy hat, microphone, speaking, serious expression"
03924_mask.png,A man is wearing a white shirt that features a large red cross symbol on the front.,"man, white shirt, red cross, clothing, symbol"
03927_mask.png,"Several goats are standing together near a structure, possibly on a patch of ground adjacent to the building.","goats, group, building, structure, ground, together"
03942_mask.png,A man is sitting on a chair and looking at his phone in a relaxed manner.,"man, chair, phone, sitting, relaxed, looking"
03947_mask.png,A black leather office chair with a white and black cow print cushion on its seat is placed against a plain background.,"black leather office chair, cow print seat, cushion, white and black, plain background"
03957_mask.png,"A dart is shown accurately striking the center of a circular dartboard, highlighting precision in the throw.","dart, dartboard, center, precision, target, throw, circular, game"
03962_mask.png,A young boy is holding a glass and drinking water from it.,"boy, glass, drinking, water, young"
03968_mask.png,"A man and a woman, who appear to be of different racial backgrounds, are shown affectionately kissing while holding a baby together.","interracial couple, man, woman, baby, affection, kissing, family, diversity"
03971_mask.png,A woman is holding a baby who is wearing a party hat.,"woman, baby, party hat, holding, child, female, mother, celebration"
03976_mask.png,"The image shows a large group of people gathered together, likely in a public space, with no clear indication of their specific activities or context.","group, people, gathering, crowd, public space"
03981_mask.png,"A man is using a cell phone outdoors, with trees visible in the background.","man, cell phone, outdoors, trees, background"
03984_mask.png,A man is in an open field while holding a rifle.,"man, field, rifle, outdoors, holding, open space"
03987_mask.png,"A man dressed in a sailor outfit is taking a photo of himself, with a neutral background.","man, sailor outfit, selfie, solo, photography, neutral background"
04125_mask.png,"A man and a woman are sitting together in a movie theater, sharing popcorn during a film.","man, woman, popcorn, movie theater, sitting, film, together"
04126_mask.png,A man is walking on a ladder suspended in mid-air above a backdrop of clouds.,"man, ladder, walking, clouds, suspended, sky, mid-air"
04127_mask.png,"A group of young people are gathered around a table tennis table, engaging in a game together indoors.","young people, group, table tennis, game, indoors"
04132_mask.png,"A man and a young girl are together inside a colorful bounce house, with the man holding the girl closely.","man, girl, bounce house, colorful, holding, together"
04135_mask.png,A young boy and a monkey dressed in human clothing are sitting together at a table.,"boy, monkey, human clothing, table, sitting, companionship, costume"
04138_mask.png,"A dog is wearing red glasses on its face, with the glasses prominently displayed.","dog, red glasses, accessory, face, animal"
04152_mask.png,"A black and white photo depicting a group of people lying on the ground, with several individuals close together, suggesting a somber and possibly tragic scene.","black and white, people, lying on the ground, group, somber, tragic, photo, crowd"
04153_mask.png,"A pair of shoes is placed directly on a flat ground surface, viewed from above in a simple and neutral setting.","shoes, pair, ground, flat surface, overhead view"
04156_mask.png,"A man wearing a tuxedo with a black tie and a white shirt is shown, possibly displaying a quirky or memorable reaction.","man, tuxedo, black tie, white shirt, reaction, formal wear"
04157_mask.png,A man is placing dishes into a dishwasher in a kitchen environment.,"man, dishes, dishwasher, kitchen, cleaning, appliance"
04162_mask.png,"A man is sitting in a chair, wearing a camera around his neck, appearing thoughtful.","man, chair, camera, neck, sitting, thoughtful"
04163_mask.png,Two men are present together in the scene.,"two men, men, together, scene, pair"
04175_mask.png,"A man wearing a dress shirt and tie is posing with a gesture that appears positive, such as a thumbs up.","man, dress shirt, tie, gesture, thumbs up, posing"
04183_mask.png,"A woman is holding a sign that reads 'fat power,' expressing a message of advocacy and empowerment.","woman, sign, fat power, advocacy, empowerment"
04185_mask.png,"A small black and white goat is present, wearing a diaper.","goat, black and white, small, diaper, animal"
04187_mask.png,"Several individuals are dancing together on a wooden floor, possibly as part of a group activity or celebration.","group, people, dancing, wooden floor, celebration, activity"
04217_mask.png,"A man and a woman wearing headphones are facing each other, both appearing engaged and happy, with Coca-Cola branding visible in the background.","man, woman, headphones, Coca-Cola, branding, engaged, happy, background"
04239_mask.png,"An illustration of a mouse, holding and eating a piece of cheese, with an exaggerated facial expression that suggests it is trying to appear innocent or inconspicuous.","mouse, cheese, illustration, innocent expression, cartoon, eating, animal, humor"
04253_mask.png,"The image depicts a historical black and white photograph showing a large group of soldiers gathered together, suggesting a significant military event or moment captured from the past.","black and white, soldiers, historical, military, group photo, photograph, large group"
04256_mask.png,The image shows a wrecked car on the street with visible damage.,"car, wrecked, street, damage, vehicle"
04257_mask.png,"A man dressed in a formal suit is sitting alone on a plain couch in a simply furnished indoor setting, with a contemplative or somber expression on his face.","man, suit, couch, indoors, sitting, somber, contemplative, alone"
04263_mask.png,A bearded man wearing a black hat is pictured against a plain background.,"man, beard, black hat, plain background, portrait"
04265_mask.png,"The image depicts several individuals working together in a cotton field, harvesting cotton by hand under daylight.","cotton, field, harvesting, people, daylight, farming, agriculture"
04267_mask.png,A man wearing a shirt is speaking into a microphone.,"man, shirt, microphone, speaking, male, person"
04268_mask.png,"A group of individuals are seated together on a bus, with each person appearing distinct from the others.","bus, people, group, seated, public transport"
04273_mask.png,"A woman with purple hair is visible in front of a neutral gray background, with a concerned facial expression, and she does not appear to be holding any bag.","woman, purple hair, gray background, facial expression, no bag"
04278_mask.png,"A woman with long brown hair is looking upward directly at the camera, with a neutral expression on her face.","woman, long brown hair, looking up, camera, neutral expression"
04281_mask.png,"A man is depicted carrying a large, blue, globe-like object on his back.","man, blue, globe, carrying, back, large object, earth"
04287_mask.png,"A woman is sitting on the ground, holding a cell phone to her ear, appearing engaged in a conversation.","woman, sitting, ground, cell phone, conversation, engaged"
04295_mask.png,"An elderly woman is wearing a traditional feather headdress, which is often associated with Native American culture.","elderly woman, feather headdress, traditional, Native American, culture, headdress, woman"
04296_mask.png,"A black and white photo showing two men sitting side by side next to a bicycle, with a simple background.","black and white, two men, sitting, bicycle, photo"
04316_mask.png,"A white cat is sitting on an open book, with some mathematical graphs visible on the pages.","white cat, open book, graphs, mathematics, sitting, pages, geometry, algebra"
04319_mask.png,"A young boy is drinking water from a bottle, with farm equipment visible nearby.","boy, water bottle, drinking, farm equipment, outdoors"
04321_mask.png,"A woman wearing an orange dress is gesturing with her hand, possibly expressing a strong emotion.","woman, orange dress, gesture, emotion, hand"
04325_mask.png,"A person is seated at a table with a drinking glass placed in front of them, appearing relaxed.","person, table, glass, seated, indoor, drinking, relaxed"
04326_mask.png,"A man wearing a yellow shirt is sitting and eating a bowl of noodles, with a thoughtful or slightly wistful expression on his face.","man, yellow shirt, noodles, eating, bowl, thoughtful, sitting"
04328_mask.png,"A person is sitting on the ground near the entrance of a building, with a dog present nearby.","person, dog, building, ground, entrance"
04356_mask.png,A man with a large afro hairstyle is smiling gently at the camera against a plain background.,"man, afro, smile, portrait, gentle, camera, plain background"
04361_mask.png,A damaged concrete wall with multiple visible cracks and areas of deterioration.,"concrete wall, cracks, damage, deterioration, surface"
04372_mask.png,"A young girl is sitting in a white bathtub, her hair wet and draped into the water, appearing to have recently received a haircut.","girl, bathtub, wet hair, haircut, bathroom, water, child, hygiene"
04379_mask.png,"A man sits in a wheelchair with his arms outstretched, appearing hopeful or emotional.","man, wheelchair, arms outstretched, hopeful, emotional, seated, disability"
04387_mask.png,"A man and a woman are sitting together at a table with a child, appearing to be engaged in conversation in a relaxed indoor setting.","man, woman, child, table, sitting, conversation, indoor, family, together"
04397_mask.png,"Two boys are sitting together at a table, each resting their cheeks on their hands, looking forward with neutral expressions.","two boys, table, sitting, hands on cheeks, neutral expressions"
04529_mask.png,A small pig is shown alone against a plain white background.,"pig, animal, white background, small, isolated"
04536_mask.png,"A composite image prominently features President Trump's face, highlighting his distinctive facial features and expression.","President Trump, face, composite image, portrait, expression, distinctive features"
04538_mask.png,A little girl sitting at a table with a cat nearby; the scene features many bows visible on objects and clothing around them.,"girl, cat, table, bows, objects, clothing, scene, sitting"
04563_mask.png,A man wearing a suit and tie is making an exaggerated or humorous facial expression.,"man, suit, tie, funny face, exaggerated expression, humor, male, portrait"
04568_mask.png,A woman with visible facial hair is kneeling down in a lush garden surrounded by various green plants.,"woman, facial hair, kneeling, garden, plants, lush, greenery"
04569_mask.png,"A pig is situated inside a box, with its body partially visible.","pig, box, animal, inside, container"
04579_mask.png,A man with glasses and a beard is facing the camera with a neutral expression.,"man, glasses, beard, camera, neutral expression"
04582_mask.png,"An American flag is burning in a fire, with visible flames consuming the fabric of the flag.","American flag, fire, burning, flames, flag, destruction, fabric, symbol, United States"
04583_mask.png,"A black and white photo showing a man dressed in a military uniform, standing against a plain background.","black and white, man, military uniform, photo, plain background"
04591_mask.png,The image shows the World Trade Center's twin towers engulfed in flames during the 9/11 terrorist attacks in New York City.,"World Trade Center, twin towers, fire, 9/11, terrorist attack, New York City"
04597_mask.png,"A handgun is placed on an aged document, with a national flag visible in the background.","handgun, aged document, national flag, weapon, background"
04615_mask.png,A man dressed in a white suit and green hat is holding several pieces of bread.,"man, white suit, green hat, bread, holding, food"
04619_mask.png,"A doll is sitting on a bathroom sink, with visible bathroom fixtures in the background.","doll, bathroom, sink, sitting, fixtures"
04621_mask.png,Several people in distinctive costumes are walking together along an outdoor urban street during daylight.,"people, costumes, street, urban, group, outdoor, daytime"
04623_mask.png,"Six children are gathered together outdoors, engaging with a ball in the street.","children, outdoors, street, ball, group, playing"
04629_mask.png,"A gorilla sitting in the grass with its mouth open, possibly calling or expressing emotion, surrounded by natural outdoor scenery.","gorilla, grass, mouth open, nature, outdoors"
04637_mask.png,A middle-aged man with grey hair wearing a blue shirt is looking at something with a surprised or shocked expression.,"man, grey hair, blue shirt, surprised, shocked, middle-aged, facial expression"
04639_mask.png,"A man is kissing a woman while both are positioned in front of a mirror, with their reflection visible in the background. The scene focuses on their intimate interaction.","man, woman, kissing, mirror, reflection, intimacy"
04651_mask.png,"Three women are posing together for a selfie, with each of them holding or facing a smartphone camera.","women, selfie, group, smartphone, posing, photography"
04658_mask.png,"The image shows three crocodiles lying close together on a natural, earthy surface.","crocodiles, animals, three, ground, nature, reptiles, group, lying"
04675_mask.png,"A cat is looking directly at the camera, appearing alert and attentive in the image.","cat, camera, attention, alert, animal, pet"
04682_mask.png,"Several children are seated on the floor together in a classroom setting, appearing engaged and attentive.","children, classroom, group, seated, floor, education, students, indoors"
04683_mask.png,"A man wearing a trench coat stands outdoors, facing the camera with a neutral expression.","man, trench coat, outdoors, neutral expression, standing, photo"
04689_mask.png,"A man is sitting on a brown horse outdoors, wearing a cowboy hat and casual western clothing.","man, brown horse, cowboy hat, western clothing, outdoors"
04695_mask.png,"Several young men are gathered together, appearing to participate in a game involving a baseball bat.","young men, group, game, baseball bat, gathered"
04712_mask.png,A man dressed in a formal suit smiling directly at the camera.,"man, suit, smiling, formal, camera, portrait"
04716_mask.png,"A person is holding three small kittens in their hands, with the kittens appearing comfortable and secure.","person, kittens, holding, hands, animals, pet, three, comfort, secure"
04718_mask.png,A man dressed in a red suit and tie is visible in the image.,"man, red suit, tie, clothing, male, formal wear"
04719_mask.png,"The image consists of two separate pictures, each showing a man and a woman eating food, likely turkey, from two different perspectives.","man, woman, eating, food, turkey, two pictures, perspectives"
04726_mask.png,"Several individuals are gathered on the roof of a building, prominently displaying a sign while standing close together.","group of people, building roof, sign, gathered, displaying, individuals"
04729_mask.png,"Several people are seated closely together in a group, suggesting they are part of a social gathering or discussion.","group, people, sitting, together, gathering, discussion"
04732_mask.png,"A close-up image shows a man with a visible beard looking directly at the camera, capturing his facial features in detail.","man, beard, close-up, face, facial features"
04735_mask.png,"A young girl is sitting at a table with a laptop, smiling gently while looking at the screen.","girl, table, laptop, sitting, smiling, technology, indoors"
04758_mask.png,A woman wearing a dress and a necklace is present in the image.,"woman, dress, necklace, female, fashion, accessory"
04759_mask.png,A woman wearing a green jacket is outdoors in an urban environment.,"woman, green jacket, urban, outdoors, city"
04762_mask.png,"Several people are lying in hospital beds, suggesting a medical setting where patients are receiving care.","hospital, patients, beds, people, medical care, sick, treatment"
04765_mask.png,A man wearing a military uniform and boots is climbing a wall.,"man, military uniform, boots, climbing, wall"
04768_mask.png,A woman with curly hair wearing a blue shirt is present in the image.,"woman, curly hair, blue shirt, female, portrait"
04769_mask.png,"A woman with a slightly pouting expression sits on a bed, looking contemplatively out of the window.","woman, bed, pouting, window, contemplative, sitting"
04782_mask.png,"A young African boy wearing a necklace is shown, looking cheerful and lively.","African boy, necklace, child, young, cheerful, lively"
04783_mask.png,"A man wearing a suit and tie is sitting on top of a television set, with a neutral facial expression.","man, suit, tie, television set, sitting, neutral expression"
04786_mask.png,A black and white bird with a bright red beak is perched on a grassy hilltop against a natural outdoor background.,"bird, black and white, red beak, hill, outdoors, perched, nature"
04791_mask.png,"A man and a woman are in close proximity, engaging in a kiss.","man, woman, kiss, proximity, intimacy"
04798_mask.png,"A dog is mid-air with its mouth open, seemingly in an active or playful state.","dog, jumping, mid-air, mouth open, playful"
04813_mask.png,A close-up of a person's hand with visible dirt on the fingers and palm.,"hand, dirt, fingers, palm, close-up"
04819_mask.png,"A man wearing a white t-shirt is standing in front of a mirror, with a bathroom setting visible around him.","man, white t-shirt, mirror, bathroom, standing, indoor, reflection"
04823_mask.png,"A group of people are gathered together holding a large rainbow flag, representing unity and diversity.","group, people, rainbow flag, unity, diversity"
04827_mask.png,"An elderly man wearing a baseball cap is sitting indoors, positioned in front of a window, with natural light coming through.","elderly man, baseball cap, sitting, window, indoors, natural light"
04857_mask.png,A woman with a purple head scarf and earrings is depicted in the image.,"woman, purple head scarf, earrings, portrait, headwear, female"
04859_mask.png,A bearded man wearing a green shirt is present in the image.,"man, beard, green shirt, person, male"
04861_mask.png,"A black bird, likely a crow, is perched on a white plate, creating a stark contrast between the dark feathers and the light background.","black bird, crow, white plate, contrast, perched, feathers, tableware"
04863_mask.png,"A woman is wearing a furry coat and holding a cigarette, with a small hood on her coat and a slightly bohemian style.","woman, furry coat, cigarette, hood, bohemian, hippie, fashion, outerwear"
04873_mask.png,"A woman wearing a black dress is featured in the image, standing alone with no visible background details.","woman, black dress, standing, portrait, alone"
04876_mask.png,A single fishing hook with a sharp curved point is shown clearly against a plain white background.,"fishing hook, curved point, sharp, single, white background"
04879_mask.png,A woman with long hair wearing a gray shirt is present in the image.,"woman, long hair, gray shirt, female, portrait"
04891_mask.png,A bird is pecking at what appears to be the remains of another bird on a concrete sidewalk.,"bird, sidewalk, remains, pecking, cannibalism, concrete, urban, animal behavior"
04892_mask.png,A man wearing a suit is holding a baby on his lap.,"man, suit, baby, lap, holding, adult, child"
04912_mask.png,A man wearing a green and white uniform is holding a flag.,"man, green and white uniform, flag, holding, person"
04915_mask.png,"Two rhinoceroses stand together in a grassy field, closely positioned and appearing calm, with greenery visible in the background.","rhinoceroses, field, grass, wildlife, animals, nature, greenery"
04917_mask.png,"A display case containing various cakes, predominantly decorated with white icing or toppings.","display case, cakes, white icing, desserts, pastries"
04918_mask.png,"A woman is lying in bed with her face partially covered by her hands, appearing distressed or upset.","woman, bed, lying, hands, distress, upset, face, covering"
04923_mask.png,"A close-up of a person holding a beer glass, about to take their first sip of beer, with the focus on the anticipation and enjoyment.","beer, glass, person, close-up, anticipation, first sip, enjoyment"
04926_mask.png,"A man and a woman are seated next to each other, appearing to be engaged or associated in some way.","man, woman, seated, next to each other, people"
04928_mask.png,"A woman wearing a white dress is positioned in front of a plain black background, with no visible objects or appliances around her.","woman, white dress, black background, portrait, minimalism"
04938_mask.png,"A bearded man is laughing and looking directly at the camera, with an expressive and joyful facial expression.","man, beard, laughing, camera, joyful expression, expressive face"
04958_mask.png,"A gorilla is sitting on a large rock, with a neutral expression, in what appears to be a naturalistic outdoor setting.","gorilla, rock, sitting, outdoors, animal, neutral expression"
04971_mask.png,A man dressed in a suit is smiling at the camera against a neutral background.,"man, suit, smiling, camera, neutral background"
04975_mask.png,A close-up image of a pink toy placed against a green background.,"pink toy, close-up, green background, toy, object"
04976_mask.png,A man is in a kitchen where soap suds and foam are overflowing from the dishwasher onto the floor.,"man, kitchen, dishwasher, soap suds, foam, overflow, floor"
04986_mask.png,"A woman wearing a headscarf is speaking into a microphone, possibly giving a public speech or participating in a discussion.","woman, headscarf, microphone, speech, public speaking, discussion"
05123_mask.png,"A man and a woman are sitting on the floor facing each other, possibly engaged in a serious conversation, with a neutral indoor background.","man, woman, sitting, floor, conversation, indoor, serious, together"
05126_mask.png,"A black and white photo showing two men near a table, possibly engaged in a kitchen or cooking setting.","black and white, two men, table, cooking, kitchen, photo"
05127_mask.png,A man holding a gun is walking through an open field under natural lighting.,"man, gun, field, walking, outdoors, natural light"
05129_mask.png,"A man dressed in a black suit is seated on a chair, appearing formal and somewhat pensive, in a plain and neutral setting.","man, black suit, chair, seated, formal, indoor, neutral background"
05134_mask.png,"A black and white photograph features a man dressed in a formal suit, captured in an older style typical of historical portraits.","black and white, man, suit, photograph, historical, formal, portrait"
05138_mask.png,"A woman is positioned behind a podium equipped with a microphone, likely preparing to make a public statement or speech.","woman, podium, microphone, public speaking, speech, presentation"
05148_mask.png,A woman with long brown hair is smiling at the camera.,"woman, long brown hair, smiling, portrait, face, camera, female"
05162_mask.png,"An older man with glasses is smiling at the camera, appearing relaxed and content.","older man, glasses, smiling, camera, content, relaxed"
05164_mask.png,A black and white photo shows a group of people dancing together in a lively atmosphere.,"black and white, group, people, dancing, photo, atmosphere"
05172_mask.png,"Three young girls are sitting together on a bench, all facing the camera and smiling.","three girls, sitting, bench, smiling, young, together, camera"
05174_mask.png,Several people are gathered near a heap of trash or discarded items outdoors.,"people, garbage, group, outdoors, trash, pile, gathered"
05183_mask.png,A woman wearing a brown tank top and black panties is using her hands to support or hold her chest.,"woman, brown tank top, black panties, supporting chest, hands, underwear, female, clothing"
05189_mask.png,"A man is sitting in the driver's seat of a car, holding the steering wheel, while the interior of the vehicle is clearly visible.","man, car, driver's seat, steering wheel, vehicle interior"
05198_mask.png,A doll representing a woman with dark hair is dressed in a white shirt and is shown indoors.,"doll, woman, dark hair, white shirt, indoors"
05213_mask.png,A man wearing a formal suit and tie is positioned in front of a solid red background.,"man, suit, tie, formal, red background, portrait, male, clothing, background"
05214_mask.png,Two individuals wearing camouflage clothing are present in an outdoor wooded setting.,"two people, camouflage, clothing, wooded area, outdoors, individuals, forest, nature"
05218_mask.png,"Request failed: HTTPSConnectionPool(host='api.zhizengzeng.com', port=443): Max retries exceeded with url: /v1/chat/completions (Caused by SSLError(SSLEOFError(8, '[SSL: UNEXPECTED_EOF_WHILE_READING] EOF occurred in violation of protocol (_ssl.c:1016)')))",
05219_mask.png,Several children are seated together around an outdoor picnic table.,"children, picnic table, group, outdoors, seated"
05231_mask.png,A man wearing a blue shirt is smiling directly at the camera.,"man, blue shirt, smiling, camera, portrait"
05241_mask.png,"A man with a face smeared with mud is talking on a cell phone, appearing outdoors.","man, mud, face, cell phone, outdoors"
05249_mask.png,"A man is seated at a table covered with various denominations of money, appearing to be focused or thoughtful.","man, table, money, cash, seated, focused, denominations"
05261_mask.png,A man wearing a suit and tie holds a microphone while appearing to speak.,"man, suit, tie, microphone, speaking"
05264_mask.png,"Several horses are gathered closely together beside a calm body of water, with the natural environment in the background.","horses, group, body of water, nature, outdoors, animals"
05269_mask.png,"Several women are gathered closely together, appearing to be part of a group, with all individuals visibly female.","women, group, together, female, gathered"
05273_mask.png,"A man is dressed formally in a tuxedo suit and bow tie, appearing well-groomed in a professional setting.","man, tuxedo, suit, bow tie, formal attire, professional, well-groomed"
05276_mask.png,"Several people are gathered together, preparing or posing for a team photograph.","group, people, team, photo, posing, gathered"
05279_mask.png,A woman is positioned near a brown and white horse outdoors.,"woman, horse, brown and white, outdoors, animal, person"
05283_mask.png,"A man wearing a tuxedo is seated on a couch, looking contemplative.","man, tuxedo, couch, seated, contemplative, formal wear, indoors"
05294_mask.png,"A gray and white cat is sitting on a wooden floor, looking calm and relaxed.","cat, gray, white, wooden floor, sitting, calm, relaxed, pet, animal"
05297_mask.png,"A woman with an eye patch on her face is present, suggesting she may have suffered an injury.","woman, eye patch, face, injury, female, portrait"
05316_mask.png,A person in a red hoodie is creating ring shapes with smoke in front of a wall.,"person, red hoodie, smoke, smoke rings, wall"
05327_mask.png,"A woman wearing a red shirt is gazing directly at the camera, appearing thoughtful and composed.","woman, red shirt, camera, thoughtful, gazing, portrait, photography"
05329_mask.png,"A woman lying on the peak of a mountain, surrounded by rocky terrain under an open sky.","woman, mountain, lying, rocky terrain, peak, outdoors, sky"
05349_mask.png,"Two women are sitting together on a bench in front of a brick wall, wearing modest clothing that may reflect cultural or religious customs.","women, bench, brick wall, modest clothing, cultural, religious, sitting, outdoor"
05362_mask.png,"A dog is shown with a gun in its mouth, suggesting a dangerous and distressing situation.","dog, gun, mouth, danger, distress, animal, violence, threat"
05369_mask.png,Several people are joining their hands together in a gesture of unity or teamwork.,"group, people, hands, together, unity, teamwork"
05372_mask.png,"A man dressed formally in a suit and tie is speaking at a podium, possibly addressing an audience about important social or political topics.","man, suit, tie, speech, podium, formal, address, audience, politics"
05376_mask.png,"A close-up view of a tiger resting on a rock, with its body stretched out and its head turned to the side.","tiger, close-up, rock, resting, wildlife, animal, nature"
05379_mask.png,"A man and a woman are interacting at a hotel reception desk, with the man appearing to make a request while the woman listens attentively.","man, woman, reception desk, hotel, interaction, request, conversation"
05384_mask.png,"A man and a young woman are sharing a close, affectionate moment together in an open field, with greenery visible around them.","man, woman, affection, field, outdoors, greenery, togetherness"
05387_mask.png,"A woman is cleaning the stove in a kitchen, with the oven visible nearby.","woman, cleaning, stove, kitchen, oven, appliances"
05389_mask.png,A man wearing a blue shirt is sitting at a table with a pizza in front of him.,"man, blue shirt, pizza, table, food"
05398_mask.png,"A person's hand is extended and pointing at something, with the image set against a plain white background.","hand, pointing, person, white background, gesture"
05421_mask.png,"A truck is parked by the roadside in a mountainous area, with rugged terrain and natural scenery visible in the background.","truck, mountain, parked, roadside, terrain, scenery, nature"
05429_mask.png,"A black and white photo showing a man and a woman seated together at a table, facing the camera.","black and white, photo, man, woman, table, seated, together, portrait"
05436_mask.png,A young boy is sitting in the driver's seat of a car with his hands on the steering wheel.,"boy, car, driver's seat, steering wheel, sitting, child, vehicle"
05437_mask.png,"A man and a woman are sitting together on a chair, with a rope involved in the scene.","man, woman, chair, sitting, rope, together"
05438_mask.png,"A close-up image shows a red lobster resting on a rock surface, highlighting the lobster's details and natural texture.","lobster, red, rock, close-up, crustacean, animal, nature"
05439_mask.png,"Two hands are shown, with one hand holding the other hand in a supportive gesture.","hands, holding, support, gesture, two"
05461_mask.png,"Two men are sitting together on a bench, with one of them holding an umbrella over both of them.","two men, bench, umbrella, sitting, together"
05462_mask.png,A man wearing a suit and tie is looking at the camera with a smile on his face.,"man, suit, tie, smiling, camera, portrait"
05463_mask.png,"A man wearing a white shirt and a black hat, appearing well-groomed and dressed up.","man, white shirt, black hat, well-groomed, dressed up"
05468_mask.png,"Several children are in the ocean water, actively searching or looking for something, possibly in the sand or shallow area.","children, ocean, water, searching, beach, group"
05471_mask.png,"A black and white photo showing a man wearing a uniform, with no visible expression or background details.","black and white, man, uniform, old photo, portrait"
05476_mask.png,A woman is positioned beside a large sculpture resembling a crocodile.,"woman, sculpture, crocodile, person, artwork"
05479_mask.png,A man wearing a swimming cap and goggles is in a swimming pool.,"man, swimming cap, goggles, pool, swimming"
05482_mask.png,"A character from Star Wars, possibly Yoda, is depicted in a stylized manner related to The Force Awakens.","Star Wars, Yoda, character, The Force Awakens, stylized"
05483_mask.png,"A woman wearing a white head wrap is shown in the image, with a neutral expression on her face.","woman, white head wrap, neutral expression, headwear, portrait"
05489_mask.png,"Two images show a man and a woman in a kitchen, with the man engaging in conversation with the woman who is seated at a table.","man, woman, kitchen, table, conversation, images"
05498_mask.png,"A man is in a kitchen surrounded by thick smoke, likely caused by a gas-related incident.","man, kitchen, smoke, gas, incident, appliance, hazard"
05612_mask.png,"A young boy wearing a chef's uniform holds a frying pan, appearing ready to cook.","boy, chef's uniform, frying pan, young, cooking"
05614_mask.png,"A woman is speaking to an audience at the White House, with a podium in front of her and the presidential seal visible.","woman, audience, White House, podium, presidential seal, speech, event"
05617_mask.png,A man and a woman are lying on the floor together.,"man, woman, lying, floor, together"
05619_mask.png,"A group of decorative holiday ornaments is displayed together, each featuring festive designs and colors, possibly with some white and gold elements.","holiday ornaments, decorative, festive, group, white, gold, display"
05642_mask.png,"A car is engulfed in flames, with thick smoke rising into the air, indicating a severe fire incident.","car, fire, flames, smoke, accident, vehicle, burning"
05643_mask.png,"A man in a formal suit stands near a window, gazing outside with a contemplative expression.","man, suit, window, contemplative, formal, indoor, gazing, adult"
05649_mask.png,"The image features two separate photographs of President Obama, alongside another photo of a different president, probably shown in a context highlighting their political identities.","President Obama, presidents, photographs, politics, identity, context, images"
05672_mask.png,"An elderly man is lying in bed with his head resting on a pillow, appearing to wait for assistance while wearing a life alert necklace.","elderly man, bed, pillow, life alert necklace, waiting, assistance"
05689_mask.png,A person is positioned in front of a wall covered with frost or ice.,"person, wall, frost, ice, front"
05712_mask.png,"A woman is positioned in front of a wall painted with large, colorful wings, giving the illusion that she has angel wings.","woman, wings, wall, painting, angel, colorful, illusion"
05716_mask.png,The image consists of two separate pictures showing a dog and a man wearing a black jacket.,"dog, man, black jacket, two pictures, compilation, human, canine, portrait"
05719_mask.png,"A woman wearing a black veil with her face visible, looking directly at the camera against a plain background.","woman, black veil, face, camera, plain background, islamic clothing, portrait"
05726_mask.png,A woman with long brown hair is facing the camera against a plain background.,"woman, long brown hair, facing camera, portrait, plain background"
05734_mask.png,"The image shows two pictures featuring a man and a gorilla; in one, the man is interacting closely with an adult gorilla, and in the other, he is with a young gorilla, both highlighting a bond between the man and the animals.","man, gorilla, young gorilla, animal, interaction, bond, picture, adult gorilla"
05736_mask.png,"A young girl stands in front of a large menorah, which is a traditional Jewish candelabrum, and she appears to be looking at it.","girl, menorah, Jewish, candelabrum, young, front, tradition, religion"
05741_mask.png,"Several cars are parked along the side of a road, some appearing to be pulled over as if after a high-speed event.","cars, roadside, parked, vehicles, street, pulled over, outdoors"
05743_mask.png,"The image shows a dramatic explosion in the sky, with dense clouds of smoke billowing outward from the blast.","explosion, sky, smoke, blast, clouds"
05749_mask.png,"A man and a young girl are on a tennis court, holding rackets, with a net visible between them.","man, girl, tennis, rackets, court, net, playing, sports"
05761_mask.png,"A man dressed in a suit and tie is holding a laptop, appearing reserved and possibly hesitant.","man, suit, tie, laptop, reserved, hesitant"
05762_mask.png,"A black and white photo shows a woman sitting alone at a table, with a serious or assertive expression on her face, creating a tense atmosphere.","black and white, woman, sitting, table, serious expression, tense atmosphere, alone"
05781_mask.png,"A black and white photograph featuring a man, possibly Adolf Hitler, raising his hands in the air with a serious facial expression.","black and white, man, raised hands, Adolf Hitler, photograph, serious expression"
05782_mask.png,A person dressed formally in a suit and tie is present on a red carpet.,"person, suit, tie, formal, red carpet"
05784_mask.png,"A man dressed in a suit and tie is speaking into a microphone, appearing to address an audience or make a formal statement.","man, suit, tie, microphone, speaking, formal, address, audience"
05789_mask.png,"A man with short hair, glasses, and a white shirt appears alone, looking directly at the camera.","man, glasses, white shirt, alone, short hair, camera, direct gaze"
05791_mask.png,"A goat is positioned amidst tall, dense grass in an open field, with natural greenery surrounding it; the animal is clearly visible in the outdoor environment.","goat, field, tall grass, outdoors, nature, animal, greenery"
05792_mask.png,"A woman with wide eyes and slightly open mouth appears shocked or worried, focusing her gaze forward with a surprised facial expression.","woman, surprised, shocked, wide eyes, open mouth, facial expression"
05793_mask.png,"A man and a woman are positioned together, appearing to be engaged in a private, potentially intimate conversation, with both individuals focused on each other.","man, woman, intimate, conversation, together, focus, people"
05798_mask.png,"A group of young women standing together on a red carpet at an awards event, with a colorful Nickelodeon kids' choice awards backdrop behind them.","group, women, red carpet, awards event, Nickelodeon, kids' choice awards, backdrop, young, fashion, public event"
05813_mask.png,"The image shows the front of a McDonald's restaurant, featuring the recognizable yellow awning and exterior signage.","McDonald's, restaurant, yellow awning, storefront, signage"
05824_mask.png,"A man is holding a rifle with both hands while standing in front of a plain wall, wearing casual clothing.","man, rifle, wall, casual clothing, holding, front, weapon"
05826_mask.png,The image is a drawing featuring a person holding a knife in one hand.,"drawing, person, knife, hand, image"
05832_mask.png,"A historical black and white photograph featuring a man dressed in a formal military-style uniform, prominently positioned as the central figure.","black and white, historical, man, uniform, photograph, central figure, military-style, formal attire"
05841_mask.png,"A man, a woman, and a child are sitting together on a couch in a room.","man, woman, child, couch, sitting, room, family, together"
05846_mask.png,"A group of people wearing white robes is gathered together outdoors, each person holding an umbrella.","group, people, white robes, umbrellas, outdoors"
05847_mask.png,A man wearing a black shirt is looking upwards towards the camera with a confused or puzzled expression.,"man, black shirt, looking up, camera, confused expression, puzzled, male, portrait"
05863_mask.png,A brown and black dog is wearing a hat.,"dog, brown, black, hat, animal"
05864_mask.png,"Three camels are standing together on the ground, each with their mouths open.","camels, three, standing, open mouths, ground"
05869_mask.png,A man wearing a formal suit and tie along with glasses is depicted in this image.,"man, suit, tie, glasses, formal, male, portrait"
05872_mask.png,The image shows a cluttered and disorderly room with various pieces of trash and debris scattered across the floor.,"messy room, debris, trash, clutter, disorder, indoor, floor, untidy"
05874_mask.png,"A person is standing with bare feet in a bathtub, on a bathroom floor.","person, bare feet, bathtub, bathroom floor, standing"
05879_mask.png,"Several people are gathered outdoors, holding colorful signs and banners, likely participating in a parade or public event.","people, outdoors, signs, banners, gathering, parade, event, crowd"
05912_mask.png,"A man is touching his nose with his hand, facing the camera.","man, nose, hand, face, camera, touching"
05914_mask.png,The image shows three separate photos featuring a man wearing a white hat alongside several sheep.,"man, white hat, sheep, three photos, images, animals, portrait, outdoor, people"
05916_mask.png,A man wearing a suit and a hat is holding an object resembling a grenade.,"man, suit, hat, grenade, holding, object"
05917_mask.png,"The image shows a black office chair with a distinctive cow print pattern, possibly intended to humorously reference Stephen Hawking as a chair.","office chair, black, cow print, pattern, Stephen Hawking, humor, reincarnation, furniture"
05918_mask.png,"A group of men are gathered in an old black and white photograph, standing together in a somber setting that suggests an event of historical significance.","group of men, black and white, photograph, historical, somber, gathered, men"
05926_mask.png,"A young boy is sitting in a classroom setting, with desks and educational materials visible around him.","boy, classroom, desks, education, school, student"
05928_mask.png,"Two hippopotamuses are partially submerged in water, with their large bodies visible above the surface.","hippopotamus, water, animals, submerged, wildlife"
05931_mask.png,"The image shows a man with his mouth open and his eyes closed, appearing to express a strong emotion or reaction.","man, mouth open, eyes closed, facial expression, emotion, reaction"
05936_mask.png,"This is a vintage black and white photograph featuring a group of people gathered together, possibly in a serious or tense setting.","black and white photo, group, people, vintage, gathered, photograph, historical, serious setting"
05938_mask.png,A man wearing a black shirt is being restrained with a rope.,"man, black shirt, rope, restraint, tied"
05941_mask.png,"A baby is lying on a blanket placed on the floor, looking at the surroundings in a domestic indoor setting.","baby, blanket, floor, indoor, domestic, lying down"
05942_mask.png,"An elderly woman and a younger woman and man, all dressed formally, are sitting together on a bench outdoors, smiling warmly.","elderly woman, younger woman, younger man, formal attire, bench, outdoors, smiling, group portrait"
05943_mask.png,"Several people are gathered around a table, engaged in conversation in a casual indoor setting.","group, people, table, indoor, conversation, casual, gathering"
05947_mask.png,"A bigfoot creature is present in the middle of a stream, surrounded by natural outdoor scenery.","bigfoot, creature, stream, outdoors, nature, water, forest, wildlife"
05948_mask.png,A pickup truck is parked in an outdoor parking lot on a sunny day.,"pickup truck, parking lot, outdoor, vehicle, sunny day"
05968_mask.png,"A young boy is wearing a pirate hat and holding a black object, with a neutral facial expression.","boy, pirate hat, black object, young, neutral expression"
05972_mask.png,"A man is sitting on outdoor steps, holding a guitar and appearing to be posing for a photograph.","man, sitting, outdoor steps, guitar, posing, photograph"
05973_mask.png,"A Black man and a Black woman are sitting together at a table, engaged in conversation.","Black man, Black woman, table, conversation, sitting, together"
05976_mask.png,Two images show a man holding a cigar in his mouth.,"man, cigar, mouth, images, two"
05978_mask.png,"A man is positioned next to a bicycle, possibly preparing for a challenge or activity.","man, bicycle, challenge, preparation, activity"
05984_mask.png,"A young boy is skateboarding down a ramp in an indoor environment, wearing casual clothes and focusing on his movement.","boy, skateboard, ramp, indoors, casual clothes, movement, focus"
05986_mask.png,"A woman wearing glasses is in the foreground, while a man is visible in the background.","woman, glasses, man, foreground, background"
05987_mask.png,"A woman wearing a black dress is positioned beside a gorilla, with both clearly visible in the image.","woman, black dress, gorilla, interracial, side by side"
06123_mask.png,Several men are gathered together outdoors on a grassy area.,"men, group, outdoors, grass, gathered"
06125_mask.png,"A cat is positioned in front of a mirror, with its front paws raised toward the reflective surface.","cat, mirror, reflection, raised paws, animal, indoors"
06127_mask.png,"An elderly woman is lying in a hospital bed, with a dog nearby.","elderly woman, hospital bed, dog, lying, patient, indoor, hospital room"
06135_mask.png,"A person's hand is reaching into a bowl filled with a creamy, white substance, which appears smooth and thick.","hand, bowl, cream, white, smooth, thick, substance"
06147_mask.png,"A copy of the Qur'an, the Islamic sacred book, is placed on a glass table.","Qur'an, Islamic, sacred book, glass table, book"
06153_mask.png,A group of women dressed in white clothing is gathered in front of a house.,"women, white clothing, group, house, gathering"
06157_mask.png,"A black and white photo shows a man dressed in a uniform, presented with clear contrast and sharp details.","black and white, man, uniform, photo, contrast, details"
06158_mask.png,"A man is playing the video game Call of Duty on a computer, with the New Zealand edition of the game visible.","man, video game, computer, Call of Duty, New Zealand edition"
06175_mask.png,"A man wearing a blue shirt is seen running quickly on a track, with a penny falling to the ground nearby.","man, blue shirt, running, track, penny, falling, ground"
06179_mask.png,A man wearing a white shirt and a red-and-white hat is shown with an intense or surprised facial expression.,"man, white shirt, red-and-white hat, facial expression, surprised, intense, adult, portrait"
06194_mask.png,"A stack of books is burning on top of a table, with visible flames and smoke rising from the books.","books, fire, stack, table, burning, smoke, flames"
06195_mask.png,"A person is positioned near a dishwasher, possibly considering cleaning dishes manually.","person, dishwasher, cleaning, dishes, kitchen, appliance"
06197_mask.png,"A man dressed in a suit and tie is positioned in front of a stage backdrop, likely in an indoor setting.","man, suit, tie, stage, indoor, formal, backdrop"
06198_mask.png,"Thick black smoke is rising from a chimney or similar structure, creating a dark plume against the sky.","black smoke, chimney, dark plume, rising smoke, sky, structure"
06213_mask.png,"A group of people are walking on a street, some of them are visibly carrying flags.","people, group, street, flags, walking, crowd"
06218_mask.png,A young girl is playfully sticking out her tongue while in a forest setting.,"young girl, tongue sticking out, forest, playful, outdoors"
06231_mask.png,"A man is present in the image, wearing a blue shirt.","man, blue shirt, male, clothing, person"
06237_mask.png,A man is sitting in a barber's chair while a barber trims his hair.,"man, barber, haircut, barber chair, hair trimming, indoor, customer, professional"
06239_mask.png,"A man is photographing a young boy on a sandy beach, with the boy posing for the camera as waves are visible in the background.","man, boy, beach, camera, photograph, waves, posing"
06243_mask.png,A man wearing a pink hat is smiling at the camera.,"man, pink hat, smile, camera, portrait"
06248_mask.png,A Black man wearing a blue suit is smiling.,"Black man, blue suit, smiling, male, formal attire"
06273_mask.png,"A woman is speaking at a podium, with an American flag prominently displayed behind her.","woman, podium, American flag, speaking, background"
06275_mask.png,"A man is holding a microphone, suggesting he may be speaking or performing, with a neutral background.","man, microphone, speaking, performing, neutral background"
06291_mask.png,"A woman is lying in a bed with her eyes closed, appearing still and peaceful as if resting or sleeping.","woman, bed, lying, eyes closed, resting, peaceful, sleeping"
06293_mask.png,"A man wearing a suit and tie is sitting at a desk, using a laptop.","man, suit, tie, desk, laptop, sitting"
06295_mask.png,"A young boy with glasses and a necktie is present in the image, looking forward.","boy, glasses, necktie, young, portrait"
06315_mask.png,"A black and white photograph depicts a group of people gathered together, with some standing and others possibly seated, set in an outdoor location near a border area.","black and white, group of people, outdoor, border, photograph"
06319_mask.png,"Two men in suits are shaking hands, engaging in what appears to be a formal or business-like interaction.","men, suits, handshake, formal, business, interaction, meeting"
06325_mask.png,"The image features a person, likely a prominent political figure, standing in a formal setting and wearing professional attire, with visual cues suggesting their association with the House of Representatives.","politician, House of Representatives, formal attire, political figure, portrait, Nancy Bach, government, speaker, leadership"
06329_mask.png,"A person appears with a rope around their neck, suggesting a depiction related to execution or capital punishment.","person, rope, neck, execution, capital punishment"
06345_mask.png,"A police officer is interacting with a woman seated in a car, possibly during a traffic stop.","police officer, woman, car, interaction, traffic stop, vehicle, driver, law enforcement"
06348_mask.png,"A woman wearing a brown hoodie stands in front of a white brick wall, looking directly at the camera with a serious and slightly disapproving facial expression.","woman, brown hoodie, white brick wall, serious expression, direct gaze, disapproving look"
06349_mask.png,"The image features two prominent individuals standing side by side, one male and one female, both dressed formally, likely in a public or official setting.","male, female, formal attire, public setting, prominent individuals, side by side, official, duo"
06352_mask.png,A young boy is riding a skateboard outdoors on a paved sidewalk during the daytime.,"boy, skateboard, sidewalk, outdoors, daytime"
06357_mask.png,"A young woman is seated on a bed beside a man in a softly lit room, both showing neutral or contemplative expressions.","young woman, man, bed, seated, neutral expression, room, contemplative"
06359_mask.png,"A woman is sitting at a table, focused on her laptop, with a cup nearby, suggesting she is working or browsing online in a calm indoor environment.","woman, laptop, table, cup, indoor, sitting, focused, working, browsing"
06374_mask.png,"A black and white photo showing a group of people captured mid-jump, creating a dynamic composition.","black and white, group, people, jumping, photo, dynamic, mid-air"
06375_mask.png,Two men are standing side by side; one is wearing a blue shirt and the other is dressed in white attire that resembles clerical or priestly clothing.,"two men, blue shirt, white attire, priest, side by side"
06378_mask.png,"A person is gently holding a small animal in their hand, with both clearly visible against a plain background.","person, animal, hand, holding, plain background"
06387_mask.png,"A man is sitting casually on a couch, with one hand raised in the air, appearing relaxed and possibly gesturing or responding to something.","man, couch, sitting, hand raised, gesture, indoor, relaxed, casual"
06392_mask.png,A woman wearing a wedding dress is holding a gun in her hand.,"woman, wedding dress, gun, bride, holding, hand, white dress"
06412_mask.png,"A woman and a man are interacting together indoors, with the man dressed formally in a suit and the setting suggesting a private or domestic environment such as a laundry room.","woman, man, suit, indoors, private environment, laundry room, interaction, domestic"
06415_mask.png,"A man wearing a feathered headdress is shown in the image, with the headdress featuring multiple long, colorful feathers arranged vertically on his head.","man, feathered headdress, feathers, headwear, colorful, portrait, indigenous, traditional attire"
06418_mask.png,"A person's hands are holding a red bag filled with visible wires, suggesting the bag may contain an electronic device or components.","hands, red bag, wires, electronic device, components"
06425_mask.png,"A man dressed in a formal suit is shown, suggesting a professional or serious demeanor.","man, suit, formal, professional, male, business, clothing"
06427_mask.png,"A woman dressed in a blue shirt is directly facing the camera, with a neutral or serious expression.","woman, blue shirt, camera, neutral expression, serious expression"
06431_mask.png,"Two women are positioned side by side, facing the camera.","women, side by side, camera, portrait, female"
06435_mask.png,"The image depicts several people gathered around a large barrel, appearing to evaluate or discuss something related to the barrel.","people, group, barrel, gathering, discussion, evaluation, illustration"
06439_mask.png,A man in a suit is present at the 19th annual Rock and Roll Hall of Fame event.,"man, suit, Rock and Roll Hall of Fame, event, annual, 19th"
06458_mask.png,"A man is sitting in a restaurant, eating a slice of pizza, with a neutral expression on his face.","man, restaurant, pizza, eating, slice, neutral expression, sitting"
06471_mask.png,"A group of people is posing together on a pink carpet, likely at a formal or public event.","group, people, pink carpet, posing, event, public, formal"
06479_mask.png,A man dressed in a police uniform is positioned beside a vehicle in an outdoor setting.,"man, police uniform, vehicle, outdoor, law enforcement"
06481_mask.png,"A green car outdoors is partially covered with a sheet, and a man is visible near or inside the vehicle.","green car, sheet, outdoors, man, vehicle, covered, partial"
06482_mask.png,"A man is sitting on a couch with a serious expression, positioned in front of a red curtain.","man, couch, red curtain, sitting, serious expression"
06483_mask.png,"A woman is sitting on a white couch with her arms crossed, looking calm and composed.","woman, white couch, arms crossed, sitting, calm, composed, indoor, portrait"
06489_mask.png,"A woman is sitting at a table, with an American flag hanging in the background.","woman, table, American flag, sitting, background, indoor, flag"
06491_mask.png,A person wearing a black dress is posing for a photo.,"person, black dress, posing, photo, woman"
06513_mask.png,A woman is smiling while performing a plank exercise using an exercise ball in a well-lit indoor setting.,"woman, plank, exercise ball, smiling, indoor, fitness, exercise"
06514_mask.png,"A woman is sitting near a body of water, eating from a plate of food that may contain halal meat.","woman, plate of food, halal, meat, water, eating"
06519_mask.png,A goat is partially visible as it looks through a hole in a barn wall.,"goat, barn, hole, animal, wall, peeking"
06524_mask.png,A Black woman wearing a police uniform is standing in front of a mirror.,"Black woman, police uniform, mirror, law enforcement, reflection, female police officer"
06531_mask.png,"A man is holding a book in his hands, and he appears to be the main focus of the image.","man, book, hands, holding, male, focus"
06534_mask.png,A young girl is shown with a visible bruise on her face.,"young girl, bruise, face, injury, female, youth"
06537_mask.png,Two men dressed formally in suits and bow ties are positioned side by side.,"men, suits, bow ties, formal attire, side by side"
06539_mask.png,A person is wearing a red dress with a floral pattern.,"red dress, floral pattern, person, clothing, flowers"
06541_mask.png,"A black and white photograph features a man wearing a formal suit, captured against a plain background.","black and white, photograph, man, suit, formal, plain background"
06543_mask.png,"The image depicts a person dressed in a suit, apparently performing a trick.","person, suit, trick, performance, clothing, individual"
06547_mask.png,"A close-up image of a doll with a smiling face, featuring realistic human-like facial features reminiscent of European styles from the mid-20th century.","doll, close-up, smile, face, European, realistic, mid-20th century"
06579_mask.png,"A young child is positioned at the foreground while several adults are gathered behind them, all facing toward the camera.","child, people, group, foreground, adults, gathered, camera"
06582_mask.png,"A large group of people are lying on the ground in close proximity to each other, forming a dense cluster.","group, people, lying down, ground, cluster, crowd"
06584_mask.png,"A woman wearing a red dress is positioned in an open doorway, with natural light highlighting her presence.","woman, red dress, open doorway, natural light, interior"
06589_mask.png,A man is wearing a white turban on his head.,"man, white turban, headwear, male, turban, person"
06593_mask.png,"A baby wearing only a diaper is positioned directly in front of an open dishwasher, with kitchen elements visible in the background.","baby, diaper, dishwasher, kitchen, appliance, child, open dishwasher"
06597_mask.png,"A man with a surprised expression on his face, looking directly ahead, depicted in a closely framed image.","man, surprised expression, face, portrait, close-up"
06712_mask.png,"A man and a woman are facing each other and making eye contact, appearing to engage in a conversation.","man, woman, eye contact, conversation, facing each other"
06714_mask.png,"A man wearing a suit and tie is smiling directly at the camera, appearing in a formal setting.","man, suit, tie, smile, camera, formal, person"
06715_mask.png,"Two people are sitting together on a wooden bench, likely in an outdoor public area such as a park or zoo.","two people, wooden bench, sitting, outdoors, public area, park, zoo"
06723_mask.png,"A single red chair is positioned in a mostly empty room, set close to a plain wall.","red chair, room, wall, furniture, interior"
06725_mask.png,"A man dressed in a formal suit is seated at a desk, using a laptop in what appears to be an office setting.","man, suit, desk, laptop, office, seated, formal attire"
06728_mask.png,A man with dreadlocks is holding up a trophy.,"man, dreadlocks, trophy, holding, celebration"
06739_mask.png,"An older man with a beard wearing a black shirt, looking directly at the camera.","older man, beard, black shirt, portrait, direct gaze"
06749_mask.png,"A boy wearing a school uniform is facing a door, appearing to be hesitant or thoughtful.","boy, school uniform, door, hesitant, thoughtful"
06752_mask.png,"A group of people dressed in modest, traditional clothing are walking together through an open grassy field.","group, people, modest clothing, traditional, walking, field, outdoors, grass"
06759_mask.png,"A man and a woman are sitting together under a tree, each of them eating ice cream.","man, woman, tree, ice cream, sitting, outdoors, together"
06781_mask.png,"The image shows a close-up of a hand holding a bullet, with an additional picture of the same bullet included in the composition.","hand, bullet, close-up, picture, object, metal, ammunition, fingers"
06791_mask.png,"A woman appears to be speaking or shouting in front of a group of people, with her mouth open and an expressive facial expression.","woman, mouth open, crowd, speaking, expression, people, group"
06793_mask.png,"A monkey is shown with a piece of food held in its mouth, looking alert and engaged.","monkey, food, mouth, animal, alert, engaged"
06794_mask.png,"The image displays a grey, spherical object resembling a naval sea mine, featuring protruding spikes, placed on a plain white background.","grey, sphere, sea mine, spikes, white background, object, naval, spherical"
06795_mask.png,"A goat is standing near a tree with its tongue sticking out, looking directly at the camera with a distinctive facial expression.","goat, tree, tongue, facial expression, outdoors, animal, close-up"
06798_mask.png,"A black and white photograph from the 20th century showing a group of people walking along a street, with buildings visible in the background.","black and white, 20th century, people, street, buildings, photograph"
06823_mask.png,"A black and white photo shows a man with a mustache, depicted in a straightforward manner without additional background or contextual elements.","black and white, man, mustache, photograph, portrait"
06824_mask.png,A man and a woman are seen together with a goat.,"man, woman, goat, together, people, animal"
06825_mask.png,"A man and a woman are together, with the woman wearing a hijab, and they are taking a selfie.","man, woman, hijab, selfie, together"
06832_mask.png,A man is shown wearing a coat.,"man, coat, male, outerwear, person"
06842_mask.png,"A man dressed in a suit and tie is speaking at a podium, appearing to address an audience.","man, suit, tie, podium, speaking, audience, formal, speech"
06845_mask.png,"A man is lying on a bed with his eyes closed, appearing to be asleep or resting.","man, bed, sleeping, resting, eyes closed"
06847_mask.png,"The image shows an abstract black and white background with prominent areas of matte and glossy black textures, creating a contrast between the dull and shiny surfaces.","abstract, black and white, matte, glossy, texture, contrast, background"
06852_mask.png,"A man in formal attire, including a suit and tie, is positioned at a podium in a setting that suggests authority and power, with visual elements implying military presence such as tanks, helicopters, and drones in the background.","man, suit, podium, military, helicopter, tank, drone, authority, background"
06859_mask.png,"A man wearing a blue shirt is holding a microphone, appearing to speak or present in front of an audience.","man, blue shirt, microphone, speaking, presenting"
06871_mask.png,"A man is positioned behind a table where there is a cake, and he appears involved in a situation likely related to food handling or preparation.","man, table, cake, food, indoors, kitchen, person, preparation"
06873_mask.png,"Two goats are standing in a field, with a building visible in the background under daylight.","goats, field, building, daylight, animals, outdoors"
06874_mask.png,A black and white photo shows a man dressed in a suit.,"black and white, man, suit, photo, portrait"
06875_mask.png,"The image shows a wedding cake displayed inside a glass case, likely in a bakery or shop setting, with focus on the cake as the central subject.","wedding cake, glass case, bakery, display, cake"
06892_mask.png,"A young boy, seated at a classroom table, raises one hand, looking distracted as if there is some commotion nearby.","boy, classroom, table, hand raised, distracted, student, school"
06893_mask.png,A hand is holding a piece of paper that features a drawing or image of a heart prominently displayed on it.,"hand, paper, heart, drawing, image"
06897_mask.png,"A man is sitting on a bed, resting his hand on his chin in a contemplative pose, with a neutral expression and simple indoor background.","man, bed, sitting, hand on chin, contemplative, neutral expression, indoor, simple background"
06914_mask.png,"A woman is wearing a purple turban, with an image of the World Trade Center building in the background.","woman, purple turban, World Trade Center, background, building"
06927_mask.png,"A young boy is outdoors in a grassy field, wearing casual clothes. The background is open and natural.","boy, field, outdoors, grass, casual clothes, nature"
06931_mask.png,"A woman is positioned in front of a large crowd, addressing or interacting with them in a group setting.","woman, crowd, group, gathering, people"
06934_mask.png,"A black and white photograph shows a man sitting on a blanket, appearing composed and unconcerned.","black and white, man, sitting, blanket, photograph, composed, unconcerned"
06937_mask.png,"The image shows a group of people walking together through a foggy environment, making their figures partially obscured by the mist.","group, people, fog, walking, mist, obscured, environment"
06945_mask.png,"A large explosion occurs in the center of a body of water, with water being forcefully displaced and a significant burst rising above the surface.","explosion, water, body of water, blast, force, displacement, burst, surface"
06948_mask.png,"A man and a young girl are together with a basket full of strawberries, possibly enjoying or preparing to eat the fruit.","man, girl, basket, strawberries, fruit, together, eating"
06951_mask.png,An aerial view of a cityscape featuring numerous tall modern buildings clustered together.,"aerial view, cityscape, tall buildings, urban, modern architecture, city, skyscrapers"
06952_mask.png,"A man is sitting on a motorcycle that is parked on the side of a paved road, with sparse vegetation visible in the background. He is wearing casual clothing and a helmet.","man, motorcycle, roadside, helmet, paved road, sparse vegetation, parking, outdoors"
06973_mask.png,A woman wearing a white lab coat and blue gloves is working at a computer in what appears to be a laboratory or medical environment.,"woman, lab coat, blue gloves, computer, laboratory, medical, working"
06985_mask.png,"A bird is captured mid-flight above a wire fence in an open outdoor setting, with clear sky in the background.","bird, flying, fence, outdoor, sky"
06987_mask.png,"A woman is sitting on the ground outdoors, holding a cigarette in her hand and looking pensively into the distance.","woman, sitting, ground, cigarette, outdoors, pensive, hand, distance, smoking"
07124_mask.png,A black and white illustration of a man wearing a formal tuxedo.,"black and white, illustration, man, tuxedo, formal wear"
07125_mask.png,"The image shows a sequence of photographs capturing the collapse and devastation of the World Trade Center during the 2001 attacks, with debris and smoke filling the scene.","World Trade Center, destruction, collapse, 2001, photographs, devastation, debris, smoke"
07126_mask.png,"Several children are positioned beside multiple pigs, clearly distinguishing the two groups.","children, pigs, group, animals, people, beside, distinction"
07134_mask.png,"A person is lying on a bed with their feet resting on the bed, suggesting a relaxed or intimate atmosphere.","person, bed, lying, feet, resting, intimate, relaxed"
07135_mask.png,"A black and white photograph shows several people walking along a city street, typical of the early to mid-20th century urban environment. The people are dressed in period-appropriate attire, and buildings line both sides of the street.","black and white, photograph, people, walking, city street, 20th century, urban environment, historic clothing"
07159_mask.png,"A man wearing a black shirt is smiling at the camera, with an expression that could be interpreted as incongruously cheerful given a potentially serious or inappropriate context.","man, black shirt, smiling, camera, expression, serious context, incongruity"
07164_mask.png,"The image shows two people, Donald and Hillary, with a visible caption that reads, 'i don'.","Donald, Hillary, two people, caption, text, photo, image, visible words"
07192_mask.png,"A black and white photograph shows several uniformed officers standing together, wearing similar clothing and caps, with serious expressions.","black and white, police officers, uniform, group, caps, serious expressions"
07193_mask.png,A woman wearing a black tank top and vibrant floral shorts is running outdoors in a wooded forest environment.,"woman, black tank top, floral shorts, running, forest, outdoors, wooded, nature"
07194_mask.png,A man wearing a blue shirt and black shorts is running outdoors.,"man, blue shirt, black shorts, running, outdoors"
07198_mask.png,A man is positioned on the ground near several firearms arranged together.,"man, ground, firearms, guns, arranged, positioned"
07215_mask.png,"The image shows a series of photographs featuring a dog next to a gun, highlighting the contrast between the animal and the weapon.","dog, gun, photographs, contrast, animal, series"
07218_mask.png,A person wearing a costume that resembles a large yellow sponge with cartoon-like features.,"costume, yellow, sponge, cartoon, person"
07219_mask.png,"A gorilla is in a grassy area beside a tree, appearing calm and thoughtful.","gorilla, grassy area, tree, calm, thoughtful, outdoors"
07234_mask.png,"A man is wearing a white shirt, sitting at a table with food in front of him.","man, white shirt, table, food, sitting"
07236_mask.png,"A woman with glasses is smiling warmly at the camera, her facial expression appearing thoughtful yet cheerful.","woman, glasses, smiling, camera, thoughtful, cheerful, facial expression"
07238_mask.png,"A close-up image showing the face of a camel, highlighting its facial features such as the eyes, nose, and mouth, with the background out of focus.","camel, close-up, animal face, eyes, nose, mouth, background"
07239_mask.png,A young man wearing glasses and a tie has a diaper placed on his head.,"young man, glasses, tie, diaper, headwear"
07241_mask.png,"A white towel is displayed against a plain wall, showing a simple and everyday scene.","white towel, wall, hanging, simple, everyday scene"
07248_mask.png,A woman wearing a bikini top is dancing outdoors on the street.,"woman, bikini top, dancing, street, outdoors"
07249_mask.png,A man wearing a black hoodie is in the act of throwing a baseball on a sports field.,"man, black hoodie, throwing, baseball, sports field, pitch, action, athletic, outdoors"
07254_mask.png,A woman dressed in a police uniform is aiming a handgun directly at the viewer from a close perspective.,"woman, police uniform, handgun, aiming, close-up, police, weapon"
07258_mask.png,A woman is shown wearing a feathered headdress on her head.,"woman, feather, headdress, head, portrait"
07259_mask.png,"A dog is sitting on the driver's seat inside a truck, looking towards the front.","dog, driver's seat, truck, vehicle interior, animal, sitting, front-facing"
07261_mask.png,"A woman is holding a glowing ball in her hands, her facial expression serious and the background dark, emphasizing the light from the ball.","woman, glowing ball, hands, serious expression, dark background, light"
07265_mask.png,"A black and white bird is perched on a rock, with its attention directed towards its surroundings.","bird, black and white, rock, perched, outdoors"
07268_mask.png,A Middle Eastern man and woman are standing beside a car in an outdoor setting.,"Middle Eastern, man, woman, car, outdoor, standing, people"
07269_mask.png,"A man wearing a chef's uniform is preparing a fresh salad on a table, arranging the ingredients with care.","chef, uniform, preparing, food, fresh salad, table, ingredients, man"
07285_mask.png,"A simple drawing featuring various kitchen utensils, such as forks and spoons, arranged on a plain white background.","drawing, kitchen utensils, fork, spoon, white background, simple, illustration"
07286_mask.png,"A man in a blue shirt is sitting at a table, appearing to share a meal with several other people who seem to be his family.","man, blue shirt, meal, family, table, sitting, people, eating"
07291_mask.png,A man dressed in a formal suit and tie is holding an open umbrella.,"man, suit, tie, umbrella, formal, holding, open"
07293_mask.png,"A large fire is raging inside a building, with visible flames and smoke emanating from the middle floors.","fire, building, flames, smoke, emergency, burning, middle floors"
07294_mask.png,The image shows a skull wearing a baseball cap against a plain background.,"skull, baseball cap, headwear, plain background, anatomy"
07312_mask.png,"A black and white photograph shows a man sitting on a couch, facing the camera.","black and white, man, couch, photograph, seated"
07314_mask.png,"A woman is sitting on a couch with a boy and a dog, all appearing relaxed and close to each other, highlighting a warm moment spent together indoors.","woman, boy, dog, couch, relaxing, indoors, togetherness, pet"
07318_mask.png,A man wearing a suit and tie is pointing towards the camera with a direct gesture.,"man, suit, tie, pointing, camera, gesture, direct"
07319_mask.png,"A woman is seated at a table with food, holding a sandwich and appearing to eat in a casual dining setting.","woman, table, food, sandwich, eating, casual, indoors, dining"
07325_mask.png,A man wearing a formal suit and a top hat is pointing directly at the camera with a serious expression.,"man, suit, top hat, pointing, camera, serious expression, formal, hat, finger gesture"
07345_mask.png,A black and white photograph featuring a man wearing a uniform.,"black and white, photograph, man, uniform, male, portrait"
07351_mask.png,"A stack of playing cards, primarily featuring green cards, is placed on a green table.","playing cards, green cards, stack, table, uno, card game"
07354_mask.png,"A person is lying on the floor near a prayer rug, suggesting a quiet and reflective environment.","person, lying, floor, prayer rug, reflection, quiet, interior, Islamic, prayer"
07356_mask.png,A person is preparing a sandwich by placing a slice of bread onto other sandwich ingredients on a flat surface.,"sandwich, bread, person, preparing, food, ingredient, flat surface"
07382_mask.png,"An old postcard featuring a painting of a man positioned in front of a house, with a rustic and historical aesthetic.","postcard, painting, man, house, historical, rustic, front"
07385_mask.png,"A black and white photograph shows a man dressed in a formal suit, with no other visible objects or people in the image.","black and white, man, suit, formal, photograph"
07389_mask.png,A small dog with a pink bow on its head is present in the image.,"dog, small, pink bow, pet, animal"
07391_mask.png,A person is present in a crowd and is holding a visible sign.,"person, crowd, sign, holding, visible, public, gathering"
07392_mask.png,A woman is holding a small child while standing outdoors in an open field.,"woman, child, holding, outdoors, field, open space, mother, parent"
07396_mask.png,"A black and white photograph shows a man lying on the ground, suggesting a moment of exhaustion or contemplation.","black and white, photograph, man, lying, ground, exhaustion, contemplation"
07412_mask.png,A woman wearing a white dress is riding a bicycle outdoors.,"woman, white dress, bicycle, riding, outdoors"
07413_mask.png,"A Muppet character is seated at a desk, facing a computer monitor, appearing to be engaged or waiting in front of the screen.","Muppet, desk, computer, sitting, monitor, character"
07419_mask.png,"Several individuals wearing camouflage uniforms are gathered together close to a fire, appearing to be in an outdoor or rural setting.","camouflage, uniforms, group, fire, outdoor, gathering, people"
07429_mask.png,"A woman is lying on a bed beside a teddy bear, with a neutral or serious expression.","woman, bed, teddy bear, lying, serious expression"
07431_mask.png,"A woman is holding a dog while moving through a street that is heavily flooded with water, indicating a rescue or evacuation situation.","woman, dog, flood, rescue, evacuation, water, street"
07436_mask.png,A black and white photo shows a person riding a horse.,"black and white, photo, person, horse, riding, equestrian, outdoors"
07438_mask.png,"Several women are standing together in a group, positioned closely to each other.","women, group, together, standing, close"
07451_mask.png,A black and white photograph showing several men wearing full Ku Klux Klan regalia.,"black and white, photograph, men, Ku Klux Klan, costume, regalia, group, historical"
07452_mask.png,"A large formation of airplanes is flying together in a clear sky, suggesting an organized aerial maneuver or display.","planes, sky, formation, aerial, group, airplanes, flight, display"
07456_mask.png,"The image contains two pictures showing a man and a woman together inside a room, illustrating a tense and possibly confrontational atmosphere.","man, woman, room, confrontation, tense, domestic, interior, duo, pictures"
07458_mask.png,"A person with an androgynous appearance, wearing a suit and glasses, is sitting at a table with a serious and unamused expression.","androgynous, suit, glasses, serious, unamused, table, person"
07463_mask.png,Several men are gathered together in front of a sheep.,"men, group, sheep, gathered, front"
07465_mask.png,A man wearing a black polo shirt and black pants is present in the image.,"man, black polo shirt, black pants, male, clothing"
07469_mask.png,"A police officer is aiming a handgun directly toward the viewer, with a focused expression, indicating a situation involving law enforcement intervention.","police officer, handgun, aiming, law enforcement, firearm, focused expression"
07481_mask.png,A goat and a man are walking together across a lush green field.,"goat, man, walking, green field, outdoors"
07486_mask.png,"A bride and groom are sharing a kiss in front of a mirror, dressed in traditional wedding attire, with the reflection clearly visible behind them.","bride, groom, kiss, mirror, wedding attire, reflection"
07496_mask.png,"A man and a woman are together holding a baby, with all of them appearing calm and close to each other.","man, woman, baby, together, holding, calm, family, group"
07516_mask.png,A person is holding a calculator in their hand.,"person, calculator, hand, holding, electronic device"
07521_mask.png,A man wearing a mask is holding a baseball bat in his hand.,"man, mask, baseball bat, holding, person"
07523_mask.png,"A man is sitting on top of an inflatable object in the ocean, with visible water surrounding him, and the beach is nearby.","man, inflatable, ocean, water, beach"
07528_mask.png,"A woman is seated in the driver's seat of a green truck, which features a built-in dishwasher.","woman, truck, green, driver's seat, dishwasher, interior, vehicle, modern"
07539_mask.png,A man wearing a hat is holding a beer bottle.,"man, hat, beer bottle, holding, male, drink"
07561_mask.png,A man wearing a hoodie is positioned in front of a dark or black backdrop.,"man, hoodie, dark background, male, portrait"
07562_mask.png,A brown and white cow is in the foreground and looking directly at the camera.,"cow, brown, white, animal, foreground, looking, camera"
07582_mask.png,"A stylized face featuring vibrant green, blue, and pink colors, with exaggerated facial features and a wide, expressive smile.","stylized face, vibrant colors, green, blue, pink, big smile, exaggerated features, expressive"
07591_mask.png,"A woman with her arms crossed in front of her face, appearing to conceal or protect herself, with no visible background details.","woman, arms crossed, face covered, concealment, protection"
07592_mask.png,"A woman is seated at a table using a laptop computer, with her attention focused on the screen.","woman, table, laptop, computer, seated, indoors, technology, working"
07594_mask.png,A man wearing a black jacket is holding a microphone in his hand.,"man, black jacket, microphone, person, male"
07596_mask.png,"A monkey is wearing headphones, set against a black background.","monkey, headphones, black background, animal, portrait"
07612_mask.png,"Request failed: HTTPSConnectionPool(host='api.zhizengzeng.com', port=443): Max retries exceeded with url: /v1/chat/completions (Caused by SSLError(SSLEOFError(8, '[SSL: UNEXPECTED_EOF_WHILE_READING] EOF occurred in violation of protocol (_ssl.c:1016)')))",
07615_mask.png,An orangutan is holding a baby in its mouth.,"orangutan, baby, animal, mouth, holding"
07618_mask.png,"Three men are present, with one bearded man in the foreground and two men in the background, appearing to participate in a protest.","bearded man, three men, protest, foreground, background, participants"
07623_mask.png,"A man dressed in a suit and tie is speaking into several microphones, likely addressing an audience or the media.","man, suit, tie, microphones, speaking, media, audience"
07628_mask.png,A bearded man wearing a white shirt is pictured against a plain background.,"man, beard, white shirt, plain background, portrait"
07632_mask.png,A woman wearing a blue shirt has her mouth wide open and appears to be expressing surprise or shock.,"woman, blue shirt, open mouth, surprise, shock"
07634_mask.png,Several monkeys are gathered closely together in a group.,"monkeys, animals, group, gathered, wildlife"
07645_mask.png,"A woman wearing a red jacket and glasses is speaking into a microphone in what appears to be a formal indoor setting, such as a legislative chamber.","woman, red jacket, glasses, microphone, speaking, indoor, formal setting, legislative chamber"
07649_mask.png,The image shows several different types of vacuum cleaners displayed side by side for comparison.,"vacuum cleaners, comparison, appliances, variety, display"
07651_mask.png,"A black and white photo shows a man and a woman together on a table, with both individuals in close proximity, creating an intense and possibly confrontational atmosphere.","black and white, man, woman, table, close proximity, intense, confrontational, photo"
07652_mask.png,"A woman with long, curly hair is surrounded by or interacting with pink petals.","woman, long hair, curly hair, pink petals, surrounded, interacting"
07653_mask.png,"A man is holding a rainbow flag in his hands, with the flag's colors clearly visible.","man, rainbow flag, holding, colors, hands"
07658_mask.png,"A woman with red hair is dressed in a green costume with yellow accents, resembling a superhero character from the X-Men series.","woman, red hair, green costume, yellow accents, superhero, X-Men, character, cosplay"
07659_mask.png,"A book is placed on top of a wooden table, photographed in a well-lit setting.","book, wooden table, tabletop, indoor, well-lit, object, photograph"
07685_mask.png,A man dressed in a white suit is visible against a plain background.,"man, white suit, plain background, fashion, clothing"
07689_mask.png,"A slightly dirty red car is parked along a roadside, with no people visibly present in the image.","red car, dirty, roadside, parked, vehicle"
07692_mask.png,"A man assists a young boy with a bicycle on a street, as they appear to be concerned or in a hurry.","man, boy, bicycle, assistance, street, concerned, hurrying"
07693_mask.png,"A man is kneeling on the ground, gently petting a goat in an outdoor setting.","man, kneeling, petting, goat, outdoor, animal, gentle interaction"
07694_mask.png,"A man wearing a blue shirt is shown with a medal around his neck, standing in front of a table holding various fruits and vegetables.","man, blue shirt, medal, fruit, vegetable, table, neck"
07698_mask.png,A sloth bear is climbing up a tree branch in a natural outdoor setting.,"sloth bear, tree branch, climbing, outdoor, nature"
07824_mask.png,"A woman is sitting on a camel in a sandy desert environment, with clear skies above.","woman, camel, desert, sand, sky"
07825_mask.png,"Several people wearing camouflage uniforms are gathered around a small fire outdoors, appearing to manage or tend to it together.","camouflage, uniforms, fire, group, outdoors, people, gathered, teamwork"
07826_mask.png,A man dressed in a formal business suit is holding a stack of money in his hands.,"man, business suit, money, holding, formal, stack, business, person"
07834_mask.png,"A woman is seen in front of an American flag, with no visible signs of a law enforcement presence or search activity.","woman, American flag, indoors, no law enforcement, neutral expression"
07836_mask.png,A large group of people are closely gathered together in a crowded setting.,"crowd, group, people, gathered, many, community, public, together"
07839_mask.png,"A woman is speaking in front of a microphone, appearing composed and serious.","woman, microphone, speaking, composed, serious, speech, public, address"
07849_mask.png,A young woman with visible bruises on her face looks directly at the camera with a serious expression.,"woman, bruises, face, serious expression, young, camera, injury"
07851_mask.png,"Two men stand together outside a building, both dressed neatly as if prepared for a formal or special occasion, appearing well-groomed and ready to have their photo taken.","two men, building, outside, well-groomed, formal, photo day, neatly dressed"
07852_mask.png,A young boy wearing a red shirt is facing the camera with a neutral expression.,"boy, red shirt, young, camera, neutral expression"
07853_mask.png,"A dog is on a rock with a rainbow seen in the sky behind, creating a vivid and colorful scene.","dog, rock, rainbow, sky, outdoors, colorful, vivid"
07865_mask.png,"A man and a woman are sitting together on a bed, appearing to interact in a domestic setting.","man, woman, bed, sitting, domestic, interaction, together"
